locus_tag,gene_name,logFC,Pvalue,q.value
P_00001,,-0.35249195,0.290543671,0.380486951
P_00010,,-0.23575109,0.482981853,0.573759647
P_00102,yjjV,-0.382778098,0.00426109,0.008931482
P_01009,,-0.170070495,0.395745167,0.489162505
P_01010,,-0.314477092,0.02366593,0.043089713
P_01011,,-0.34407357,0.003304437,0.007078822
P_01012,davT_1,-0.124249552,0.500313958,0.590681302
P_01013,,-2.597758051,1.5888E-23,1.48504E-22
P_01014,mdtG_1,-2.614979775,2.26805E-93,1.07573E-91
P_01015,,-1.411143242,9.69041E-40,1.5935E-38
P_01016,pat,-1.951725091,6.6049E-134,4.7982E-132
P_01017,,0.149423687,0.088702012,0.138294172
P_01018,,-0.459740804,0.00284445,0.006180845
P_00103,cra,0.666364937,4.18229E-19,3.25674E-18
P_01019,queC_2,-0.250914284,0.011395168,0.022175948
P_01020,cyoE,-1.013839592,1.39187E-32,1.8321E-31
P_01021,cyoD_1,-1.345627489,2.64965E-07,9.46256E-07
P_01022,cyoC_1,-1.567010375,1.95599E-22,1.74038E-21
P_01023,cyoB_1,-1.70167658,3.23061E-74,1.15158E-72
P_01024,cyoA_1,-1.851032585,1.29221E-52,2.95458E-51
P_01025,dsbB_1,0.531748333,2.31275E-13,1.30639E-12
P_01026,hmp,-0.032028255,0.895028058,0.918063632
P_01027,norR2,-0.179191206,0.287687836,0.377294445
P_01028,,1.707998282,6.21945E-62,1.77579E-60
P_00104,,-0.820724746,1.03638E-11,5.18551E-11
P_01029,rhaS_2,1.06461275,1.52683E-31,1.93006E-30
P_01030,malT_2,0.374315471,0.00223449,0.004909547
P_01031,acoR_1,-0.841142965,4.19585E-22,3.68759E-21
P_01032,btuB_2,-0.244805389,0.021851152,0.040116366
P_01033,,0.047460241,0.819456721,0.858564747
P_01034,,-0.812335707,5.92324E-07,2.0478E-06
P_01035,,-0.136032373,0.109073058,0.165207252
P_01036,,-0.051694866,0.881455185,0.906896972
P_01037,,-0.098679825,0.50851394,0.598392763
P_01038,,0.181340521,0.645026593,0.720336178
P_00105,lacC,-0.558094759,0.002049811,0.004540279
P_01039,,-0.409854178,0.306926953,0.397513907
P_01040,,-0.419217683,0.146320137,0.212751777
P_01041,,-0.537890046,0.001698867,0.003814475
P_01042,,-0.074652784,0.509122688,0.598863519
P_01043,,0.00355832,0.969080285,0.977597426
P_01044,,-0.083790057,0.427036557,0.519449513
P_01045,,-0.193306978,0.444139032,0.535866682
P_01046,,0.015419778,0.900339872,0.922852389
P_01047,,-0.102628167,0.424044331,0.516466556
P_01048,,0.164452096,0.537998665,0.626155818
P_00106,fruA,-0.631292203,1.57893E-06,5.24086E-06
P_01049,,0.122379961,0.164767824,0.235928778
P_01050,,0.459545251,2.32804E-08,9.08888E-08
P_01051,,-0.304781684,0.168373537,0.240372072
P_01052,,-0.100923248,0.297825609,0.388370627
P_01053,,0.554878342,2.8331E-06,9.10367E-06
P_01054,,0.143149794,0.267808545,0.356271033
P_01055,,0.170775945,0.135847997,0.199598478
P_01056,,0.287146323,0.000376317,0.000941038
P_01057,,-1.121908335,2.00302E-09,8.57219E-09
P_01058,,-1.195384095,0.183283758,0.258761497
P_00107,phoD_1,0.00030057,0.998852463,0.99927537
P_01059,,-0.264150295,0.001976473,0.004389699
P_01060,,0.049163349,0.697420861,0.763199536
P_01061,,0.521136317,1.55502E-05,4.62876E-05
P_01062,,-0.117899261,0.77598429,0.827303333
P_01063,,0.526144419,3.48108E-05,9.95909E-05
P_01064,,0.486826149,0.130092092,0.19197699
P_01065,,-0.518743309,0.003607623,0.007682467
P_01066,,0.754648173,6.64218E-17,4.6038E-16
P_01067,,0.706143192,7.74431E-14,4.49389E-13
P_01068,gpmA_1,-0.032887367,0.697489146,0.763199536
P_00108,,0.06301505,0.496473801,0.587472639
P_01069,,-0.015304933,0.91197596,0.931618019
P_01070,,-0.261825117,0.093158215,0.144412728
P_01071,,-0.353710942,0.004831392,0.010031607
P_01072,hxpA,0.293100524,0.018978139,0.035304874
P_01073,,-0.27992879,0.288297237,0.377920933
P_01074,fdhA_2,-0.006582067,0.929044963,0.944850087
P_01075,hcaB_1,-0.200339985,0.150372945,0.217926851
P_01076,,0.169896195,0.0253602,0.045724846
P_01077,,-0.036971897,0.82167484,0.860416681
P_01078,,0.946559966,4.14073E-31,5.13253E-30
P_00109,bfrD,0.113799982,0.451361814,0.542371326
P_01079,,0.226737234,0.143943225,0.20993397
P_01080,,-0.02796163,0.756683499,0.812917746
P_01081,gfo,0.048417441,0.533228299,0.621612271
P_01082,lig_1,-0.205875781,0.006366102,0.012937343
P_01083,,-0.532485845,0.00040532,0.001007856
P_01084,ibpA,0.159571891,0.059584577,0.097897478
P_01085,,0.096240116,0.639222804,0.715246573
P_01086,,0.998174142,3.91545E-31,4.8638E-30
P_01087,,0.504331955,0.002311509,0.005071005
P_01088,,0.067443573,0.5804221,0.663951053
P_00110,,-0.658591036,5.73509E-06,1.79464E-05
P_01089,,0.258159203,0.024836969,0.044936748
P_01090,,0.034950491,0.853379017,0.884192486
P_01091,,0.489291906,1.81673E-05,5.36604E-05
P_01092,,-0.682175693,0.176377318,0.250118465
P_01093,,-0.08164554,0.540864639,0.628853761
P_01094,,0.309854026,0.023551057,0.042907784
P_01095,umuD_1,0.078634693,0.774556163,0.826769273
P_01096,umuC_1,0.096065912,0.593182746,0.674717034
P_01097,,-0.093617099,0.450730686,0.541726368
P_01098,,-0.143288774,0.249299709,0.335007093
P_00111,,-0.733212133,2.66786E-09,1.12746E-08
P_01099,,-0.28440119,0.00795534,0.015935672
P_01100,,-0.035627472,0.766631933,0.821124974
P_01101,recF_1,0.238110242,0.00119519,0.002769155
P_01102,,-1.823313313,2.20354E-20,1.8021E-19
P_01103,,-0.504437021,0.430473987,0.52314792
P_01104,,-1.315826971,0.000521624,0.001277677
P_01105,,-0.28842036,0.023685112,0.043097291
P_01106,,-0.485695428,0.063258639,0.103189861
P_01107,,0.11808981,0.699184275,0.764308295
P_01108,,0.001616492,0.99412873,0.996006333
P_00011,,-0.149950291,0.170873252,0.243456205
P_00112,ldc,0.605999434,2.2508E-17,1.59277E-16
P_01109,,0.572038554,0.001486237,0.003376688
P_01110,,0.199915714,0.306159072,0.396624586
P_01111,,-0.404408366,0.005506005,0.011317681
P_01112,,-0.760637717,0.000160728,0.000421773
P_01113,xerC_3,0.026452469,0.97101926,0.978521428
P_01115,yccA,0.781799126,5.54102E-30,6.6527E-29
P_01116,murB,-0.598361985,5.52268E-06,1.731E-05
P_01117,yfkJ,-0.880357353,8.12256E-09,3.29204E-08
P_01118,kdsB,-0.303501819,0.004049358,0.008531301
P_01119,,0.493919167,0.045536699,0.077295213
P_00113,osmV,-0.426592637,0.093205218,0.144412728
P_01120,lpxK,-0.683461847,6.34928E-11,3.01238E-10
P_01121,,-0.536345007,0.000237133,0.000609824
P_01122,tolQ_2,-0.293452145,0.001608825,0.003622224
P_01123,comEC,0.139380769,0.29117154,0.381079468
P_01124,,-0.256426027,0.04019671,0.069172089
P_01125,pfeS,-0.995849577,1.26276E-15,8.12441E-15
P_01126,ompR_2,-1.878318402,1.45584E-95,7.08055E-94
P_01127,barA,-0.00431408,0.952212083,0.964139934
P_01128,ldhA,-0.351542547,0.000695542,0.001665297
P_01129,,-0.370821137,0.014391131,0.027457015
P_00114,osmW,0.62134813,5.7371E-05,0.000159909
P_01130,,-0.241509551,0.096840419,0.149279389
P_01131,resA_1,0.481084387,8.73738E-09,3.51714E-08
P_01132,yfgD,0.30413789,0.006281153,0.012769231
P_01133,,0.352648623,0.000104022,0.000279356
P_01134,,-0.052773353,0.744360475,0.80478637
P_01135,,0.139378422,0.912275936,0.931758605
P_01136,cmpR_1,-0.348829711,0.130992343,0.193106874
P_01137,cfiB,-0.562793753,1.55324E-13,8.86086E-13
P_01138,cfiA,-0.665857452,1.36059E-15,8.70502E-15
P_01139,,0.069965161,0.601973891,0.682213302
P_00115,osmX,-0.495653335,0.086263449,0.13489535
P_01140,,0.131696507,0.205713775,0.285511816
P_01141,,0.510678973,1.36226E-07,4.95753E-07
P_01142,,-1.75109719,3.01283E-05,8.68441E-05
P_01143,artQ_3,-0.869783448,4.78101E-05,0.000134567
P_01144,fliY_2,-1.94832367,2.36023E-38,3.7315E-37
P_01145,mmuM,0.17592562,0.290586218,0.380486951
P_01146,,0.653024893,5.33289E-08,2.02283E-07
P_01147,phnO,0.433577143,0.024404467,0.044237913
P_01148,paiB,0.430550384,0.018933997,0.035234179
P_01149,gabR_1,0.29003727,0.023680303,0.043097291
P_00116,osmY_1,-1.041984619,1.2148E-07,4.45514E-07
P_01150,,0.280369876,0.003775394,0.008009976
P_01151,spuD_1,0.496080143,0.017126629,0.032215576
P_01152,aphA_1,0.988012676,5.41626E-07,1.87591E-06
P_01153,,-0.494501783,0.048720429,0.082025285
P_01154,,0.298473038,0.002188961,0.004822436
P_01155,ansA,0.625075314,1.53878E-09,6.63988E-09
P_01156,alsT,0.175847301,0.205887858,0.285610137
P_01157,aspA,0.329938182,0.06409889,0.104358448
P_01158,yjiE,0.413231344,6.42494E-06,1.99961E-05
P_01159,purE,-0.514637681,1.01586E-05,3.09568E-05
P_00117,prfC,-0.217180736,0.022472822,0.041073733
P_01160,purK,-0.176087775,0.103736614,0.158378405
P_01161,,0.657174582,1.15725E-18,8.73876E-18
P_01162,,-0.573348092,1.19594E-07,4.39968E-07
P_01163,yeaD_1,-0.528698001,1.49679E-10,6.9052E-10
P_01164,,-0.278134083,0.001355359,0.0031151
P_01165,proP_2,-0.256301043,0.02027306,0.037482956
P_01166,pstS_1,0.133178835,0.203114927,0.282314499
P_01167,,-0.615851817,1.95374E-05,5.75296E-05
P_01168,,-0.258917141,0.0355121,0.06183372
P_01169,pstB,-0.299129757,0.039759179,0.06856308
P_00118,,0.760811115,5.69531E-27,6.05285E-26
P_01170,phoU,-0.075338384,0.615418588,0.694023831
P_01171,cheB_1,-0.214377568,0.050491397,0.084572627
P_01172,,-2.086487147,1.20149E-49,2.5074E-48
P_01173,phoR,0.17799455,0.033854423,0.059234919
P_01174,phoB,0.592761815,1.53069E-10,7.05026E-10
P_01175,,0.647636363,1.79892E-21,1.5386E-20
P_01176,ubiA,-0.255179046,0.065045588,0.105510637
P_01177,ubiC,-0.947336778,5.01246E-06,1.58058E-05
P_01178,rubA1,-0.063050434,0.774907113,0.826769273
P_01179,alkT,-0.076817682,0.393795204,0.48729868
P_00119,pfeA_1,-0.445580015,0.000921839,0.002165548
P_01180,hupB_2,0.173395583,0.059286657,0.097520279
P_01181,,-2.475770457,3.55024E-08,1.36378E-07
P_01182,,-2.834925934,4.5125E-21,3.80842E-20
P_01183,rhsA,-1.131217879,5.07909E-43,9.19524E-42
P_01184,,-2.634655655,1.53241E-21,1.31457E-20
P_01185,vgrG1_1,-2.808973737,4.973E-138,3.7065E-136
P_01186,clpV1,-2.282238662,2.3424E-121,1.5815E-119
P_01187,,-2.610945322,1.46186E-84,6.12382E-83
P_01188,,-2.487571284,4.8065E-107,2.6781E-105
P_01189,,-2.116554463,3.67148E-29,4.26531E-28
P_00120,ddpF,0.03688644,0.744551108,0.80478637
P_01190,hcp1,-1.635803613,1.04699E-73,3.66383E-72
P_01191,,-1.438693138,2.23472E-86,9.57095E-85
P_01192,,-1.619836219,9.01343E-82,3.64282E-80
P_01193,,-0.791280915,1.78212E-28,2.02527E-27
P_01194,,-0.54212601,2.89388E-14,1.72282E-13
P_01195,,-1.204761832,1.15137E-14,7.04445E-14
P_01196,,-1.522436161,7.96023E-58,2.0125E-56
P_01197,,-1.728030603,1.2624E-64,3.81312E-63
P_01198,,-1.550853583,3.27441E-76,1.22025E-74
P_01199,,-1.801265977,2.37652E-42,4.27551E-41
P_00121,dppD,0.035647174,0.750281824,0.80846177
P_01200,prpC_1,-2.159538438,1.14601E-60,3.13188E-59
P_01201,pknD_1,-1.63642067,3.73124E-87,1.62224E-85
P_01202,yknY_1,-1.856271084,3.3475E-26,3.47401E-25
P_01203,,0.49870446,2.37909E-10,1.08363E-09
P_01204,,-0.139003145,0.089521598,0.13938265
P_01205,,-1.030649897,2.68701E-38,4.20184E-37
P_01206,,0.202402161,0.152010575,0.219911443
P_01207,,0.834592192,9.73044E-40,1.59551E-38
P_01208,recG,-0.369735312,5.63337E-05,0.000157247
P_01209,oxyR_1,-0.095832027,0.3563739,0.449402288
P_00012,,0.050257415,0.696255585,0.763141865
P_00122,dppC,-0.223829466,0.073731791,0.117638796
P_01210,,-1.846800914,9.07071E-94,4.33807E-92
P_01211,exbD_2,-1.708587658,2.68682E-82,1.10933E-80
P_01212,,-1.620036896,8.16884E-74,2.87613E-72
P_01213,,0.199256825,0.004450571,0.009301467
P_01214,tauD_2,-0.278722146,0.317387064,0.408496156
P_01215,nodD2_1,-0.199801898,0.143283339,0.209184198
P_01216,emrY,0.380536271,0.051777708,0.086381473
P_01217,emrA_1,0.349691811,0.001716241,0.003848966
P_01218,srpC_1,0.182277446,0.429570525,0.522310433
P_01219,fecI_2,-1.677420389,2.18897E-32,2.85511E-31
P_00123,dppB,0.057905447,0.622382978,0.700363904
P_01220,fecR_2,-0.768723953,2.0659E-10,9.46225E-10
P_01221,fhuA_2,0.077334714,0.501415761,0.591738649
P_01222,,0.11566956,0.295161536,0.385685804
P_01223,,0.749561359,8.15321E-14,4.72162E-13
P_01224,,-0.07599117,0.584012364,0.666788776
P_01225,,0.719758598,6.14366E-28,6.85962E-27
P_01226,,-0.027094204,0.741600528,0.803330583
P_01227,,0.319670915,0.01472401,0.028036196
P_01228,,0.273126125,0.008286932,0.016542157
P_01229,slyA_2,-0.061363801,0.58755894,0.669845204
P_00124,dppA_1,0.156409629,0.093194281,0.144412728
P_01230,aaeB_2,-0.308266643,0.013582442,0.026061395
P_01231,aaeX_1,-1.049959536,0.091698436,0.142424174
P_01232,aaeA_1,-0.32597166,0.02386275,0.043351795
P_01233,oprM_2,-0.615371702,3.91411E-05,0.000111314
P_01234,,1.545970021,8.0662E-114,4.8221E-112
P_01235,ydgA,0.115965409,0.08341889,0.130946666
P_01236,pgaA,-0.035937403,0.597735076,0.678720743
P_01237,pgaB,-0.071858001,0.32397892,0.415396564
P_01238,pgaC,-0.081362811,0.313753978,0.404909844
P_01239,pgaD,-0.189357291,0.127110263,0.188302994
P_00125,oprD_1,-1.494573104,6.62257E-34,9.18041E-33
P_01240,,-0.40279553,0.000228938,0.000590505
P_01241,,-0.327885496,1.04841E-05,3.19024E-05
P_01242,,-0.201081929,0.446135292,0.537554155
P_01243,,-2.565822941,0.015562115,0.029514534
P_01244,,-0.655808083,0.548505723,0.635677372
P_01245,,-0.234340537,0.283882282,0.373412884
P_01246,,0.471175645,2.02218E-06,6.61647E-06
P_01247,,0.202909316,0.046511252,0.078716625
P_01248,,-2.136573434,1.9433E-44,3.59762E-43
P_01249,,-1.832439928,2.57771E-09,1.09177E-08
P_00126,dppA_2,-1.189851273,1.41661E-35,2.04784E-34
P_01250,,-0.657037909,5.08787E-06,1.6026E-05
P_01251,,0.159324948,0.161977189,0.232338688
P_01252,rpoE_1,0.304777463,0.065545047,0.106200741
P_01253,,-0.050654369,0.780726065,0.830460847
P_01254,rhtC_2,0.22097074,0.27475967,0.363747577
P_01255,fcl,0.210961846,0.250340405,0.336228314
P_01256,argP_2,0.383052823,0.007241976,0.014598419
P_01257,,0.285726225,0.007910216,0.015850814
P_01258,,-0.031004618,0.822279929,0.860666488
P_01259,,-1.11679353,1.85329E-25,1.8562E-24
P_00127,dppA_3,-1.348944666,1.72751E-54,4.0632E-53
P_01260,,0.681285243,7.84152E-24,7.38957E-23
P_01261,,-0.113422176,0.337972334,0.430461789
P_01262,,0.166579321,0.013059701,0.025100343
P_01263,,-0.059518084,0.501030188,0.591405234
P_01264,,0.390074216,0.000363839,0.000911822
P_01265,,0.780191556,1.1288E-18,8.53512E-18
P_01266,,0.096323161,0.714598954,0.778785302
P_01267,,0.197933337,0.175427462,0.248894489
P_01268,,0.10358737,0.696821682,0.763199536
P_01269,,0.284803103,0.40278852,0.496478375
P_00128,dppA_4,-0.195611347,0.030837112,0.054621661
P_01270,,0.942152503,0.071967265,0.115207848
P_01271,,0.165540191,0.139822484,0.204704396
P_01272,traC_3,0.452928467,0.168155454,0.240120465
P_01273,,0.905191923,0.583064054,0.66617651
P_01274,,-0.009450747,0.995161235,0.996550398
P_01275,,0.360345348,0.094488623,0.146164477
P_01276,,0.108201596,0.694557698,0.761862888
P_01277,,0.185296318,0.674012555,0.744735859
P_01278,,0.248849822,0.30946566,0.400456239
P_01279,,-0.223179768,0.541840799,0.629478612
P_00129,,0.094495054,0.445799361,0.537375033
P_01280,,-0.107558926,0.459503446,0.549852018
P_01281,intS_1,0.404938137,3.2749E-07,1.15588E-06
P_01283,,-0.527316291,0.028430003,0.050623577
P_01284,,-0.47716895,0.081357249,0.128095817
P_01285,,0.380391471,0.106722478,0.162375478
P_01286,,0.19386761,0.070254105,0.112811501
P_01287,,-0.645744382,2.21485E-05,6.47202E-05
P_01288,,-0.55547719,0.000470655,0.001160263
P_01289,,-0.329322883,0.002890154,0.006270924
P_01290,,-0.348671117,0.000355736,0.000893465
P_00130,,-0.228595499,0.026720427,0.047876532
P_01291,davD,0.898979441,4.19114E-42,7.40091E-41
P_01292,davT_2,0.729225259,3.00325E-22,2.65572E-21
P_01293,rssB_3,-0.724163393,9.55412E-19,7.24321E-18
P_01294,,-0.120060571,0.365053095,0.458332906
P_01295,,0.153351872,0.038494433,0.066602216
P_01296,,-0.119085269,0.147476058,0.214161209
P_01297,,-0.475704735,0.128127817,0.189614632
P_01298,sbp_1,0.537133385,3.49022E-13,1.9353E-12
P_01299,cysT,-0.223179153,0.133312341,0.196174237
P_01300,cysW_1,-0.132359985,0.337809219,0.430461789
P_00131,regB,-0.887235693,3.09726E-13,1.73079E-12
P_01301,cysA_1,0.345419941,0.000267578,0.000684633
P_01302,maeB,-0.251671766,0.001775517,0.003975689
P_01303,,-0.375042538,0.001138022,0.002644173
P_01304,rpmE,0.376506847,9.87183E-07,3.34639E-06
P_01305,priA,-0.183014871,0.056652259,0.093723642
P_01306,argS,-0.423913344,2.11011E-05,6.17852E-05
P_01307,ftsN,-0.711776753,2.88456E-09,1.21367E-08
P_01308,hslV,-0.766749414,2.73484E-10,1.23877E-09
P_01309,hslU,-0.478377144,2.29861E-06,7.4656E-06
P_01310,,0.000656746,0.996950085,0.997819417
P_00013,,0.071953949,0.831413816,0.867069578
P_00132,regA,0.287076608,0.001088426,0.002534068
P_01311,phaC_1,0.243178627,0.000513898,0.001260906
P_01312,catD_1,-0.120643163,0.29295686,0.383153924
P_01313,phaC_2,-0.572079011,3.81511E-10,1.70256E-09
P_01314,,-1.193141656,2.16681E-10,9.90863E-10
P_01315,,0.314089718,3.6678E-05,0.000104672
P_01316,,0.301751591,0.009838294,0.019382756
P_01317,,0.439598855,0.000375628,0.000939724
P_01318,ubiE_1,0.195127575,0.012419546,0.024022844
P_01319,,-0.360283677,0.005190856,0.010723657
P_01320,ubiB,-1.47758759,1.26912E-44,2.37248E-43
P_00133,bacA,-0.075231732,0.500113866,0.590602567
P_01321,hisI,0.190808944,0.014860532,0.028274943
P_01322,hisE,0.39544292,1.91246E-05,5.6372E-05
P_01323,tatA,0.365667392,2.51289E-05,7.28357E-05
P_01324,tatB,0.406939006,0.000469522,0.001158464
P_01325,tatC,-0.625360954,1.88407E-08,7.40595E-08
P_01326,,-0.423498047,0.00137865,0.003157251
P_01327,mcpQ_1,0.075397829,0.350036606,0.442772776
P_01328,mcpQ_2,-0.196975497,0.404109698,0.497799497
P_01329,glnQ_2,-0.641812394,0.027438957,0.048995699
P_01330,,-0.550475102,0.063761883,0.103868704
P_00134,,0.259072412,0.010535805,0.020643559
P_01331,fliY_3,-0.846422956,3.46385E-05,9.91474E-05
P_01332,pheC_1,0.267543682,0.269694619,0.358033175
P_01333,opgH,-1.114565652,9.84383E-52,2.17284E-50
P_01334,mdoG,-0.699620627,2.25941E-24,2.18295E-23
P_01335,dtd,-0.244611918,0.006433066,0.013059441
P_01336,pip_2,0.14660881,0.070725885,0.113505551
P_01337,,0.688804458,1.11778E-15,7.20782E-15
P_01338,hutI,0.396246653,6.22594E-06,1.94189E-05
P_01339,proY_1,0.437859684,3.56302E-06,1.13664E-05
P_01340,hutH_1,0.043802737,0.680531844,0.750927178
P_00135,,-0.634446129,0.000101053,0.000272018
P_01341,hutH_2,0.245320532,0.0170436,0.032101484
P_01342,opuAA,0.438918721,8.0808E-06,2.49064E-05
P_01343,opuAB_1,0.427017056,9.1276E-07,3.10328E-06
P_01344,,0.347573306,0.023994,0.043562659
P_01345,,0.081839353,0.609737547,0.688971015
P_01346,hutU_1,0.187677431,0.189802512,0.266718075
P_01347,ves,-0.306489005,0.00518158,0.010712208
P_01348,yvoA_1,-0.420409525,0.000138932,0.000367603
P_01349,,0.832614482,5.11165E-25,5.04919E-24
P_01350,blc,0.882026008,5.0777E-30,6.1092E-29
P_00136,,-0.573885362,1.4051E-09,6.07219E-09
P_01351,,0.579001866,1.29581E-12,6.94364E-12
P_01352,fbp_1,-0.55299024,5.70865E-15,3.53419E-14
P_01353,malP,-0.256513783,8.71462E-05,0.000236473
P_01354,,-0.065933246,0.833142998,0.868420876
P_01355,typA,-0.097544275,0.185954795,0.262081181
P_01356,,-0.820379454,0.076185886,0.120882168
P_01357,thiI,0.245888158,0.00066042,0.001590495
P_01358,glnA,-0.931723873,4.22244E-25,4.18525E-24
P_01359,,0.177724599,0.295589323,0.386068985
P_01360,glnL,-0.120399246,0.348609979,0.441454693
P_00138,cdhR_1,-0.837549867,1.20763E-10,5.62091E-10
P_01361,glnG,-0.085452352,0.404120554,0.497799497
P_01362,,-0.011674161,0.930783621,0.946115339
P_01363,trmL_1,-0.010190531,0.935759704,0.95049999
P_01364,secB,-2.125547801,5.98153E-73,2.08048E-71
P_01365,grxC,-1.328441673,1.57895E-13,8.99861E-13
P_01366,yibN,-0.60192432,1.36232E-06,4.54028E-06
P_01367,gpmI,0.245385578,0.000282703,0.000720761
P_01368,envC,-0.743931475,4.04222E-17,2.82218E-16
P_01369,,-0.279763,0.000334259,0.000843214
P_01370,,-0.650337577,5.92407E-08,2.2382E-07
P_00139,mmgC_1,0.487374477,8.7941E-05,0.000238513
P_01371,,-0.29727487,0.006906858,0.013957204
P_01372,hisF,-0.599387611,9.70762E-08,3.60596E-07
P_01373,hisA,-0.56368814,8.49166E-07,2.89736E-06
P_01374,,-0.988108828,1.7353E-06,5.7202E-06
P_01375,hisH,-0.675092957,7.65695E-14,4.44769E-13
P_01376,hisB,-0.046998044,0.532255543,0.620856618
P_01377,,-0.943667819,1.98917E-16,1.33052E-15
P_01378,,0.366600114,7.36832E-08,2.76927E-07
P_01379,mutY,0.184161617,0.017504018,0.032871583
P_01380,,-0.327462459,0.033682693,0.058988396
P_00140,tas,-0.018423116,0.82254089,0.860666488
P_01382,,0.300341378,0.004259547,0.008931482
P_01383,ydiF,-0.113912818,0.404423493,0.498065757
P_01384,,0.054495925,0.81516614,0.855390486
P_01385,,0.187480619,0.296708798,0.38717867
P_01386,dmlR_3,-0.31814749,0.004169584,0.008757889
P_01387,,-0.951311488,3.23853E-08,1.24989E-07
P_01388,,-0.372409022,0.0191703,0.035639245
P_01389,,-0.002242478,0.984396892,0.989050029
P_01390,,0.703420356,8.63901E-12,4.36437E-11
P_01391,,-0.168824322,0.125505999,0.186118586
P_00141,rplM,-0.339787274,3.3701E-05,9.66083E-05
P_01392,,0.187833409,0.129788495,0.191627521
P_01393,aroC,0.224394132,0.002109502,0.004665292
P_01394,hcaT,-0.275713277,0.123686218,0.183799897
P_01395,mtnD,-0.340087707,0.10162996,0.155534491
P_01396,,0.352727932,0.018878345,0.035164825
P_01397,,1.228752904,3.3869E-10,1.51618E-09
P_01398,,0.232314457,0.067337287,0.108614023
P_01399,,0.222239354,0.017226525,0.032392867
P_01400,,-0.077499771,0.447703932,0.538765541
P_01401,,-0.240211691,0.122532546,0.182132681
P_00142,rpsI,-0.435725929,3.48276E-09,1.45895E-08
P_01402,,0.380794051,2.82164E-07,1.00455E-06
P_01403,mdoB_1,-0.597815643,1.32032E-13,7.56218E-13
P_01404,,0.860438605,3.37745E-26,3.49877E-25
P_01405,hcaB_2,0.405317552,7.93255E-05,0.00021627
P_01406,csrA1_1,0.531919288,0.000576487,0.001406658
P_01407,,0.012292678,0.945549201,0.958238896
P_01408,,0.059860361,0.559159564,0.64515817
P_01409,gshAB,0.237572454,0.000651306,0.001573831
P_01410,asnB_2,0.250918562,0.000309343,0.00078415
P_01411,mnmC_1,-0.206857273,0.034208853,0.059763959
P_00014,,0.139548941,0.652376353,0.726846804
P_00143,petA,0.357940901,4.03566E-08,1.53994E-07
P_01412,,-0.075457183,0.312119807,0.403254294
P_01413,fadA_2,0.728934376,5.45335E-13,3.00641E-12
P_01414,yhbE,-0.472474905,0.000867218,0.002044767
P_01415,,-0.225833241,0.11619021,0.174194257
P_01416,fumC_2,0.365626412,7.18642E-07,2.46668E-06
P_01417,,0.284110371,0.000354686,0.000891219
P_01418,bolA,0.082006629,0.377880713,0.470995099
P_01419,,0.45798329,5.08489E-11,2.4278E-10
P_01420,,0.334434666,0.000707873,0.001693407
P_01421,,0.0980354,0.261472223,0.349055382
P_00144,petB,0.444105841,3.46756E-11,1.67511E-10
P_01422,,0.037731117,0.672293695,0.743122788
P_01423,,0.155090861,0.121408817,0.18093098
P_01424,,0.100858438,0.211322249,0.291393173
P_01425,glpE_2,0.177096974,0.024955746,0.045114659
P_01426,,-0.119851404,0.201211373,0.280347674
P_01427,bmrA,0.024558779,0.748788904,0.807307818
P_01428,,0.112477679,0.071151404,0.114092737
P_01429,,0.274810087,4.26043E-05,0.000120804
P_01430,,0.651844335,2.25705E-22,2.00514E-21
P_01431,lldD_2,-0.29432724,0.154516281,0.223142662
P_00145,petC,0.589478765,6.97809E-20,5.57762E-19
P_01432,cynR_2,0.342565259,0.074113947,0.118051607
P_01434,,0.013385887,0.966755619,0.975766883
P_01435,,-0.840065884,1.53385E-05,4.57286E-05
P_01436,,0.2835324,0.113328898,0.170662437
P_01437,,0.067697177,0.627784556,0.704508323
P_01438,,-0.323123446,0.397696981,0.491257635
P_01439,,-0.423173231,0.340983176,0.433326494
P_01440,,-0.808920236,0.296586644,0.38710729
P_01441,czcR_2,-0.425447582,1.36072E-05,4.08275E-05
P_01442,sasA_4,-0.733283427,3.70582E-08,1.41879E-07
P_00146,sspA,-0.185837568,0.177735153,0.251919497
P_01443,,-0.596213323,4.81272E-09,1.98564E-08
P_01444,,-0.202001879,0.655402802,0.729369145
P_01445,,-0.689473232,4.14163E-07,1.44579E-06
P_01446,,0.494807204,3.23886E-13,1.8064E-12
P_01447,,-0.340288263,0.025809362,0.04637443
P_01448,,0.132229414,0.433979254,0.525777272
P_01449,rhaS_3,-0.619932839,3.0996E-05,8.9166E-05
P_01450,,0.071398735,0.854532146,0.885067675
P_01451,,1.026012474,5.65639E-39,9.0676E-38
P_01452,,0.271234893,0.141509895,0.20696363
P_00147,sspB,0.172018149,0.054430995,0.090439919
P_01453,,0.41719041,9.95161E-06,3.03951E-05
P_01454,gbpA,0.196996557,0.117054844,0.175307347
P_01455,chiD,0.237877174,0.022732927,0.041496269
P_01456,gudD,0.364568184,0.120121878,0.1790596
P_01457,ttuB_1,0.358738451,0.008779409,0.0174403
P_01458,lutR_2,-0.559864579,0.000536457,0.00131233
P_01459,trmK,-0.31913137,0.155011764,0.223745602
P_01460,,-0.186118163,0.22571884,0.308525218
P_01461,cmk_2,0.186217405,0.033906966,0.05930877
P_01462,gstB_1,0.485910687,1.15002E-10,5.3571E-10
P_00148,lutR_1,0.191781189,0.010306292,0.020214563
P_01463,,-0.007580063,0.943961051,0.957136479
P_01464,,-1.002627071,5.40287E-10,2.38333E-09
P_01465,bauD,-0.022089643,0.856355469,0.885996762
P_01466,cdhR_4,0.032975084,0.879584348,0.905459116
P_01467,,0.46936759,0.049761188,0.083527188
P_01468,ubiG_2,-0.606399066,0.002690649,0.005864655
P_01469,,0.059718455,0.701143585,0.766158232
P_01470,,-0.022595047,0.787153805,0.834868913
P_01471,,-0.188794841,0.09135938,0.142012861
P_01472,,-0.053286939,0.780093715,0.829988474
P_00149,tyrS,-0.271497574,0.008277829,0.016529736
P_01473,mltF_2,0.284203158,0.002968797,0.006429407
P_01474,,0.244875726,0.00731677,0.014744011
P_01475,serA,-1.381308904,4.92022E-77,1.85771E-75
P_01476,,0.314360927,3.55273E-05,0.000101539
P_01477,ycgM,0.502362241,1.45107E-11,7.21639E-11
P_01478,yjiK_1,-0.760680218,9.49755E-16,6.14503E-15
P_01479,yjiK_2,0.261749394,0.065232451,0.105783847
P_01480,,-0.531670854,3.41958E-08,1.31698E-07
P_01481,rpiA,-0.126434699,0.344834958,0.437736744
P_01482,ilvA,-1.032147618,4.92947E-24,4.71504E-23
P_00150,,-0.365283724,1.06871E-05,3.24686E-05
P_01483,,0.731755263,3.26885E-22,2.88171E-21
P_01484,,0.342861766,0.000329792,0.000833044
P_01485,rppH_1,0.23821612,0.003677773,0.007823564
P_01486,ptsP,0.185195943,0.003800298,0.00805388
P_01487,,0.596488747,1.55239E-12,8.25686E-12
P_01488,lgt,-0.095384304,0.333013983,0.424892674
P_01489,thyA,0.057633992,0.592402198,0.674048091
P_01490,zntR,0.580300521,0.002545744,0.005561487
P_01491,cadA_1,0.680266982,5.73365E-12,2.92753E-11
P_01492,cmpR_2,0.173232044,0.069619149,0.111917169
P_00151,anmK,-0.798712972,1.33727E-18,1.00322E-17
P_01493,cysA_2,0.459253752,0.110103826,0.166460974
P_01494,,0.185269086,0.297892925,0.388370627
P_01495,,0.421277627,0.004511784,0.009412261
P_01496,mnmC_2,0.429627486,0.018799923,0.035044304
P_01497,,0.306977564,0.132312141,0.194902304
P_01498,,-0.041579946,0.865870065,0.894228595
P_01499,der_2,-0.492861342,1.33274E-06,4.44686E-06
P_01500,,0.044773214,0.627318527,0.704260764
P_01501,folA,-0.406740909,9.03023E-05,0.00024457
P_01502,tcyP,-0.209037659,0.103271687,0.157794518
P_00152,erpA,0.336431121,2.92982E-07,1.04177E-06
P_01503,,0.082515694,0.767438838,0.821169177
P_01504,ilvD,0.55283075,8.06945E-17,5.53954E-16
P_01505,,0.44662743,0.027151949,0.048543624
P_01506,rlmI_2,-0.22448407,0.067632001,0.108997487
P_01507,,-0.022114884,0.851893725,0.883291434
P_01508,mutM,-0.338693654,0.00594226,0.012110309
P_01509,fdx_2,-0.161424181,0.091684709,0.142424174
P_01510,coaD,-0.487608126,2.01349E-05,5.9107E-05
P_01511,,-2.741946932,2.9812E-161,2.8048E-159
P_01512,,-2.919634228,3.744E-203,5.116E-201
P_00015,,-0.606024014,0.282893497,0.372453723
P_00153,argC,-0.227342848,0.00077315,0.001841123
P_01513,calB,-1.945475041,1.6972E-148,1.3914E-146
P_01514,,-1.264325232,1.16167E-54,2.75489E-53
P_01515,sseB,-1.589929117,3.41599E-71,1.16002E-69
P_01516,,0.556832823,1.83342E-11,9.02402E-11
P_01517,rsmD,0.09798259,0.406540223,0.499600502
P_01518,,-0.674107718,5.25404E-07,1.82303E-06
P_01519,,-0.659232573,1.76458E-08,6.95053E-08
P_01520,ftsY,-0.167107676,0.022732346,0.041496269
P_01521,ftsE,-0.089907022,0.240603335,0.325128923
P_01522,ftsX,-0.003142928,0.961119415,0.971102874
P_00154,,0.033623869,0.731866488,0.794886786
P_01523,rpoH,0.337702047,1.10716E-06,3.72233E-06
P_01524,mtgA,-0.013237131,0.884092565,0.909121525
P_01525,,0.39070848,0.000423607,0.001050596
P_01526,thiS,0.171854061,0.124614477,0.184939872
P_01527,thiG,0.09409544,0.424774254,0.517245798
P_01528,trmB,-0.258543291,0.011737132,0.022779641
P_01529,,-0.276101523,0.017900218,0.033560716
P_01530,kptA,-0.659137786,0.000499449,0.001228606
P_01531,,-0.130515943,0.449175591,0.540083536
P_01532,hemN_1,-0.821380725,1.47072E-06,4.89871E-06
P_00155,,-1.496778707,5.66984E-62,1.62696E-60
P_01533,rdgB,-0.75207795,5.4224E-06,1.70236E-05
P_01534,,-0.28254181,0.097047688,0.149558722
P_01535,,-0.532014413,0.000535448,0.001310979
P_01536,metXS,-0.539807153,9.83307E-08,3.64783E-07
P_01537,,-0.364671608,0.052636319,0.087686454
P_01538,proC_3,-0.130975523,0.266763836,0.355045838
P_01539,yggS,-0.23977596,0.049925136,0.083753392
P_01540,pilT,0.021464108,0.848529738,0.880280579
P_01541,,-1.263042154,1.92183E-46,3.7643E-45
P_01542,,0.329577873,1.64095E-05,4.87444E-05
P_00156,,-1.186378947,3.38027E-30,4.08408E-29
P_01543,pyrC',-0.458694526,0.000198195,0.000515358
P_01544,pyrB,-0.225513056,0.03326736,0.058385743
P_01545,pyrR,-0.859159224,7.79477E-06,2.40636E-05
P_01546,yqgF,-0.361272365,0.009659262,0.019046683
P_01547,,0.336374937,0.000127721,0.000338406
P_01548,,-0.201854873,0.112974744,0.170218444
P_01549,gshB,0.155909434,0.073785017,0.117658297
P_01550,walR,-0.096124022,0.283111551,0.372655319
P_01551,pleD,0.090676678,0.522238602,0.610826307
P_01552,,-0.35518484,0.01965226,0.036511595
P_00157,ephD,-0.345091647,0.000627809,0.001523438
P_01553,,-0.608559764,5.29983E-10,2.34147E-09
P_01554,rcsC_1,-0.431080946,1.10569E-08,4.40663E-08
P_01555,,-0.347565102,0.227022352,0.30984097
P_01556,,0.281140467,0.05717414,0.094423709
P_01557,,0.469060121,0.003972377,0.008381424
P_01558,,-1.332099215,4.38613E-09,1.82142E-08
P_01559,rluF,0.039130736,0.744829745,0.80478637
P_01560,,-0.472287078,0.063940961,0.104130867
P_01561,trmO,-0.725575189,0.002164728,0.004774547
P_01562,fpr_1,0.2215539,0.00310173,0.006694557
P_00158,,-0.72074165,9.04838E-07,3.07817E-06
P_01563,cmpR_3,0.052522805,0.575047824,0.659029478
P_01564,dgkA,-0.823745923,1.67028E-05,4.9513E-05
P_01565,degU_1,-0.129535721,0.165308436,0.236584817
P_01566,,-0.454652884,0.006450649,0.013081369
P_01567,,-0.138140421,0.242313347,0.327054632
P_01568,,0.880712316,1.03366E-27,1.14742E-26
P_01569,recX,-0.223601762,0.127719075,0.189107269
P_01570,recA,0.290769101,1.49128E-05,4.45522E-05
P_01571,pncC_1,0.261238605,0.001849279,0.004129577
P_01572,,0.747095773,0.002622108,0.005723955
P_00159,coq7,0.363521191,7.33402E-06,2.26911E-05
P_01573,,0.502781674,0.00011757,0.000312957
P_01574,,0.148967561,0.711191008,0.775807869
P_01575,,0.818825069,0.000829246,0.001963301
P_01576,,0.754511765,1.65947E-13,9.43875E-13
P_01577,,0.391646169,0.00448696,0.009363878
P_01578,,0.629494267,0.000792668,0.001885255
P_01579,gpFI,0.846987747,4.38883E-13,2.42654E-12
P_01580,,0.823666005,0.001314521,0.00302921
P_01581,,0.371985328,0.251429596,0.337296506
P_01582,,0.275168767,0.222384563,0.3048161
P_00160,yhfA,-0.200105494,0.028902043,0.051400317
P_01583,,1.114586014,0.000351085,0.000882555
P_01584,,1.014228962,2.32963E-07,8.35089E-07
P_01585,,0.858614388,3.95556E-10,1.7625E-09
P_01586,,0.908062132,0.00561404,0.011518193
P_01587,,0.931280184,3.75986E-06,1.1981E-05
P_01588,,0.848724418,0.00014689,0.000387408
P_01589,,0.664181669,0.011659855,0.022646828
P_01590,,0.550076162,0.004104468,0.008635338
P_01591,prtR_1,-0.501700307,9.14675E-05,0.000247493
P_01592,,0.215846908,0.014315264,0.027339535
P_00161,vfr,0.118970543,0.269624351,0.358032803
P_01593,,0.692771546,7.73501E-10,3.3809E-09
P_01594,mutS,-0.302281587,7.429E-05,0.000203121
P_01595,fdxA,-0.330857419,0.004170641,0.008757889
P_01596,apbC,0.245448087,0.01689183,0.03184445
P_01597,metG,-0.40635235,7.63014E-08,2.86392E-07
P_01598,rsxB,0.003688574,0.97389428,0.98038577
P_01599,nth,-0.357529149,0.019668,0.036528485
P_01600,,0.423443802,1.06229E-05,3.22907E-05
P_01601,bvgA_1,0.30921518,0.002890051,0.006270924
P_01602,argG,-0.655533898,1.28893E-13,7.38976E-13
P_00162,,0.34785031,0.000116383,0.000310229
P_01603,,0.393669876,3.93885E-06,1.25167E-05
P_01604,pyrC_1,-0.328266523,0.000192647,0.000501633
P_01605,rnt,-0.990698278,1.38636E-14,8.41937E-14
P_01606,ahpC_1,0.298156839,0.002291262,0.00502851
P_01607,,-3.12509568,1.0647E-270,2.3502E-268
P_01608,bfr_1,3.90818965,0,0
P_01609,grxD,0.533811976,3.21848E-15,2.02753E-14
P_01610,napA,0.771552333,2.78257E-22,2.46438E-21
P_01611,,0.240940675,0.3384257,0.430839639
P_01612,argF,-0.287933568,0.027262492,0.048710909
P_00016,,0.198020647,0.53236945,0.620863294
P_00163,trpC_2,0.411207095,4.37056E-05,0.000123621
P_01613,btuD_2,-0.97245397,2.20976E-10,1.0097E-09
P_01614,ybaK,-0.206393861,0.014322979,0.027342916
P_01615,glpF,0.11324473,0.608468962,0.687808425
P_01616,glpK,0.10308184,0.268322029,0.356788722
P_01617,glpR_1,0.054419226,0.426172132,0.518507922
P_01618,glpD,0.171552159,0.073895379,0.117768836
P_01619,gltI_1,-0.161703453,0.044090441,0.075038203
P_01620,glnM,0.061213307,0.481183449,0.57221546
P_01621,gltK,-0.033953983,0.742784231,0.804157462
P_01622,glnQ_3,0.154544446,0.082733592,0.129977576
P_00164,trpD_2,0.716514102,5.48996E-11,2.61468E-10
P_01623,dctB_2,-0.349261537,0.002611948,0.005703946
P_01624,dctD_3,-0.574204885,0.000155143,0.000407678
P_01625,ydgC,-0.214428132,0.170003264,0.242457439
P_01626,atoC_1,-0.885891763,1.26376E-21,1.08899E-20
P_01627,sasA_5,-1.067845733,9.82634E-25,9.60705E-24
P_01628,,-1.829129831,3.32824E-60,8.9675E-59
P_01629,,-1.747438342,6.96741E-70,2.28491E-68
P_01630,davT_3,-2.3760065,1.0022E-106,5.5302E-105
P_01631,mtnX,-2.153309315,1.29221E-85,5.49332E-84
P_01632,,0.963591483,3.7493E-32,4.85716E-31
P_00165,trpG,0.120461075,0.413903495,0.506588219
P_01633,arnE_1,-1.106355787,1.9747E-05,5.80573E-05
P_01634,arnF_1,-1.995231831,5.57745E-06,1.74626E-05
P_01635,,-1.449422886,3.47868E-13,1.93077E-12
P_01636,,0.223565947,0.080736572,0.127363163
P_01637,rutD_1,0.172188593,0.425636336,0.518075701
P_01638,metR_1,-0.329486241,0.001906728,0.004243005
P_01639,mshD_2,-0.410032685,0.021350692,0.039272956
P_01640,rppH_2,-0.16735279,0.259359011,0.346799013
P_01641,,0.094758054,0.29991034,0.390557169
P_01642,rssB_4,0.022153801,0.808900609,0.850875855
P_00166,estA,-0.528208045,2.3476E-11,1.15055E-10
P_01643,,0.379808149,8.7785E-09,3.53047E-08
P_01644,ccp,-0.529419175,3.78133E-08,1.44577E-07
P_01645,sasA_6,-0.917561236,8.36133E-26,8.49304E-25
P_01646,sasA_7,-1.425656999,7.14385E-36,1.04856E-34
P_01647,rpmE2,-0.993957073,1.90044E-09,8.14535E-09
P_01648,cusR,-0.906942492,5.20703E-11,2.48199E-10
P_01649,sasA_8,-0.984461098,1.88382E-13,1.0683E-12
P_01650,,0.163147478,0.015034039,0.028579115
P_01651,,0.277974903,6.84195E-05,0.000188236
P_01652,crnA,-0.250328289,0.026414471,0.047372703
P_00167,trpE,0.029552065,0.756905515,0.813004071
P_01653,,-0.524109069,0.00595526,0.012132494
P_01654,,-0.100500003,0.270989361,0.359419446
P_01655,,0.401326313,0.000320721,0.000811559
P_01656,yfcF,0.010736746,0.927454799,0.943567292
P_01657,,0.07206962,0.370416733,0.463970408
P_01658,,0.192577644,0.011423516,0.022216048
P_01659,,-0.152681536,0.048686076,0.082025285
P_01660,metE,-3.928755976,0,0
P_01661,nspC,0.271106443,0.005709865,0.011673998
P_01662,,0.191484573,0.035797084,0.062273254
P_00168,gph_1,-0.381954452,0.001822224,0.00407233
P_01663,,0.226034598,0.030946576,0.054798642
P_01664,,-0.163483685,0.270381308,0.358695868
P_01665,glsA2,-0.492869678,0.000219557,0.000567073
P_01666,,-0.221552028,0.01967408,0.036528485
P_01667,,-0.836209028,0.001816181,0.004063572
P_01668,nimR_1,0.177313847,0.206701081,0.286604857
P_01669,mtnB,0.829057303,5.58537E-15,3.46534E-14
P_01670,,0.52018512,1.06774E-08,4.25834E-08
P_01671,yfkM,0.26331823,0.001642712,0.003692724
P_01672,,0.688196092,7.34828E-09,2.99091E-08
P_00169,rpe,0.00933498,0.92697894,0.943250379
P_01673,,1.404300648,6.34713E-82,2.58342E-80
P_01674,,0.857380047,3.0434E-29,3.55724E-28
P_01675,,-0.271808563,0.083586273,0.131173535
P_01676,,-1.410601324,2.50338E-33,3.40447E-32
P_01677,,-1.352822982,4.00022E-33,5.37641E-32
P_01678,,0.051793694,0.765073514,0.819935929
P_01679,rpfC,0.22429805,0.004079946,0.008589439
P_01680,narL,0.424660723,1.36019E-05,4.08275E-05
P_01681,,-0.081372425,0.561306441,0.646984869
P_01682,iolG_2,0.287894849,0.001375178,0.003153175
P_00170,adh1,0.610786221,3.09814E-19,2.42237E-18
P_01683,rppH_3,0.464309697,2.18561E-06,7.11469E-06
P_01684,,-0.199974884,0.016705755,0.031527238
P_01685,,-0.344977881,0.054781194,0.090916504
P_01686,,-1.028037865,2.41187E-08,9.39058E-08
P_01687,,-0.159370492,0.439453325,0.531175786
P_01688,ubiG_3,-0.076123833,0.569593269,0.653779154
P_01689,purB_1,-0.3224224,0.071887296,0.115111939
P_01690,pcaB_1,0.261012277,0.394957237,0.488293749
P_01691,,-0.340756392,0.200914375,0.280001845
P_01692,,-0.036312494,0.818374808,0.858075926
P_00171,,0.11633802,0.168619375,0.240663166
P_01693,,0.370496692,5.43595E-08,2.06056E-07
P_01694,,0.297194019,0.002898027,0.006283256
P_01695,,-0.397403176,0.011014829,0.021494084
P_01696,pknB,-0.270194186,0.178435047,0.252724268
P_01697,prpC_2,0.173306753,0.549092075,0.635971629
P_01698,,0.025637587,0.812718856,0.853909641
P_01699,,0.022015269,0.933028246,0.947893274
P_01700,,0.120432777,0.636049063,0.712389847
P_01701,,-1.122475582,0.020774204,0.038286177
P_01702,,1.032281711,1.08417E-22,9.75244E-22
P_00172,djlA,0.066639991,0.452416706,0.543070377
P_01703,,-0.520356634,0.766738049,0.821124974
P_01704,norR_2,-0.724911705,0.002216333,0.004875254
P_01705,,-0.663777427,0.084589915,0.13256732
P_01706,,-0.411229389,0.110377489,0.166830763
P_01707,,-0.752365292,0.275867888,0.365046302
P_01708,,-0.17560612,0.513490245,0.603012178
P_01709,,-0.79347401,0.219794772,0.301626542
P_01710,,-0.106837948,0.492588649,0.583963284
P_01711,hcpA,0.56281164,0.05416133,0.090017919
P_01712,,0.184964023,0.256275878,0.343156151
P_00017,,0.010715588,0.963514576,0.97335155
P_00173,murU,0.537560499,3.63622E-11,1.75216E-10
P_01713,ppiC_1,0.161750111,0.134065004,0.197180691
P_01714,,-0.556094709,3.64623E-05,0.000104108
P_01715,yejB_1,-0.707952679,0.000281057,0.000716884
P_01716,yejE_1,-0.856692851,8.6843E-06,2.6652E-05
P_01717,yejF_1,-0.711279289,1.31514E-05,3.95992E-05
P_01718,norR_3,-0.34229034,0.040964656,0.07021988
P_01719,,0.49474151,0.005685346,0.011636305
P_01720,bdhA,0.577750051,0.001399685,0.003197768
P_01721,acsA_3,0.237054418,0.066521425,0.107509564
P_01722,rcsC_2,-0.782580234,1.8851E-27,2.05286E-26
P_00174,amgK,0.464759006,1.66339E-09,7.15608E-09
P_01723,ppiC_2,-0.412265673,0.018313039,0.034267535
P_01724,kdgK_1,0.417160492,0.003764202,0.007989184
P_01725,,0.349316524,0.003107564,0.006704629
P_01726,ttgV,-0.050574917,0.702669216,0.76767916
P_01727,yabJ_1,0.08022826,0.668585037,0.740973919
P_01728,glnQ_4,0.430052656,0.001007471,0.002362843
P_01729,tcyB,0.041123822,0.913751029,0.932476489
P_01730,glnP_3,0.571430033,0.113124978,0.170400065
P_01731,peb1A,0.483159206,0.063121758,0.103001356
P_01732,,0.240235732,0.372992545,0.466565871
P_00175,lptD,-0.849401334,7.58337E-27,8.04454E-26
P_01733,,-0.251376112,0.055357676,0.091740602
P_01734,trpA_2,0.732599733,7.0233E-13,3.83143E-12
P_01735,trpB_2,0.742204084,3.13526E-17,2.19966E-16
P_01736,trpI,0.149585887,0.272686461,0.361336319
P_01737,yqjD_1,0.950072962,2.20678E-47,4.38224E-46
P_01738,,0.484381223,1.41508E-12,7.56159E-12
P_01739,,0.248062711,0.000542266,0.001325975
P_01740,fgd_2,-0.239174032,0.042204779,0.072151691
P_01741,osmC,0.217151296,0.001093223,0.002544204
P_01742,,0.177634377,0.358896333,0.451987284
P_00176,surA,-0.870643864,1.22947E-33,1.69207E-32
P_01743,,0.143720952,0.286042477,0.375565723
P_01744,,0.188948742,0.143611882,0.209610527
P_01745,,0.276179545,0.065723363,0.106429565
P_01746,yrdA_1,0.203340823,0.045999307,0.077988189
P_01747,prlC_1,0.247707355,0.000655006,0.00158011
P_01748,,0.148988834,0.31143833,0.40264577
P_01749,,0.268237076,0.269419855,0.358026815
P_01750,,0.821158427,6.52245E-22,5.67157E-21
P_01751,,0.641048739,6.34138E-14,3.69849E-13
P_01752,,0.353347804,2.45299E-05,7.12436E-05
P_00177,pdxA,-1.173212584,1.02759E-25,1.04009E-24
P_01753,,0.225958373,0.164527058,0.235642822
P_01754,cynT_1,0.441063431,1.94292E-06,6.37897E-06
P_01755,,0.074406091,0.559822793,0.64579357
P_01756,,-0.650090373,2.2943E-12,1.20577E-11
P_01757,,0.052859198,0.471161764,0.562161614
P_01758,ctaD,-1.175050221,5.59273E-59,1.45894E-57
P_01759,,-1.196768745,0.767512017,0.821169177
P_01760,ctaG,-1.368077951,4.35143E-40,7.28072E-39
P_01761,ctaE,-1.371658328,5.46527E-70,1.81302E-68
P_01762,,-0.029612481,0.825664475,0.862955459
P_00178,rsmA,-0.213045796,0.065787583,0.106473475
P_01763,,-1.461669692,8.49151E-61,2.34292E-59
P_01764,,-1.512837487,2.85179E-38,4.4474E-37
P_01765,ctaA,-1.266480985,2.29837E-60,6.22187E-59
P_01766,ctaB,-1.190946271,5.15786E-38,7.89358E-37
P_01767,,-1.31033804,4.79405E-50,1.01833E-48
P_01768,metQ_2,-0.129866024,0.200729471,0.279812105
P_01769,metP,-0.190998183,0.099540547,0.152580983
P_01770,metN_2,-0.452972891,0.000376939,0.000942183
P_01771,katE,0.795293545,4.94249E-28,5.55087E-27
P_01772,,0.573819295,2.62028E-14,1.5648E-13
P_00179,apaG,-0.026451127,0.808917697,0.850875855
P_01773,znuB_1,0.143350407,0.075947899,0.120604592
P_01774,znuC_1,0.040198457,0.58102581,0.664376793
P_01775,zur,0.36858064,4.61416E-07,1.60684E-06
P_01776,znuA,0.068030975,0.35154858,0.444489381
P_01777,thrB,0.217688122,0.004411335,0.009226185
P_01778,,0.55608294,1.1561E-08,4.60115E-08
P_01779,polA,0.108503987,0.11648381,0.174543234
P_01780,engB,0.324659008,3.45542E-06,1.10386E-05
P_01781,,0.29027543,0.000103319,0.000277598
P_01782,cc4,-0.708222975,1.20416E-26,1.26569E-25
P_00180,apaH_1,-0.692098308,2.71234E-08,1.05176E-07
P_01783,dsbA,0.409042401,4.37373E-07,1.52496E-06
P_01784,,-0.203334407,0.046096878,0.078130532
P_01785,,-0.560433521,7.51895E-09,3.05388E-08
P_01786,amiD_1,0.412158623,2.13722E-09,9.11256E-09
P_01787,kinB,-0.161834869,0.019976828,0.037018733
P_01788,algB,0.625976363,1.93428E-19,1.52066E-18
P_01789,,1.237487451,7.53544E-12,3.82707E-11
P_01790,,1.043542888,2.82298E-33,3.82101E-32
P_01791,ivy,0.85484224,1.21753E-27,1.34373E-26
P_01792,gltP_1,-0.234539858,0.194162611,0.271846603
P_00181,glpE_1,-0.75055735,0.000117221,0.000312227
P_01793,,-0.584761076,6.04053E-08,2.2792E-07
P_01794,,-0.366418471,0.000944018,0.002216742
P_01795,,-0.329110416,0.00622903,0.012676739
P_01796,mkl,-0.444273638,7.1919E-05,0.000197202
P_01797,,-0.150792001,0.151212936,0.219033579
P_01798,,0.34900669,7.23811E-05,0.000198337
P_01799,,0.044553192,0.57452327,0.658647432
P_01800,,-0.065718609,0.484366938,0.575166947
P_01801,,0.208249387,0.048905691,0.082283718
P_01802,citN_1,0.107149859,0.617306933,0.69533597
P_00182,,0.716796874,3.8835E-31,4.83458E-30
P_01803,,0.019660748,0.862936951,0.892162703
P_01804,,0.708019428,7.09643E-11,3.35197E-10
P_01805,,0.091747804,0.587139435,0.669766093
P_01806,,0.594689631,6.02809E-07,2.08029E-06
P_01807,,1.16560753,9.88746E-14,5.69149E-13
P_01808,cat1,-0.115070727,0.430557146,0.52314792
P_01809,pntB,-0.463583032,7.9069E-08,2.96586E-07
P_01810,pntA,-0.730040081,0.005615596,0.011518193
P_01811,pntAA,-0.477478896,2.64624E-06,8.5319E-06
P_01812,gcvA_3,-0.290003753,0.018493011,0.034557781
P_00018,rhtB_1,0.001078082,0.98785725,0.992005731
P_00183,,0.33339132,2.03533E-06,6.65191E-06
P_01813,mmgC_2,0.375883541,1.49041E-07,5.41702E-07
P_01814,uctC_2,0.144362527,0.052820311,0.08794191
P_01815,birA,-0.41935847,0.012528952,0.024201837
P_01816,coaX,0.009354107,0.926112843,0.942536195
P_01817,,-0.136068174,0.322020014,0.413346647
P_01822,secE,0.052430366,0.405057824,0.498581991
P_01823,nusG,0.0808511,0.204592899,0.284231093
P_01824,rplK,-0.242150033,0.003828908,0.008105533
P_01825,rplA,-0.301156236,2.23347E-05,6.52309E-05
P_01826,rplJ,-1.198983286,4.51297E-52,1.01172E-50
P_00184,,0.372223816,3.43316E-08,1.32057E-07
P_01827,rplL,-0.810111096,6.65286E-26,6.80584E-25
P_01828,rpoB,-0.247079015,6.93588E-05,0.000190637
P_01829,rpoC,-0.235984224,0.00014334,0.000378742
P_01830,rpsL,0.383177464,1.00579E-07,3.72401E-07
P_01831,rpsG,0.137150269,0.093316608,0.144546292
P_01832,fusA,-0.286419607,0.000231906,0.000597624
P_01833,tufA,-0.16697972,0.009023014,0.017893253
P_01834,rpsJ,0.057819976,0.407378035,0.500245737
P_01835,rplC,-0.118287852,0.09229896,0.143195903
P_01836,rplD,-0.260976772,0.002195069,0.004832183
P_00185,cca,0.208131589,0.020896845,0.038499837
P_01837,rplW,0.052339815,0.589558498,0.671591152
P_01838,rplB,-0.204035308,0.010720167,0.020969729
P_01839,rpsS,0.217781676,0.01166163,0.022646828
P_01840,rplV,0.136995461,0.073119097,0.116758625
P_01841,rpsC,0.121095923,0.084342183,0.13224703
P_01842,rplP,-0.341934761,1.83828E-05,5.42132E-05
P_01843,rpmC,-0.255616432,0.0206708,0.038144605
P_01844,rpsQ,-0.283273022,0.033661769,0.058969748
P_01845,rplN,-0.021205858,0.8141287,0.854495767
P_01846,rplX,0.016135255,0.852261604,0.883513248
P_00186,folK_1,-0.106744657,0.509817251,0.599434789
P_01847,rplE,-0.09649352,0.132794599,0.195512623
P_01848,rpsN,-0.420348704,3.60516E-10,1.61012E-09
P_01849,rpsH,-0.124651791,0.126180657,0.187070728
P_01850,rplF,-0.29150728,0.001033346,0.002418587
P_01851,rplR,-0.310647786,0.004000036,0.00843358
P_01852,rpsE,-0.195913208,0.008097477,0.016197776
P_01853,rpmD,0.128474175,0.239549412,0.324239169
P_01854,rplO,0.135860489,0.046403155,0.078556846
P_01855,secY,-0.210982896,0.000512393,0.001257751
P_01856,rpsM,-0.101519379,0.200452994,0.27949459
P_00187,folB,0.214494612,0.045381236,0.077054116
P_01857,rpsK,-0.307989617,0.00019762,0.000514117
P_01858,rpsD,-0.544526241,1.48952E-11,7.39192E-11
P_01859,rpoA,-0.458075114,8.12184E-10,3.54458E-09
P_01860,rplQ,0.023409087,0.738624317,0.800862451
P_01861,cat,0.494953139,1.74565E-07,6.32866E-07
P_01862,bfr_2,3.51391584,0,0
P_01863,uvrA_1,0.073862605,0.303234253,0.393673476
P_01864,yajR,-0.371682788,1.92783E-07,6.94963E-07
P_01865,ssb,0.223634139,0.00644238,0.013069218
P_01866,tam_2,0.144271577,0.216237212,0.297384461
P_00188,plsY,0.164080244,0.045651677,0.077459733
P_01867,rutB_1,0.431077062,0.00072823,0.001739206
P_01868,rhaR_2,-0.106529745,0.411781672,0.504421561
P_01869,,0.855010558,3.56192E-25,3.54893E-24
P_01870,,0.382686337,1.84064E-07,6.65202E-07
P_01871,ybhN,-0.151032396,0.082213136,0.129230673
P_01872,clsB,-0.125442108,0.08064872,0.127259555
P_01873,,0.23444053,0.014326563,0.027342916
P_01874,,0.348268871,5.52111E-06,1.731E-05
P_01875,,-0.237764052,0.004342183,0.009091496
P_01876,rmlD_2,-0.242198312,0.009661072,0.019046683
P_00189,tsaD,0.370266607,7.5308E-05,0.000205708
P_01877,,0.970978044,0.811337018,0.852639287
P_01878,ompW,-0.498735792,0.001431031,0.003259411
P_01879,,-1.098034016,3.3333E-30,4.03583E-29
P_01880,,-0.54541778,3.09687E-10,1.39286E-09
P_01881,,-0.748242538,2.5087E-12,1.31244E-11
P_01882,,0.076518428,0.281843034,0.371496824
P_01883,,0.019934774,0.847936188,0.880033143
P_01884,ybbN,-0.435150467,6.51763E-06,2.02735E-05
P_01885,prmA_1,-0.494385992,0.033306485,0.058436539
P_01886,,-0.442117613,0.001272368,0.002937296
P_00190,rpsU,-0.253755107,0.003591709,0.007654222
P_01887,nrdR,-1.455187985,4.20512E-32,5.4354E-31
P_01888,ribD,-1.738131744,6.69612E-61,1.85647E-59
P_01889,ribE,-0.016380485,0.848943537,0.880550688
P_01890,ribBA,-0.072455915,0.316683486,0.407865019
P_01891,ribH,-0.028317136,0.738869534,0.800977003
P_01892,,-0.2413273,0.008612724,0.017126967
P_01893,thiL,-1.031433756,1.90973E-16,1.28336E-15
P_01894,,0.764568633,1.9987E-27,2.17245E-26
P_01895,ribA,0.02597382,0.758058787,0.813943462
P_01896,,-1.123062292,3.04935E-05,8.78083E-05
P_00191,dnaG,0.644946586,1.46428E-20,1.20914E-19
P_01897,btuF_1,-0.226646846,0.175176054,0.24866074
P_01898,btuB_3,-0.722292202,2.75669E-07,9.8204E-07
P_01899,dxs_2,-0.314925284,2.63932E-05,7.63846E-05
P_01900,ispA,-1.16167318,1.13355E-21,9.79733E-21
P_01901,xseB,-0.863558129,2.85851E-05,8.25617E-05
P_01902,,-0.097289023,0.448108901,0.539026825
P_01903,,0.265855299,0.062423858,0.102007551
P_01904,,0.407305888,0.000226984,0.000585729
P_01905,,-0.055585212,0.406537297,0.499600502
P_01906,,0.266601842,0.232508193,0.316350053
P_00192,rpoD,0.295791297,1.20652E-06,4.0398E-06
P_01907,,0.113254173,0.763089306,0.818492464
P_01908,,0.541404664,0.130278138,0.192202117
P_01909,,-0.4801699,0.305861248,0.396417729
P_01910,,-0.354656044,0.502768779,0.593091474
P_01911,,-0.394885983,5.88235E-08,2.22683E-07
P_01912,,-0.081257723,0.280388762,0.370004853
P_01913,,0.133544249,0.110886465,0.167467742
P_01914,dpkA,0.208892373,0.016284297,0.030823081
P_01915,,0.61172553,2.98002E-18,2.19824E-17
P_01916,,0.31220806,0.001108061,0.002576646
P_00019,anoR_1,-1.32370278,9.75476E-45,1.83286E-43
P_00193,mltF_1,-0.218691669,0.002197156,0.004834923
P_01917,nodD2_2,0.182162464,0.059811123,0.098213457
P_01918,,0.809852911,9.99958E-11,4.68088E-10
P_01919,,-0.076507798,0.572333984,0.656425213
P_01920,xanP_1,-0.194265126,0.204952051,0.284661137
P_01921,,-0.13759419,0.134670062,0.19796913
P_01922,ghrB_1,1.247484153,9.5111E-55,2.2649E-53
P_01923,ttuB_2,1.385952365,3.66903E-74,1.29979E-72
P_01924,kdgK_2,1.433436502,1.58878E-74,5.7346E-73
P_01925,,1.390418107,5.14778E-59,1.349E-57
P_01926,kdgR_1,1.417471868,9.82702E-90,4.40604E-88
P_00195,xerC_2,-0.145262148,0.393738423,0.48729868
P_01927,eamB_1,0.410506713,0.071337233,0.11432683
P_01928,yesS,0.548838844,0.157567181,0.226863535
P_01929,,-0.171875325,0.496572534,0.587472639
P_01930,,-0.354957132,0.025384613,0.045740123
P_01931,mexB,0.03448768,0.688838223,0.757326161
P_01932,mexA,0.301317777,0.007604265,0.015275071
P_01933,phoP_1,-0.214502293,0.020053706,0.037137211
P_01934,sasA_9,0.357473492,3.46843E-07,1.22118E-06
P_01935,,-0.264537468,0.008639262,0.017173787
P_01936,sigK,0.018870205,0.842821035,0.87610033
P_00196,,0.086094685,0.882679917,0.907831549
P_01937,,0.414124813,0.001375221,0.003153175
P_01938,,-0.523095133,3.99019E-07,1.39547E-06
P_01939,ssuD_2,0.403644645,0.005574818,0.011450923
P_01940,map_1,-0.289038811,0.035084332,0.061163117
P_01941,,0.269655097,0.320725548,0.412145974
P_01942,,1.529436021,1.39935E-91,6.42468E-90
P_01943,,0.110968163,0.076628926,0.121551522
P_01944,pfkB,0.185512081,0.12152384,0.181055378
P_01945,xylB_1,0.217855792,0.049740477,0.083516852
P_01946,por,0.162332502,0.313037876,0.404076556
P_00197,,-1.006799972,0.370813123,0.464345738
P_01947,malK,0.399356391,0.004904679,0.010169058
P_01948,sugB_1,0.343019599,0.027924186,0.049800157
P_01949,lacF,0.434556674,0.025373901,0.045735181
P_01950,,0.376167607,0.000379653,0.000947728
P_01951,,-0.023100827,0.921135481,0.938635747
P_01952,rhaS_4,-0.243695462,0.033768461,0.059102531
P_01953,,-0.215312899,0.146478552,0.212928169
P_01954,,0.851186235,3.04334E-11,1.47764E-10
P_01955,tpx,-0.685746323,2.1057E-08,8.24327E-08
P_01956,mdtA_3,-0.234038352,0.051143562,0.085561443
P_00198,,0.357423266,0.403271875,0.496967423
P_01957,mdtB_2,-0.337743217,0.001029161,0.002409773
P_01958,mdtC_1,-0.205443312,0.047271089,0.079861284
P_01959,oprM_3,-0.099795519,0.387597899,0.481164686
P_01960,,-0.303440674,0.010273623,0.020157376
P_01961,ygfF,0.685660781,4.20591E-21,3.55489E-20
P_01962,,-0.026748634,0.885196344,0.90993047
P_01963,norG_1,0.150253152,0.243257201,0.32825137
P_01964,,0.125567304,0.284654892,0.374257601
P_01965,,0.933492603,7.50463E-32,9.61364E-31
P_01966,srpB,0.825465788,1.06909E-29,1.27292E-28
P_00199,,0.67884824,0.001898213,0.004225697
P_01967,,0.548284135,1.94683E-11,9.57401E-11
P_01968,glgE2,0.339460513,9.51386E-08,3.54316E-07
P_01969,acpP_1,0.072877953,0.853034551,0.883995177
P_01970,lrpC_1,-0.328558656,0.11725558,0.175562164
P_01971,yedA_1,-0.619680886,0.00143121,0.003259411
P_01972,rhlE_2,-0.354611852,0.000232625,0.000599208
P_01973,,-0.117825613,0.287537765,0.377270058
P_01974,,-0.217329811,0.170301113,0.242761571
P_01975,,0.236579397,0.008574444,0.017062668
P_01976,tesB_2,0.163436381,0.094355141,0.146010411
P_00200,virB6,0.469873021,2.86052E-06,9.18664E-06
P_01977,gph_2,0.262150408,0.01414793,0.02704696
P_01978,,0.107152988,0.238938457,0.323564843
P_01979,,0.523072474,2.50654E-14,1.5E-13
P_01980,,0.211283201,0.077647518,0.12299727
P_01981,ribN,-0.444657154,2.06528E-07,7.42648E-07
P_01982,exuT_1,0.338549164,0.001239105,0.002863964
P_01983,,1.048021487,3.02302E-39,4.88708E-38
P_01984,nicS,-0.075364628,0.560711027,0.646428402
P_01986,aroE_2,1.21526418,2.87589E-10,1.29958E-09
P_00201,,-0.351752675,0.073815489,0.117674192
P_01987,aroQ_1,1.233717087,1.22318E-09,5.29398E-09
P_01988,,0.503285231,0.52227299,0.610826307
P_01989,fecI_3,-2.214423126,2.36989E-57,5.9134E-56
P_01990,,-1.446255286,2.47128E-67,7.62509E-66
P_01991,btuB_4,-2.059211083,3.2108E-109,1.8066E-107
P_01992,hasA,-4.26346825,0,0
P_01993,prsD_1,-1.433602087,1.2005E-26,1.26416E-25
P_01994,prsE_1,-1.844533937,2.57375E-27,2.77645E-26
P_01995,tolC_1,-0.807897235,5.92191E-08,2.2382E-07
P_01996,,0.634902828,0.002839009,0.006173957
P_00202,,0.014527946,0.959434775,0.970083893
P_01997,,0.191400569,0.187548892,0.263938963
P_01998,trmA,-0.056194134,0.506360056,0.596102638
P_01999,adeQ,0.024437755,0.774493304,0.826769273
P_02000,,-0.221988177,0.128272471,0.189779766
P_02001,yagT,0.324924459,0.000661606,0.001592683
P_02002,yagS,0.269571259,0.001783238,0.003991421
P_02003,yagR,0.235319186,0.001819724,0.004068326
P_02004,entS,-0.836918498,2.52786E-10,1.14865E-09
P_02005,cydA,0.125731416,0.065702982,0.106426591
P_02006,cydB,0.164583595,0.01757925,0.032989414
P_00203,,-0.346725965,0.038348206,0.066409279
P_02007,,0.516475887,9.92167E-09,3.96798E-08
P_02008,rlmG,-0.410238753,2.12375E-06,6.92557E-06
P_02009,anoR_2,0.437062567,2.66323E-06,8.58187E-06
P_02010,fpr_2,-0.203886516,0.06304201,0.102900483
P_02011,mscL,0.547175401,4.44905E-12,2.28178E-11
P_02012,katB,0.405345011,0.021009872,0.038670833
P_02013,,-0.223575142,0.410845673,0.503382433
P_02014,radA,0.113327123,0.151349607,0.219176229
P_02015,,0.23623301,0.001025522,0.002402897
P_02016,btsT,0.242044108,0.000204804,0.000530881
P_00002,,-0.242741474,0.61245962,0.690958474
P_00020,trpC_1,-4.731224796,1.2863E-105,6.964E-104
P_00204,,-0.337322522,0.000123354,0.000327441
P_02017,,0.282913697,0.021970726,0.040284343
P_02018,yjiA,-0.232987889,0.132888859,0.195601221
P_02019,glyA_2,-0.874860923,4.23328E-32,5.4595E-31
P_02020,,-0.808614125,9.06138E-19,6.89698E-18
P_02021,ettA_1,-0.434003599,8.68378E-09,3.49974E-08
P_02022,catM_2,0.446918952,2.39701E-05,6.96883E-05
P_02023,ynfM_1,-2.533263784,1.6502E-18,1.23153E-17
P_02024,,-2.494783493,2.7939E-162,2.7176E-160
P_02025,mdtL_3,-2.468433433,6.4385E-161,5.9598E-159
P_02026,,-1.924489405,6.62709E-76,2.438E-74
P_00205,top6B,-1.275713069,5.81879E-33,7.76606E-32
P_02027,,-2.804644458,4.2079E-132,3.0186E-130
P_02028,pphA,-2.63482426,1.2213E-113,7.2259E-112
P_02029,gdhA,-0.403552026,3.45641E-06,1.10386E-05
P_02030,greA_2,0.784063715,6.4117E-25,6.31162E-24
P_02031,,0.915688389,3.64721E-34,5.1052E-33
P_02032,,0.164433797,0.126334237,0.1872017
P_02033,pchB,-0.122926013,0.458097245,0.548741409
P_02034,,-1.576247366,5.29775E-34,7.37956E-33
P_02035,,0.387638885,4.65082E-06,1.46977E-05
P_02036,lon_1,0.01800478,0.792791229,0.838523565
P_00206,,-2.071898637,6.49429E-26,6.65549E-25
P_02037,,-0.606557885,0.416365558,0.509110404
P_02038,,-0.030248013,0.771708685,0.824736712
P_02039,,-0.295396541,0.016888455,0.03184445
P_02040,,1.059391208,2.84117E-14,1.6932E-13
P_02041,,0.693099889,9.63382E-08,3.58086E-07
P_02042,phaA,2.416122125,3.6196E-212,5.1933E-210
P_02043,scoB,2.64427983,3.7346E-240,6.9139E-238
P_02044,scoA,2.536504945,2.0806E-226,3.6184E-224
P_02045,cynR_3,0.528328654,0.009643549,0.019025208
P_02046,,1.124778198,8.2188E-49,1.68456E-47
P_00207,,-1.191495103,1.24841E-11,6.2193E-11
P_02047,cobB,-0.068172772,0.39481657,0.488225016
P_02048,hrp1,0.598946525,1.71544E-11,8.47239E-11
P_02049,topB_3,0.105558151,0.265347992,0.353489351
P_02050,nanT_2,0.270747992,0.031543749,0.055701407
P_02051,alkJ,0.574456966,1.48198E-12,7.91169E-12
P_02052,gltR_1,0.658461739,3.69895E-14,2.18173E-13
P_02053,,-0.016254315,0.919325828,0.937181602
P_02054,puuA_1,-0.239616081,0.222608275,0.305049878
P_02055,,-0.019962035,0.942832377,0.956329977
P_02056,rcnB,0.602760233,3.52302E-09,1.47473E-08
P_00208,lrp_1,-0.424065779,0.101830809,0.155800323
P_02057,mdtH_1,-0.0972236,0.523466416,0.612097344
P_02058,,-0.289962372,0.420498277,0.513346014
P_02059,malT_3,0.302421356,4.55803E-05,0.000128606
P_02060,,-0.065816609,0.423053363,0.515587864
P_02061,,0.015860129,0.894065005,0.91740373
P_02062,fbp_2,-0.206032678,0.353809848,0.447032951
P_02063,,-0.283899513,0.172638564,0.245368479
P_02064,mgtA_1,0.891270325,2.45098E-14,1.46982E-13
P_02065,mgtC,0.383444992,0.105131917,0.160210322
P_02066,bvgA_2,0.61698175,1.00838E-10,4.71648E-10
P_00209,iaaM_1,0.614773878,6.2853E-17,4.37228E-16
P_02067,bvgS_1,-0.008345207,0.91860934,0.936726902
P_02068,,0.448238176,0.012940288,0.02491255
P_02069,aroF_1,1.065956259,1.35141E-13,7.72485E-13
P_02070,,-0.383388435,0.001577432,0.003558523
P_02071,,0.299500394,0.000144408,0.000381038
P_02072,,0.100114241,0.53319353,0.621612271
P_02073,,0.898387306,0.00086214,0.002036142
P_02074,,0.660676883,3.50825E-16,2.31158E-15
P_02075,gacA,0.331241842,1.3665E-05,4.09521E-05
P_02076,uvrC,-0.524410526,1.18587E-06,3.97297E-06
P_00210,ramA_1,0.285145824,0.001201505,0.002782663
P_02077,pgsA,-0.661284026,7.9797E-05,0.000217349
P_02079,,0.61487259,5.90636E-19,4.55599E-18
P_02080,,0.170522793,0.104628521,0.159655167
P_02081,,0.071946131,0.599124559,0.679924035
P_02082,,0.037792001,0.899961233,0.922629067
P_02083,,0.395006597,0.001421712,0.003242572
P_02084,rclR_1,0.064644196,0.52632265,0.614810846
P_02085,nepI_1,-0.387157154,0.092320063,0.143195903
P_02086,prlC_2,0.235036857,0.078322791,0.123998483
P_02087,,0.264936873,0.002902329,0.006290206
P_00211,,-0.368611883,1.34314E-05,4.03786E-05
P_02088,,0.093379889,0.43230522,0.524191772
P_02089,sacB,-0.202874921,0.12780498,0.189185654
P_02090,,0.868362229,3.56541E-12,1.84507E-11
P_02091,,0.597260556,6.0437E-12,3.08309E-11
P_02092,rcsC_3,-0.179114892,0.012975176,0.024954603
P_02093,ydaD,-0.064118377,0.368211302,0.461792977
P_02094,rcsC_4,0.855596369,1.37656E-41,2.40123E-40
P_02095,purD,-1.577399228,1.59566E-47,3.17968E-46
P_02096,purH,-1.720617034,2.13803E-75,7.81538E-74
P_02097,fis,-0.256079112,0.071320131,0.11432683
P_00212,pqqA,0.385994201,0.016896036,0.03184445
P_02098,dus,-0.215199839,0.001317393,0.003033917
P_02099,,-0.240648646,0.00531826,0.010959243
P_02100,prmA_2,-0.749027604,1.39289E-08,5.51297E-08
P_02101,accC,-0.88149411,7.07967E-29,8.17509E-28
P_02102,accB,-1.205208135,6.19188E-22,5.39229E-21
P_02103,aroQ1,-0.718635869,6.2909E-13,3.44499E-12
P_02104,ctpL,0.090601635,0.648152921,0.723123953
P_02105,rssB_5,-0.716799386,3.89994E-16,2.56671E-15
P_02106,,0.347415683,2.5496E-07,9.11661E-07
P_02107,yfcD,0.20662402,0.05032412,0.084348752
P_00213,pqqB,0.025758119,0.77923696,0.829376122
P_02108,yciH,0.325908807,0.002873629,0.006239786
P_02109,speA,0.327565469,6.27033E-06,1.95467E-05
P_02110,dinF,-0.138364863,0.323344165,0.414860757
P_02111,yfhM,-0.3806464,3.96971E-09,1.65689E-08
P_02112,,0.548978927,4.27933E-12,2.1967E-11
P_02113,pbpC,-0.739008166,1.60484E-12,8.52794E-12
P_02114,,0.36783747,0.02015541,0.037313515
P_02115,cmoM,0.420019436,2.17566E-05,6.36398E-05
P_02116,,0.406261754,7.50672E-06,2.32118E-05
P_02117,,0.405284101,2.58924E-09,1.09504E-08
P_00021,,-2.763987271,2.1962E-168,2.2916E-166
P_00214,pqqC,0.047262075,0.644074737,0.719553225
P_02118,,0.923800354,4.26021E-38,6.55478E-37
P_02119,sasA_10,0.282936626,2.83574E-05,8.19452E-05
P_02120,,1.038089989,8.12572E-46,1.57015E-44
P_02121,,0.241321219,0.001054308,0.002460623
P_02122,rssB_6,1.038636536,4.51008E-66,1.37677E-64
P_02123,,0.431524279,2.75037E-05,7.95584E-05
P_02124,,0.13224243,0.107299132,0.162950441
P_02125,,0.237275595,0.003548443,0.007568169
P_02126,,0.126183727,0.157716066,0.227020944
P_02127,,0.249683559,0.000207855,0.000538302
P_00215,pqqD,0.075945084,0.74594097,0.805599403
P_02128,,0.137422739,0.069315095,0.111490843
P_02129,,0.508854004,9.24974E-14,5.3351E-13
P_02130,,0.777230229,1.86372E-27,2.03344E-26
P_02131,,1.120062667,2.03397E-06,6.65127E-06
P_02132,atoC_2,1.02535083,5.50428E-48,1.11622E-46
P_02133,hxuB,-0.149033445,0.04428344,0.075323848
P_02134,,2.125341108,1.3796E-199,1.7994E-197
P_02135,,0.02794632,0.734413849,0.797200885
P_02136,hcaB_3,0.231974833,0.000641819,0.001553155
P_02137,fadI_1,0.554543729,2.43305E-16,1.62175E-15
P_00216,mftC,0.125435764,0.158954523,0.228631581
P_02138,,0.200560795,0.00559971,0.011497939
P_02139,hmrR,0.335921359,0.025771726,0.046321308
P_02140,pacS,0.534032581,8.83352E-09,3.55011E-08
P_02141,,0.227448904,0.025222779,0.045534296
P_02142,copZ,0.39340362,0.056401523,0.09336266
P_02143,bcr_1,-0.527899049,3.1114E-08,1.20245E-07
P_02144,,0.620685513,1.72139E-07,6.24467E-07
P_02145,,0.568132201,4.90604E-09,2.01978E-08
P_02146,,0.586520437,0.000445353,0.001100724
P_02147,dmlR_4,0.175954445,0.217550576,0.298975756
P_00217,,0.762349576,5.05943E-09,2.07995E-08
P_02148,,0.940739785,1.72619E-17,1.22758E-16
P_02149,naiP_2,0.394290174,0.00415829,0.008741549
P_02150,,0.771070694,2.6451E-23,2.45635E-22
P_02151,chaA,0.03583428,0.658462424,0.731382527
P_02152,,-0.057115864,0.833163503,0.868420876
P_02153,,0.045851649,0.877199503,0.90368692
P_02154,,0.003092953,0.971631131,0.978794289
P_02155,,-0.121255703,0.172642955,0.245368479
P_02156,,-0.263945584,0.037855452,0.065615355
P_02157,,0.327287118,0.024758108,0.044808193
P_00218,,0.103074307,0.512578387,0.60216228
P_02158,,0.660926699,1.0814E-18,8.18755E-18
P_02159,nadE,0.326409366,1.64406E-05,4.88113E-05
P_02160,pncB2,0.492910832,8.34527E-09,3.37516E-08
P_02161,gcvA_4,0.320744147,0.011386323,0.022166252
P_02162,gabD,0.545847625,3.21243E-10,1.44258E-09
P_02163,puuB_1,0.163019396,0.222041135,0.304418078
P_02164,braC_1,0.552648744,1.82573E-07,6.6023E-07
P_02165,livH_1,0.231724706,0.113729924,0.171131629
P_02166,,0.11095234,0.349073278,0.441943865
P_02167,glnQ_5,-0.219576008,0.239276198,0.323945765
P_00219,argD_1,1.943280442,3.6805E-102,1.9029E-100
P_02168,livF_1,-0.025836927,0.8549692,0.885139098
P_02169,isfD,-0.389584837,0.000756248,0.00180349
P_02170,zitB,-0.09193846,0.505244908,0.595400518
P_02171,,-0.670078736,2.60752E-08,1.0118E-07
P_02172,,-0.361017743,0.05176002,0.086377074
P_02173,ureG,-0.166555018,0.339619927,0.432231366
P_02174,ureF,-0.286929337,0.225229307,0.308053144
P_02175,ureE,0.192228133,0.278235696,0.367586247
P_02176,,-0.105646315,0.721851842,0.786241739
P_02177,fabR,-1.225801992,3.30774E-17,2.31784E-16
P_00220,cynR_1,-0.0922885,0.499614248,0.590219467
P_02178,,1.616006618,5.7326E-137,4.2179E-135
P_02179,,0.884727726,1.85903E-40,3.1565E-39
P_02180,,1.461041871,3.52898E-77,1.35019E-75
P_02181,lips,0.229454125,0.025982414,0.046656156
P_02182,,0.228141195,0.096204765,0.148379239
P_02183,nimR_2,-0.165511721,0.208045451,0.287773642
P_02184,psiF,0.336609313,6.38975E-05,0.000176471
P_02185,,-0.554981758,2.2923E-07,8.22732E-07
P_02186,dnaK_2,-0.217805966,0.303400903,0.393673476
P_02187,,0.229833895,0.010578388,0.020719922
P_00221,dmdC_1,0.449476239,6.20935E-09,2.53814E-08
P_02188,cbpA,-0.689610883,5.74915E-08,2.17785E-07
P_02189,ureC,-0.243577159,0.037965048,0.065765593
P_02190,ureB,-0.367091661,0.257933055,0.345053101
P_02191,ttr,-0.350643785,0.089904914,0.139903553
P_02192,,-0.084471693,0.663967198,0.736472313
P_02193,ureA,-0.143610108,0.498846123,0.589676189
P_02194,ureD,-0.225316366,0.160613198,0.230670457
P_02195,livF_2,-0.747665509,0.037243869,0.064652923
P_02196,lptB_2,-0.652024706,0.05738708,0.094720866
P_02197,,0.599196903,1.82852E-05,5.3981E-05
P_00222,dmdC_2,1.119188205,1.51366E-50,3.22933E-49
P_02198,,0.030365091,0.869135387,0.896955221
P_02199,amiC_1,-0.506609176,0.005775432,0.011782868
P_02200,,-1.503291812,3.34399E-37,5.02387E-36
P_02201,pfeA_2,-1.29236994,6.64966E-53,1.5265E-51
P_02202,,-0.640551334,0.001408711,0.003215828
P_02203,,-0.521375063,3.58952E-07,1.2615E-06
P_02204,,0.219233759,0.009046303,0.017933241
P_02205,,0.194078477,0.477893236,0.568538408
P_02206,cobK,-0.122877798,0.452128258,0.54285143
P_02207,cobL,0.223400517,0.021006884,0.038670833
P_00223,,0.171603967,0.241657978,0.326246798
P_02208,sir_1,-0.608783112,1.22645E-10,5.69466E-10
P_02209,cobH,-0.778156986,3.13561E-05,9.01446E-05
P_02210,cobI,-1.236801309,3.63514E-07,1.27521E-06
P_02211,cysG_1,-0.771785798,3.65937E-12,1.89029E-11
P_02212,,0.1023399,0.69540189,0.762643119
P_02213,,-0.225137934,0.157860704,0.227115212
P_02214,norG_2,0.760398399,2.0038E-29,2.36136E-28
P_02215,,-0.082589999,0.389786568,0.483463392
P_02216,,0.308746827,0.005174533,0.010701493
P_02217,,0.266321807,0.004325549,0.009059972
P_00022,wbpE_1,-2.385614024,3.9142E-173,4.4927E-171
P_00224,dmdC_3,0.08120027,0.348522362,0.441454693
P_02218,,0.77460254,7.23244E-19,5.53426E-18
P_02219,,1.170318784,2.28791E-10,1.04374E-09
P_02220,,0.209966979,0.024243739,0.043960449
P_02221,,-0.038605104,0.737732721,0.800046879
P_02222,,0.01247569,0.893611408,0.917102266
P_02223,,-0.713756411,1.31146E-11,6.52773E-11
P_02224,,0.04728042,0.453242371,0.543624029
P_02225,fadA_3,1.950267999,5.7917E-119,3.8205E-117
P_02226,fadJ,2.054484175,2.8774E-138,2.1728E-136
P_02227,,0.861115654,2.65755E-30,3.22446E-29
P_00225,,-0.155805201,0.748002309,0.807037517
P_02228,corA,-6.64842E-05,0.999432771,0.999606949
P_02229,plsC,-0.148064663,0.495450091,0.586749499
P_02230,fadB_2,0.593369572,2.90705E-13,1.62766E-12
P_02232,,0.686485058,1.63062E-09,7.02035E-09
P_02233,,0.583670511,1.99643E-05,5.86361E-05
P_02234,,0.488295146,1.22695E-06,4.1058E-06
P_02235,,1.279682779,3.75443E-72,1.29022E-70
P_02236,,-1.862250053,1.19604E-81,4.80005E-80
P_02237,bdcA,1.179922438,1.94562E-15,1.23654E-14
P_02238,dmlR_5,0.384777491,0.000723284,0.001728426
P_00226,,0.608365141,4.45054E-16,2.91571E-15
P_02239,hyuE,0.232973717,0.187396915,0.263789771
P_02240,pucI_1,-0.384488376,0.081434603,0.128182444
P_02241,cysH,0.230628158,0.014854734,0.028274943
P_02242,,-0.329454918,0.009081274,0.017990139
P_02243,,0.357961693,0.115048857,0.172844343
P_02244,higB_1,0.125879147,0.599445513,0.680019332
P_02245,pabB,-0.128940301,0.329513659,0.421269523
P_02246,rimK_2,-1.303206639,7.2963E-19,5.57569E-18
P_02247,,-1.179836998,2.06896E-24,2.00232E-23
P_02248,,-1.10229134,3.91572E-12,2.01908E-11
P_00227,bioD1,-0.124479005,0.303191907,0.393673476
P_02249,gntR_1,0.441179108,3.68428E-05,0.00010509
P_02250,prpB,1.029521143,1.4434E-19,1.14574E-18
P_02251,prpC_3,0.610755412,3.82366E-10,1.70505E-09
P_02252,acnD,0.66065833,1.35315E-15,8.6671E-15
P_02253,,0.542440893,3.33924E-08,1.2879E-07
P_02254,prpD,-1.040289596,2.17359E-35,3.12637E-34
P_02255,,-0.71286869,2.59803E-23,2.41655E-22
P_02256,dapH_1,-0.861256936,2.06288E-31,2.59624E-30
P_02257,cysK_1,-0.811797621,8.18961E-23,7.42499E-22
P_02258,glpE_3,-0.603512357,1.17354E-15,7.55885E-15
P_00228,bioC,0.060221693,0.57068498,0.654770312
P_02259,yedA_2,0.111608193,0.081897331,0.128802269
P_02260,tauR,0.18978463,0.004183616,0.008781922
P_02261,ppsR,-0.573937333,1.13288E-11,5.65356E-11
P_02262,ppsA,0.012443672,0.84234845,0.875767709
P_02263,,-0.686372248,9.61712E-08,3.57697E-07
P_02264,,-0.429281993,2.86746E-09,1.20825E-08
P_02265,zntB_1,-1.311656378,3.72633E-42,6.60043E-41
P_02266,,-0.334415633,0.000756403,0.00180349
P_02267,,-0.24477165,0.000203942,0.000529125
P_02268,,-0.328930482,3.01514E-07,1.0688E-06
P_00229,bioH,0.562593395,2.91106E-12,1.5174E-11
P_02269,oprF,-0.113056698,0.116538768,0.174580002
P_02270,sumT,0.329404911,0.249520049,0.335204953
P_02271,nasA_1,0.323655268,0.01291262,0.024867627
P_02272,hcaC,-1.297600464,0.194051357,0.271823465
P_02273,nasD,0.286400588,0.074646557,0.118834006
P_02274,pknD_2,0.212129619,0.422516933,0.515262362
P_02275,nasA_2,0.13381636,0.661008262,0.733615628
P_02276,pdtaR,0.265145993,0.476777944,0.567329176
P_02277,nrtA,0.280045488,0.087291137,0.13631669
P_02278,,0.184055671,0.283400739,0.372864933
P_00230,bioF,-0.263840532,0.01275723,0.02458487
P_02279,,0.762790694,0.431703259,0.524015441
P_02280,,-0.641870838,0.009277486,0.018334536
P_02281,cysS,-0.676253684,8.82853E-20,7.04686E-19
P_02282,glnS,-0.426266968,1.3058E-07,4.76716E-07
P_02283,,-0.78141237,1.13263E-11,5.65356E-11
P_02284,lpxH_1,-2.222092296,1.57723E-24,1.5316E-23
P_02285,emrB_1,-1.082903681,3.59915E-08,1.38072E-07
P_02286,emrA_2,-0.331306115,0.109055765,0.165207252
P_02287,ttgF,-0.163086744,0.247063457,0.332605484
P_02288,slyA_3,-0.83489497,0.023788357,0.043244023
P_00231,bioB,-0.586016776,3.14899E-12,1.63696E-11
P_02289,,-0.20637234,0.260429158,0.348067755
P_02290,rcsC_5,-0.167890756,0.263895015,0.351798721
P_02291,rcsC_6,0.441470648,0.002047831,0.004538984
P_02292,rcsC_7,-0.243399272,0.017031314,0.032088874
P_02293,rcsB_2,-0.632868986,0.009971253,0.019611042
P_02294,mrpA_1,-0.772477467,0.019905055,0.036897645
P_02295,lpfB,0.221464029,0.544150012,0.631649863
P_02297,,-0.724520187,7.70119E-16,5.00534E-15
P_02298,tamA,-0.665818115,2.57023E-08,9.98006E-08
P_02299,,0.181581257,0.011858785,0.022992422
P_00232,,-0.041898451,0.809919052,0.851460971
P_02300,xthA,-0.716048577,4.07446E-14,2.39583E-13
P_02301,,-0.319502156,0.150132927,0.217633965
P_02302,bbsG,0.842552921,8.36955E-23,7.57616E-22
P_02303,pcpR_1,0.426645947,0.000104303,0.000279979
P_02304,cueR,0.203543207,0.106773114,0.162376864
P_02305,liuE,-0.311987298,1.96339E-05,5.77546E-05
P_02306,,0.298863753,0.000578098,0.00140939
P_02307,fadD3,0.02205984,0.800120526,0.844282019
P_02308,mmgC_3,1.476367123,2.22583E-81,8.87087E-80
P_02309,,1.325200176,3.71879E-67,1.14129E-65
P_00233,modE,-0.247220211,0.066966328,0.108167677
P_02310,menB_1,1.484947525,9.64057E-52,2.13619E-50
P_02311,accA1_2,1.164518736,2.30866E-49,4.76598E-48
P_02312,,-0.137276693,0.416407777,0.509110404
P_02313,,0.109989029,0.129614308,0.191468858
P_02314,,0.175980575,0.06594855,0.106703899
P_02315,yceJ_1,0.290526744,0.033468227,0.058684436
P_02316,srpA,0.472290927,6.85712E-07,2.35788E-06
P_02317,echA8_1,0.085099564,0.521818802,0.610668455
P_02318,,0.207717727,0.405952361,0.499305744
P_02319,tycB_1,0.222356726,0.151823083,0.21974139
P_00023,wbpE_2,-2.581308428,2.378E-166,2.353E-164
P_00234,,0.06648735,0.678517982,0.748848981
P_02320,ecfG,-0.031249652,0.836610839,0.871295981
P_02321,,-1.1584299,3.83474E-26,3.96533E-25
P_02322,,-1.027529149,5.20555E-23,4.7647E-22
P_02323,,-0.599238269,2.13154E-18,1.5764E-17
P_02324,,-0.260444797,0.00191849,0.00426587
P_02325,,0.060191721,0.49587752,0.587134534
P_02326,,0.252832595,0.000204046,0.000529155
P_02327,,0.491240271,2.44943E-11,1.19943E-10
P_02328,,0.386750271,2.78677E-08,1.07917E-07
P_02329,zapE_1,0.155084529,0.170505603,0.242992713
P_00235,rdoA,0.272789262,0.012946245,0.024915661
P_02330,kdkA_1,-0.697977373,1.48552E-05,4.44262E-05
P_02331,,-0.304886495,0.393897643,0.48729868
P_02332,azoR_1,-0.069767899,0.843443474,0.876588573
P_02333,yhcG,0.091821726,0.567656902,0.651947761
P_02334,,-0.046954059,0.682254614,0.752105115
P_02335,,0.055636133,0.650483439,0.72516015
P_02336,,-0.356253191,0.041304543,0.070739115
P_02337,,-0.475482792,2.38607E-05,6.94052E-05
P_02338,,-0.708358813,4.03914E-05,0.000114642
P_02339,,-0.87562729,7.17196E-05,0.000196749
P_00236,rarD_1,0.201457204,0.01386691,0.026562816
P_02340,,-0.911042847,5.39356E-07,1.86918E-06
P_02341,yjfC,-1.014696267,1.31209E-09,5.67452E-09
P_02342,,-0.359325924,0.274839905,0.363769884
P_02343,,0.149334353,0.383121962,0.476443377
P_02344,ycaC_1,0.378678377,0.209256154,0.28909992
P_02345,,-1.120337171,4.71401E-09,1.94911E-08
P_02346,,1.09087458,2.29443E-20,1.87308E-19
P_02347,,0.6583602,7.04125E-11,3.32906E-10
P_02348,recD2,-0.189286428,0.005604278,0.011503201
P_02349,nucS,-0.014228625,0.939023818,0.953309339
P_00237,purU_1,0.650210514,7.77774E-19,5.93569E-18
P_02350,,-0.537085427,2.55631E-08,9.93275E-08
P_02351,,-0.553410729,0.008441896,0.016828079
P_02352,,-0.106942144,0.303727897,0.393988176
P_02353,,-0.064528039,0.827200717,0.864166295
P_02354,,-0.274810344,0.324548391,0.41594087
P_02355,intA_4,0.171163417,0.076928442,0.121966795
P_02356,prtR_2,-0.118318734,0.603299271,0.683445424
P_02357,ppa_1,-0.667899859,1.02068E-12,5.51571E-12
P_02358,mtfA,-0.550347559,0.008936889,0.017728587
P_02359,dedA,-0.705894284,4.69186E-05,0.000132252
P_00238,glcB,0.132981792,0.049990132,0.083837922
P_02360,,0.583192789,1.28867E-14,7.85106E-14
P_02361,eutC,0.602548155,2.68412E-14,1.60126E-13
P_02362,eutB,0.583267262,5.53151E-13,3.04658E-12
P_02363,,0.166031722,0.105458959,0.160623399
P_02364,ald1,0.41638375,1.42004E-07,5.1645E-07
P_02365,acoR_2,0.748051222,3.75172E-27,4.02451E-26
P_02366,,0.334189094,0.006435285,0.013059441
P_02367,mpl,-0.21506862,0.003694728,0.00785335
P_02368,ubiX,-0.357658348,4.33843E-05,0.000122833
P_02369,,-0.44685332,0.00189403,0.004218021
P_00239,rssB_1,0.689929332,3.13551E-20,2.54162E-19
P_02370,,0.677043356,3.37617E-24,3.23469E-23
P_02371,,-0.395181934,5.25487E-05,0.000147111
P_02372,,-0.21856173,0.025950682,0.04661376
P_02373,cidA,-0.260459681,0.196928513,0.274981201
P_02374,yohK,0.282427751,0.001046503,0.00244539
P_02375,,0.309401,0.001397293,0.003193574
P_02376,,-0.15326122,0.443465708,0.53523653
P_02377,,-0.429436494,9.84131E-05,0.000265535
P_02378,,-0.98904594,2.56893E-16,1.70637E-15
P_02379,proA,-0.047754129,0.497289111,0.588199136
P_00240,guaB_1,0.734418055,4.54612E-19,3.53047E-18
P_02380,nadD,-0.369407395,6.53326E-06,2.03111E-05
P_02381,rsfS,-0.432374825,1.03044E-06,3.4864E-06
P_02382,rlmH,-1.206311314,4.51555E-23,4.13973E-22
P_02383,mrdA_1,-1.117028643,9.17245E-18,6.63817E-17
P_02384,mrdB,-0.5271225,0.005453962,0.011222764
P_02385,mltB,-0.350949392,6.45893E-05,0.000178296
P_02386,rlpA_2,-0.773272119,2.42317E-20,1.97536E-19
P_02387,dacC_1,-0.863776285,6.53154E-23,5.94049E-22
P_02388,,0.327292841,3.43365E-05,9.83319E-05
P_02389,lipB,0.271382398,0.000216151,0.000558779
P_00241,polC_1,-0.808208203,1.21066E-07,4.44813E-07
P_02390,lipA,0.430139216,8.99879E-10,3.92134E-09
P_02391,norG_3,-0.056951885,0.71450957,0.778785302
P_02392,,-0.073335334,0.520466832,0.6095835
P_02393,tdh_1,0.656401347,4.2571E-23,3.9153E-22
P_02394,nodD2_3,-0.936832925,4.02293E-23,3.70588E-22
P_02395,intS_2,0.215510684,0.010924458,0.02134677
P_02396,namA_2,0.186983038,0.07335204,0.117098013
P_02397,,-0.158900696,0.18638152,0.262553643
P_02398,,-0.321528458,0.048174085,0.081219469
P_02399,,-0.184439503,0.02666472,0.047791639
P_00242,fecI_1,-3.236078359,8.5597E-111,4.8638E-109
P_02400,,-0.237220162,0.118345723,0.176917454
P_02401,,0.04287362,0.783078779,0.832392871
P_02402,,0.83356148,0.048848917,0.082212297
P_02403,luxB,-0.254701023,0.214234771,0.294913253
P_02404,,-0.243003224,0.199559388,0.278451574
P_02405,,0.110476212,0.741031634,0.803017475
P_02406,mdtC_2,0.151898324,0.156254453,0.225199474
P_02407,hcf136_1,-0.04755451,0.688711082,0.757326161
P_02408,tyrA_1,0.001237456,0.993650452,0.995732485
P_02409,,0.175170577,0.029807838,0.052961977
P_00243,fecR_1,-1.577190635,3.6058E-52,8.11516E-51
P_02410,kdgK_3,0.585858734,2.09669E-05,6.14549E-05
P_02411,amtB_1,0.058957759,0.698994231,0.76425149
P_02412,fni,0.109467772,0.658486412,0.731382527
P_02413,,0.245114031,0.55639484,0.642872959
P_02414,purF_1,-0.460128873,0.228792852,0.311516531
P_02415,,0.331385013,0.194824852,0.272507878
P_02416,,0.375536476,6.28845E-05,0.000173841
P_02417,,-0.371481557,1.73869E-05,5.14349E-05
P_02418,,-0.546930073,2.76227E-06,8.89101E-06
P_02419,purU_3,0.090867874,0.708701998,0.773680952
P_00024,iolE_1,-2.878664431,1.854E-145,1.4778E-143
P_00244,fhuA_1,-0.010690698,0.9232447,0.940451071
P_02420,folD_1,-0.05623794,0.793889973,0.8393763
P_02421,soxB_2,-0.052059398,0.806426458,0.848722069
P_02422,soxD_2,-0.291125733,0.548144189,0.635515051
P_02423,soxA_2,-0.040852908,0.730977832,0.794372615
P_02424,,0.159223031,0.065391309,0.105981565
P_02425,pcaR_1,-0.009971226,0.932281176,0.947469749
P_02426,,-0.676531355,0.015264273,0.028987976
P_02427,,0.227010966,0.000511213,0.001255393
P_02428,lutR_3,0.405747257,1.05087E-08,4.19689E-08
P_02429,,0.137209508,0.421429469,0.514373399
P_00245,,0.260153228,0.201723653,0.28072067
P_02430,pagL_1,-0.691035195,0.235147313,0.31933517
P_02431,,-0.064347653,0.785270744,0.833333728
P_02432,,0.272584541,0.060269723,0.09888163
P_02433,,0.34779993,0.00335895,0.007192915
P_02434,pqiB_2,-0.146215429,0.192601463,0.270056144
P_02435,pqiA_2,0.287169531,0.575086186,0.659029478
P_02436,yebS_2,-0.293826015,0.610473264,0.689530813
P_02437,sasA_11,0.183001845,0.089329715,0.139159402
P_02438,baeR,0.210464359,0.040726826,0.069937539
P_02439,cusC,-0.16933226,0.064529057,0.104838003
P_00246,,0.108762795,0.830158624,0.866232789
P_02440,,0.158656558,0.311238071,0.40252456
P_02441,mdtA_4,-0.07386346,0.514531956,0.603986755
P_02442,swrC,0.291452465,0.001156381,0.00268357
P_02443,,0.19187933,0.657174464,0.730632245
P_02444,,0.122458563,0.584064676,0.666788776
P_02445,,-0.234839706,0.244484749,0.329597833
P_02446,,0.172755337,0.811213375,0.852639287
P_02447,soj_3,0.215008373,0.195669161,0.273622153
P_02448,,-0.198383999,0.788337823,0.835507067
P_02449,,0.159234495,0.113475426,0.170793462
P_00247,yibF_1,0.345875763,0.048704008,0.082025285
P_02450,,0.118811917,0.623212752,0.700948731
P_02451,,-0.073834045,0.617309073,0.69533597
P_02452,tcyA_1,0.106095804,0.148261445,0.215084033
P_02453,,0.092218641,0.321743935,0.413084662
P_02454,,-0.215948793,0.207164509,0.287123471
P_02455,ygjP,-0.8949574,1.03122E-12,5.56218E-12
P_02456,,-0.219196972,0.006419864,0.013037367
P_02457,alyA,0.360337679,5.2776E-05,0.000147603
P_02458,,0.205350011,0.095301261,0.147223132
P_02459,,-0.011845695,0.981352961,0.986682663
P_00248,,-0.043240167,0.97074623,0.978521428
P_02460,,0.325485178,0.526703456,0.615005317
P_02461,,-0.559317345,0.26612019,0.354435779
P_02462,cbbA,0.046146594,0.536438086,0.624719597
P_02463,mliC,-0.080881823,0.29944538,0.39021731
P_02464,,0.104939562,0.217759095,0.299190675
P_02465,pgk,-0.141032757,0.072910721,0.11649071
P_02466,epd,-0.438159387,1.99493E-05,5.86222E-05
P_02467,tktA,0.497244315,8.58311E-15,5.29092E-14
P_02468,ubiG_4,-1.057581577,2.44377E-40,4.11285E-39
P_02469,metK,-0.986158511,8.14122E-28,9.07233E-27
P_00249,creD,-0.470342884,0.117944971,0.176420242
P_02470,,0.203599204,0.284354381,0.373948165
P_02471,ligB,-0.221252049,0.048052497,0.081062104
P_02472,,-0.014947728,0.905556831,0.927040787
P_02473,,-0.040919167,0.725016091,0.789388606
P_02474,mltA,-0.64087822,6.30686E-06,1.96499E-05
P_02475,,-0.577803093,5.58865E-11,2.65948E-10
P_02477,nhaP_1,-0.501013577,0.005744376,0.011732019
P_02478,,-0.892407864,0.00028054,0.000716201
P_02479,,-0.762574659,0.061775896,0.101092634
P_02480,,-0.144692726,0.795787613,0.840917899
P_00250,creC,-0.78656247,3.47704E-10,1.55532E-09
P_02481,,0.265125717,0.064249668,0.104514979
P_02482,,0.475193114,1.3055E-07,4.76716E-07
P_02483,recF_2,-0.531323491,1.78435E-10,8.19886E-10
P_02484,,-0.584121233,0.008130343,0.016252191
P_02485,,-0.419328691,0.005356696,0.011034486
P_02486,,-0.291777501,0.056029604,0.092800548
P_02487,,-0.052802573,0.641561286,0.717303764
P_02488,clcA,-0.657203425,8.74068E-11,4.1117E-10
P_02489,trkI_2,-0.547495512,0.016330375,0.030889922
P_02490,,-0.625099184,3.50243E-15,2.20399E-14
P_00251,creB,-0.25841901,0.038694488,0.066908005
P_02491,polC_2,-1.007940232,4.06146E-09,1.69149E-08
P_02492,guaB_3,-0.47049709,7.87936E-07,2.69646E-06
P_02493,,-0.294385824,0.004791719,0.009960041
P_02494,,-0.100276391,0.682253238,0.752105115
P_02495,rppH_4,-0.221857649,0.261373308,0.349004518
P_02496,nhaA_1,-0.271512874,0.020232029,0.03743121
P_02497,ppa_2,-0.052313413,0.792040922,0.838347999
P_02498,,-0.048084141,0.862377099,0.891744535
P_02499,crcB_1,-0.402808637,0.114056831,0.171533582
P_02500,,-1.192329318,1.1732E-12,6.30429E-12
P_00252,,-0.296893862,0.043495902,0.074138099
P_02501,,0.237718683,0.112214109,0.169205668
P_02502,,-0.117357217,0.337978885,0.430461789
P_02503,,0.045746677,0.69282772,0.760983403
P_02504,,-0.722829477,0.038894009,0.067232746
P_02505,,-0.268874672,0.100227324,0.153551686
P_02506,,0.027251058,0.750959835,0.808888606
P_02507,,-0.168849659,0.107911517,0.163793757
P_02508,,0.446831896,2.50847E-08,9.75346E-08
P_02509,,-0.218410616,0.018260304,0.034191152
P_02510,,-0.7434267,0.019552103,0.03633728
P_00253,yihG_1,-1.420667142,1.11048E-28,1.27207E-27
P_02511,,-0.459778845,0.202044315,0.281030617
P_02512,,0.480628793,2.71145E-07,9.67726E-07
P_02513,,0.254755247,0.062161224,0.101665221
P_02514,,0.680032036,9.14173E-14,5.27811E-13
P_02515,,0.194596167,0.053180269,0.088464221
P_02516,xerD_1,-0.167161907,0.539823267,0.628024677
P_02517,yabJ_2,-0.433766514,0.001630595,0.00366836
P_02518,fabF_1,0.156009999,0.285641294,0.375296563
P_02519,,0.473548656,0.004516399,0.009418465
P_02520,,-0.254929046,0.022906607,0.041786719
P_00025,lysK,-3.277353066,9.274E-241,1.7741E-238
P_00254,,0.148732422,0.171647199,0.244376897
P_02521,,0.07695103,0.688022732,0.756864569
P_02522,rssB_7,-0.004176947,0.975424298,0.981305458
P_02523,sasA_12,-0.354318997,0.064270249,0.104518832
P_02524,ssuA_1,0.272405177,0.12946207,0.191293208
P_02525,moxC_1,0.236255451,0.11995947,0.178863964
P_02526,,0.346828448,0.000599299,0.00145798
P_02527,dmlR_6,-0.303166509,0.018501719,0.034557781
P_02528,,1.087076207,4.01222E-20,3.23856E-19
P_02529,,0.97126508,9.12775E-06,2.79531E-05
P_02530,,-1.91089826,0.002435835,0.00532746
P_00255,,0.369626654,9.58449E-07,3.25283E-06
P_02531,fmt_1,0.193805285,0.043284931,0.073844299
P_02532,tmk_1,-0.191582225,0.099474726,0.152520827
P_02533,,0.170739418,0.031491701,0.055643741
P_02534,cycA,-0.272985112,0.003468106,0.007418359
P_02535,aphB,0.534990683,5.07011E-06,1.59788E-05
P_02536,decR_1,0.134963446,0.404769828,0.498385334
P_02537,,0.126977021,0.627927646,0.704531136
P_02538,,0.002841874,0.991749841,0.994870186
P_02539,dhmA,0.133840416,0.616307182,0.694669047
P_02540,,0.33859174,0.133574799,0.196510068
P_00256,,0.99970034,2.36028E-14,1.41691E-13
P_02541,pytH,0.272060944,0.025307012,0.045657636
P_02542,dipZ,-0.201917875,0.503796966,0.594060158
P_02543,,-0.044580501,0.936713291,0.951300226
P_02544,ompR_3,-0.054451263,0.659271377,0.731971065
P_02545,sasA_13,-0.024621353,0.82329908,0.860796761
P_02546,,-0.448585732,0.051492363,0.086055525
P_02547,,-0.25550468,0.110010233,0.166382621
P_02548,,0.397494237,3.90947E-05,0.000111237
P_02549,,0.277224833,0.002137778,0.00472055
P_02550,,0.206570538,0.043196451,0.073759128
P_00257,fdhA_1,-0.173575926,0.104322633,0.159230742
P_02551,,0.153586356,0.097490012,0.150079178
P_02552,,-0.156881049,0.118290837,0.176881478
P_02553,,-0.443141323,0.001257701,0.002905775
P_02554,recF_3,-0.176182864,0.021863794,0.040126739
P_02555,rep_2,-0.367274986,1.75014E-06,5.76583E-06
P_02556,,0.418327556,0.174580152,0.247937514
P_02557,,-0.93307956,8.73924E-09,3.51714E-08
P_02558,,-0.432591408,0.000105318,0.000282176
P_02559,,0.140489981,0.058552074,0.096449585
P_02560,bcr_2,-0.16801547,0.094840262,0.146629382
P_00258,purU_2,-0.244934402,0.017919925,0.033586617
P_02561,xerC_4,-0.297566705,0.072592912,0.116047555
P_02562,,0.3318164,0.000115785,0.000308777
P_02563,arnC_2,-0.719136925,4.10709E-10,1.82718E-09
P_02564,arnA,-0.914713529,3.46007E-32,4.49262E-31
P_02565,arnD,-1.514392858,8.10782E-36,1.18399E-34
P_02566,arnT_2,-1.45672666,1.89596E-40,3.20971E-39
P_02567,arnE_2,-2.832515383,1.14608E-12,6.16435E-12
P_02568,arnF_2,-1.470175306,6.29258E-10,2.76729E-09
P_02569,rkpK,-2.047149959,2.93825E-61,8.266E-60
P_02570,,-0.767151411,2.41783E-10,1.10039E-09
P_00259,soxG,0.473988348,0.001562522,0.00352905
P_02571,,-0.104050565,0.567565867,0.651947761
P_02572,,0.08496923,0.658441557,0.731382527
P_02573,menB_2,0.984260301,2.34526E-33,3.20463E-32
P_02574,mmgC_4,0.712984221,1.02855E-12,5.55303E-12
P_02575,gcd,0.317027519,5.03212E-07,1.7492E-06
P_02576,,-2.400949439,6.32357E-48,1.27337E-46
P_02577,ddc,-1.391613876,6.9524E-35,9.82754E-34
P_02578,,-0.035302393,0.629634067,0.706119388
P_02579,,-0.113587385,0.798968702,0.843502829
P_02580,lon_2,-0.36413911,9.05709E-06,2.77516E-05
P_00260,soxA_1,0.827196299,2.73514E-17,1.93075E-16
P_02581,,-0.584042459,0.000272069,0.000695194
P_02582,,-0.861898137,1.51557E-05,4.52307E-05
P_02583,cmoA,-0.586167983,0.006241872,0.012698371
P_02584,cmoB_1,-0.784623885,1.95243E-06,6.4065E-06
P_02585,tadA,-0.141239746,0.287608272,0.377276314
P_02586,mmcO,0.15698745,0.031691505,0.055927905
P_02587,pdxJ,-0.120586546,0.304002291,0.394186433
P_02588,recO,-0.132345865,0.659436443,0.732012716
P_02589,era,-0.592465698,1.54369E-09,6.65606E-09
P_02590,rnc,-1.216057617,5.06963E-24,4.84104E-23
P_00261,soxD_1,0.396173341,0.058570952,0.096452997
P_02591,lepB,-0.694443062,1.16005E-18,8.74839E-18
P_02592,lepA,-0.461916306,1.99942E-08,7.84323E-08
P_02593,lptG,-0.171800956,0.033257451,0.058385743
P_02594,lptF,-0.484577183,1.00502E-07,3.72356E-07
P_02595,,1.24334917,6.07038E-08,2.28895E-07
P_02596,pepA,0.181627142,0.008157207,0.016300212
P_02597,holC,-1.023504049,4.12601E-09,1.71713E-08
P_02598,,0.540120537,1.20193E-12,6.45262E-12
P_02599,valS,0.019905073,0.774094171,0.826769273
P_02600,rlmF,0.266768703,0.002845407,0.006180845
P_00262,soxB_1,0.845260417,3.62225E-11,1.7469E-10
P_02601,hupB_3,-0.449400276,6.95935E-11,3.29535E-10
P_02602,yejK_2,-0.367541949,0.001093692,0.002544265
P_02603,,0.083778942,0.557797103,0.643974568
P_02604,,0.630163585,9.17272E-13,4.98035E-12
P_02605,,0.195829435,0.122489201,0.182132681
P_02606,,-1.394475312,3.1543E-07,1.11538E-06
P_02607,,-2.110632906,1.28111E-16,8.68036E-16
P_02608,,-2.378559342,6.17303E-60,1.64014E-58
P_02609,,-3.330104176,5.84734E-31,7.20126E-30
P_02610,fecI_4,-2.535143707,4.94709E-65,1.50219E-63
P_00263,glyA_1,0.7160484,3.48348E-07,1.22498E-06
P_02611,fecR_3,-2.370033755,1.46438E-78,5.64033E-77
P_02612,fecA_1,-0.084072577,0.540572328,0.628641254
P_02613,dmlR_7,0.353017198,0.031126385,0.055066067
P_02614,stp,0.304376036,0.067020459,0.108224652
P_02615,,0.608747534,6.52524E-18,4.75837E-17
P_02616,gcvA_5,-0.510087473,0.016832218,0.031755457
P_02617,sdaA_1,-0.269975161,0.0492369,0.082743944
P_02618,sdaC_1,-0.026147665,0.822955486,0.860666488
P_02619,,-0.178249378,0.033183183,0.058309335
P_02620,psiE,-0.377592635,0.081897732,0.128802269
P_00026,yjmC,-3.002224336,8.4928E-221,1.3926E-218
P_00264,,-0.237550289,0.189221891,0.266032444
P_02621,,-0.323153715,0.178159086,0.252395703
P_02622,ldh,0.76140967,2.65023E-33,3.59567E-32
P_02623,,0.420566448,8.09943E-08,3.03609E-07
P_02624,pcaK_1,0.186477014,0.132719279,0.195451871
P_02625,nagL_1,0.830613357,9.01878E-24,8.48505E-23
P_02626,,0.929931556,5.44768E-28,6.0944E-27
P_02627,hmgA,1.132275316,5.35719E-40,8.88581E-39
P_02628,kdgR_2,-0.38297017,0.001333545,0.00306742
P_02629,dacC_2,-0.163847998,0.180860499,0.25578078
P_02630,fhuA_3,1.168463162,3.45068E-61,9.66022E-60
P_00265,ltaE_1,-0.025937819,0.791587431,0.838177171
P_02631,sbp_2,-0.421107678,1.26811E-05,3.82634E-05
P_02632,,0.125989019,0.171078593,0.243627802
P_02633,,0.475075975,0.001395643,0.003191073
P_02634,ttuE,0.305195916,0.11923734,0.178018494
P_02635,ttuD,0.469375126,0.006718379,0.013585897
P_02636,glxR,0.584232809,0.000593626,0.001446018
P_02637,hyi,0.794900235,5.69925E-09,2.33628E-08
P_02638,gcl,1.23018291,7.63379E-29,8.79725E-28
P_02639,,1.119116091,0.01141066,0.022198569
P_02640,,-0.017140535,0.915104345,0.93365046
P_00266,,-0.205962927,0.427718941,0.520169316
P_02641,rutR_1,-0.564664142,3.14103E-07,1.11137E-06
P_02642,yedI,0.160486431,0.08589093,0.134372267
P_02643,,-0.121294197,0.26180255,0.349333837
P_02644,,-0.765598181,2.65517E-13,1.49392E-12
P_02645,,0.578861348,6.87507E-05,0.000189056
P_02646,,-0.174963374,0.16694732,0.238573374
P_02647,,0.225240532,0.081672696,0.128521964
P_02648,yjcH,-0.519757042,4.21829E-08,1.60749E-07
P_02649,actP,-0.96202436,9.68429E-32,1.23507E-30
P_02650,,0.331123879,0.000876405,0.002065581
P_00267,iaaM_2,0.077681177,0.336088258,0.428434143
P_02651,gltA,-0.356143523,4.29211E-07,1.49741E-06
P_02652,sdhC,-0.902893275,6.50323E-20,5.21258E-19
P_02653,sdhD,-1.299733043,6.04774E-30,7.24592E-29
P_02654,sdhA,-0.991379891,2.11033E-44,3.88179E-43
P_02655,sdhB,-0.628287472,4.03363E-20,3.25127E-19
P_02656,sucA,-1.211942736,1.01783E-69,3.31893E-68
P_02657,sucB,-0.843203209,5.38123E-28,6.03182E-27
P_02658,lpdG,-0.990225677,5.01411E-38,7.69411E-37
P_02659,sucC,-1.30064327,7.28499E-59,1.89179E-57
P_02660,sucD,-1.090429776,1.33889E-25,1.34569E-24
P_00268,,0.330371368,0.002100752,0.004647732
P_02661,brnQ,0.010275714,0.910328282,0.930309185
P_02662,,-0.137827304,0.276844761,0.3661521
P_02663,,0.697920187,1.00755E-22,9.09174E-22
P_02664,,-0.32264004,0.17784218,0.252008956
P_02665,,0.291781459,0.316222335,0.407362509
P_02666,htpG,-0.771794505,8.03218E-21,6.71964E-20
P_02667,,0.085753659,0.31454163,0.405743856
P_02668,,0.217817753,0.035006203,0.061045456
P_02669,,0.384156891,0.000142174,0.000375833
P_02670,,0.140524685,0.294055884,0.384416109
P_00269,ramA_2,0.304551128,0.000905437,0.002128759
P_02671,,0.30737339,1.29317E-05,3.89786E-05
P_02672,fabB_2,0.18017455,0.011124081,0.021687851
P_02673,fabA,-0.362459525,2.49059E-05,7.2299E-05
P_02674,rcsC_8,-0.32695113,0.003678133,0.007823564
P_02675,,-0.165896788,0.329422245,0.421246494
P_02676,btuB_5,0.695993188,1.49878E-20,1.23585E-19
P_02677,gpsA,-0.132910155,0.143780344,0.209749719
P_02678,,0.404121886,0.000339792,0.000856419
P_02679,sixA,0.005261139,0.956083026,0.967371025
P_02680,,0.720803523,1.53042E-12,8.14757E-12
P_00270,hcr,0.659384538,9.33896E-15,5.73836E-14
P_02681,,0.13836848,0.180470271,0.255302664
P_02682,,0.035575938,0.748116325,0.807037517
P_02683,menH_1,-0.192029004,0.22356939,0.306220699
P_02684,,-0.253351433,0.024878388,0.0449975
P_02685,ydiK_1,0.131972302,0.143174932,0.209132332
P_02686,sasA_14,-0.04035042,0.772651673,0.825437072
P_02687,ompR_4,0.590977857,5.87475E-10,2.58949E-09
P_02688,pyrF,-0.62519288,3.61616E-11,1.74543E-10
P_02689,bcp,-0.175641646,0.107673784,0.16347615
P_02690,gcvR,-0.480212869,8.51285E-05,0.000231213
P_00271,hcaE,0.779154609,1.07369E-20,8.93029E-20
P_02691,dapA_1,-0.41416538,1.32883E-07,4.83892E-07
P_02692,bamC,-0.602388847,1.65136E-14,1.00075E-13
P_02693,yycJ,-0.523220766,2.14407E-10,9.81248E-10
P_02694,purC,-0.418129248,6.47528E-05,0.000178576
P_02696,intQ,0.529004573,3.08866E-07,1.09351E-06
P_02697,,0.015423816,0.96926708,0.977606025
P_02698,,-0.616720957,0.279824168,0.369344734
P_02699,,-0.848051607,0.085694129,0.1341147
P_02700,,-0.950076632,0.108042394,0.163949048
P_02701,,-0.309737854,0.157514137,0.226844073
P_00272,,0.740060424,0.000346102,0.000871174
P_02702,,-0.337333797,0.207308,0.287168866
P_02703,,-0.304450346,0.239786167,0.324406604
P_02704,,-0.368560994,0.129919987,0.191772327
P_02705,,-0.00570263,0.984679697,0.989160998
P_02706,,0.222002055,0.604768542,0.684839515
P_02707,,0.4661649,0.339669535,0.432231366
P_02708,,0.097603189,0.841078548,0.874888501
P_02709,,0.037996583,0.910160068,0.930309185
P_02710,,0.36960035,0.560204869,0.646014293
P_02711,prtR_3,0.332745422,0.00048041,0.001183801
P_00273,fixB,0.569338184,0.004775926,0.009934146
P_02712,,0.163894588,0.423503951,0.515917889
P_02713,,-0.209760993,0.397912281,0.491417814
P_02714,,-0.643122586,0.07967976,0.125879878
P_02715,,-0.108762951,0.432877033,0.524774249
P_02716,,0.370189929,0.405327434,0.498750888
P_02717,,-0.220638496,0.005695995,0.011649792
P_02718,,-0.086862553,0.650469378,0.72516015
P_02719,,-0.152192847,0.630986823,0.707134032
P_02720,,0.341274254,0.346087286,0.439177508
P_02721,,-0.074488145,0.583303629,0.666317581
P_00027,iolG_1,-3.173813832,3.9578E-154,3.3403E-152
P_00274,lutA_1,0.574286579,1.60697E-05,4.77598E-05
P_02722,,-0.466758085,0.033608255,0.058911965
P_02723,,-0.331306367,0.003208972,0.006900072
P_02724,,-0.454650495,0.494096027,0.585629306
P_02725,,-0.038697618,0.800106459,0.844282019
P_02726,,0.085080835,0.431224322,0.523544825
P_02727,,0.655643611,8.87337E-05,0.000240549
P_02728,,0.020461616,0.877333663,0.90368692
P_02729,,-0.592722211,0.056960628,0.094125264
P_02730,,-1.049463588,0.105966069,0.161327864
P_02731,,-0.548482363,0.050110783,0.084015712
P_00275,stcD,0.628778325,7.5367E-05,0.000205771
P_02732,,-0.25227391,0.201274276,0.280348807
P_02733,,-0.07102445,0.667285416,0.740009855
P_02734,,0.017967167,0.945369421,0.958225911
P_02735,,-0.162980596,0.563475098,0.648963193
P_02736,,-0.18977049,0.452849638,0.543422435
P_02737,,-0.349325047,0.001212103,0.002803813
P_02738,,-0.147158132,0.48606306,0.576822974
P_02739,,-0.201428372,0.302369965,0.393224842
P_02740,,-0.224095561,0.362739439,0.456026646
P_02741,,-0.389959297,0.000654543,0.001579655
P_00276,,0.608933967,0.091862444,0.142601723
P_02742,,-0.18772947,0.067296149,0.108601403
P_02743,,-0.535445139,1.52007E-08,5.99978E-08
P_02744,,-0.486854731,0.105312048,0.160442219
P_02745,,-0.381983326,0.103108265,0.157586773
P_02746,,0.862103575,3.10566E-32,4.04158E-31
P_02747,,0.479518698,9.39835E-10,4.08615E-09
P_02748,,0.398954617,4.43137E-06,1.40274E-05
P_02749,,0.122068403,0.138061145,0.202383886
P_02750,relE,1.015926657,1.97711E-13,1.1201E-12
P_02751,relB,0.718399727,9.15538E-12,4.61306E-11
P_00277,,0.246702959,0.175298,0.24877231
P_02752,,0.189233196,0.518202447,0.607303215
P_02753,nepI_2,0.459739192,3.15901E-06,1.01226E-05
P_02754,,0.776065957,0.000341771,0.000861029
P_02755,argP_3,0.096726488,0.689995669,0.758308147
P_02756,proP_3,-0.035878645,0.845967532,0.878575401
P_02757,hyuC_1,1.125688511,2.49462E-16,1.65894E-15
P_02758,aphA_2,-0.086037137,0.691751959,0.760049307
P_02759,cynR_4,0.364989304,0.000359436,0.000901968
P_02760,ais_1,0.035738082,0.864139491,0.892923396
P_02761,proP_4,0.435341368,0.003679352,0.007823564
P_00278,,0.190580308,0.068364799,0.110147552
P_02762,,0.875793966,1.10055E-35,1.60306E-34
P_02763,nodD2_4,-0.255537566,0.010946869,0.021383282
P_02764,,0.047203092,0.557222418,0.643440535
P_02765,pcpR_2,0.75396294,1.27003E-22,1.13886E-21
P_02766,yycB_2,0.035068757,0.892982082,0.916620312
P_02767,aruI,0.068031847,0.624962572,0.702577904
P_02768,ampR_1,0.240693058,0.018421647,0.034437078
P_02769,yhdN,0.031276119,0.715005821,0.779080768
P_02770,nagL_2,0.535689205,3.77599E-06,1.20257E-05
P_02771,dmlR_8,0.207299213,0.017408119,0.032706363
P_00279,,-0.852735053,0.000441765,0.001092325
P_02772,dmlR_9,-0.36764492,0.025240565,0.045552076
P_02773,,0.954356383,1.03747E-17,7.4988E-17
P_02774,feaB,0.205753844,0.216560802,0.297758132
P_02775,C2-hpah,0.815384819,0.000213098,0.000551135
P_02776,C1-hpah,1.028432668,0.001234216,0.002853814
P_02777,,0.168709242,0.333583658,0.425430359
P_02778,steT_1,0.456983583,0.000659166,0.001588809
P_02779,,0.144494313,0.557160819,0.643440535
P_02780,feaR,0.916307564,6.70041E-19,5.14086E-18
P_02781,ucpA_1,0.013413768,0.948530627,0.960751371
P_00280,,0.229574422,0.106981136,0.162510519
P_02782,ucpA_2,-0.232652885,0.451983643,0.54285143
P_02784,,0.433333578,0.145299945,0.21159005
P_02785,puuB_2,0.604550293,9.39945E-08,3.5051E-07
P_02786,slyA_4,-0.40248465,0.099109691,0.152098084
P_02787,hpcH,-0.032414115,0.928893091,0.944850087
P_02788,hpcG,-0.112483762,0.726724272,0.790498597
P_02789,nicT_1,0.394688847,0.155905755,0.22486633
P_02790,hpcD,-0.151579518,0.781264201,0.830771771
P_02791,hpcB,0.031732846,0.891576324,0.915504836
P_02792,betB_1,0.127347323,0.374376791,0.467380554
P_00281,cdhR_2,0.277772734,0.028338731,0.050476715
P_02793,hpcE_1,0.581920807,0.146691886,0.213145218
P_02794,hpcE_2,0.333522543,0.321010281,0.412327216
P_02795,rhaR_3,-0.045132616,0.797071463,0.841964499
P_02796,,-0.222172352,0.326304792,0.417818653
P_02797,,-0.785084686,1.08331E-06,3.64639E-06
P_02798,ttgC,-3.776324027,9.1127E-267,1.9369E-264
P_02799,,-3.551656467,0,0
P_02800,tycC_1,-1.596691137,2.8727E-102,1.4988E-100
P_02801,,0.375235133,0.656533676,0.730276377
P_02802,,0.497702605,0.02570599,0.046237537
P_00282,,1.449974076,1.95949E-16,1.3122E-15
P_02803,lptB_3,0.162932133,0.46262242,0.553238189
P_02804,,-0.03059643,0.871198198,0.898922413
P_02805,arnT_3,-0.649402572,0.000482878,0.001189371
P_02806,arnT_4,-0.820364592,1.81763E-07,6.5813E-07
P_02807,ais_2,-0.457320748,0.008526386,0.016978809
P_02808,,0.181011062,0.02535367,0.045724846
P_02809,,-0.256045074,0.004352508,0.00910979
P_02810,,-0.463509681,0.002048435,0.004538984
P_02811,,-0.251357404,0.579553619,0.663221977
P_02812,,0.395452343,0.21117033,0.291335508
P_00283,kce,0.580822366,0.026339877,0.04725369
P_02813,,-0.348863397,0.004859282,0.010085865
P_02814,,-0.974130494,1.04579E-12,5.63546E-12
P_02815,rbsB_1,1.252145414,3.86295E-08,1.476E-07
P_02816,rbsA_1,0.046263697,0.809335056,0.851158858
P_02817,rbsC_1,1.003630162,0.000280706,0.000716307
P_02818,eltD_1,0.80684335,0.000218504,0.000564609
P_02819,xylB_2,0.722813054,0.000398448,0.00099292
P_02820,araB,-0.18608728,0.541730512,0.629477913
P_02821,golD_1,0.121017815,0.498469922,0.58935288
P_02822,cytR,-0.761964091,4.93763E-10,2.18482E-09
P_00028,,-3.731632168,7.7777E-64,2.31276E-62
P_00284,uspA2,1.393796424,5.86464E-92,2.71429E-90
P_02823,hdfR_1,-0.222495945,0.066151317,0.106971656
P_02824,,0.299860059,0.179070774,0.25349955
P_02825,,0.600882461,0.363304532,0.456637037
P_02826,,0.127789505,0.910370514,0.930309185
P_02827,,-2.036607522,0.05128592,0.085735477
P_02828,,-1.031182798,0.296503903,0.387087329
P_02829,cpg2,0.276687245,0.014554536,0.02774111
P_02830,dgcC_1,0.190733866,0.037773686,0.065513202
P_02831,rhtB_3,-0.097865233,0.46661878,0.557320536
P_02832,,-1.676971094,3.59669E-39,5.79815E-38
P_00285,,-0.01001401,0.956082129,0.967371025
P_02833,rubA2,-2.898031554,9.15983E-18,6.63741E-17
P_02834,hisC_3,-0.441055303,0.001205034,0.002789709
P_02835,decR_2,0.107328871,0.32492366,0.416328842
P_02836,mdeA,2.871589703,0,0
P_02837,,-0.044267781,0.605148085,0.684876824
P_02838,macB_1,-0.189381569,0.129213469,0.190975044
P_02839,macA_2,-0.306101049,0.104833566,0.159883029
P_02840,,-0.151493896,0.383570881,0.476681093
P_02841,dltA_1,-2.265935268,6.26598E-34,8.70714E-33
P_02842,tycC_2,-1.351759684,1.77478E-67,5.53559E-66
P_00286,fadB_1,0.766983041,5.50207E-33,7.36045E-32
P_02843,grsB,-2.407535553,1.3921E-214,2.1592E-212
P_02845,kefC_1,-0.181255911,0.090320391,0.140490793
P_02846,,-0.461431149,0.00036642,0.000917488
P_02847,trkI_3,-0.925517544,2.62892E-13,1.4806E-12
P_02848,rhaS_5,-0.010219255,0.909596126,0.930309185
P_02849,,0.853298095,1.6897E-22,1.50812E-21
P_02850,,0.56697126,0.004407257,0.009221016
P_02851,,-0.296049764,0.278370874,0.367680195
P_02852,yhhS_1,-0.526221952,5.73466E-05,0.000159909
P_02853,arfB,-0.899393866,2.98451E-07,1.0586E-06
P_00287,fadA_1,0.300137238,2.32859E-05,6.78365E-05
P_02854,,-0.528237543,0.043298026,0.073844688
P_02855,mrpF,-0.200920199,0.548457067,0.635677372
P_02856,mrpE,-0.681284128,0.003465967,0.00741655
P_02857,mrpD,-0.820685373,1.15595E-11,5.76369E-11
P_02858,mnhC1,-0.002998267,0.99252411,0.995125064
P_02859,ndhB,-0.199872065,0.029539461,0.052501384
P_02860,,0.403889672,3.84693E-06,1.22381E-05
P_02861,,-0.304599445,0.026816607,0.048018879
P_02862,,0.158279328,0.075803168,0.120441412
P_02863,mdtA_5,0.243303011,0.051278003,0.085735477
P_00288,,-0.388260902,0.007101907,0.01433621
P_02864,,-0.068359453,0.637081425,0.713267713
P_02865,,-0.879798062,8.48665E-06,2.61012E-05
P_02866,yknY_2,-0.076389253,0.604243497,0.684379994
P_02867,,0.450938867,7.77757E-09,3.15445E-08
P_02868,,0.468684768,0.002409958,0.005274885
P_02869,,0.147092017,0.059287028,0.097520279
P_02870,,-0.380970319,0.008320985,0.016604359
P_02871,gapN,0.383467012,8.67E-08,3.24151E-07
P_02872,yfeX_1,-0.188806385,0.373445832,0.466884015
P_02873,,-0.187586483,0.20168601,0.28072067
P_00289,topA_2,-0.554780859,1.32991E-15,8.5373E-15
P_02874,,-0.163937135,0.431001741,0.523385313
P_02875,,0.791967808,1.02929E-15,6.6521E-15
P_02876,,0.442609199,0.010315037,0.020224804
P_02877,,0.313862645,0.000286646,0.00072984
P_02878,nat,0.433004255,0.003295016,0.007063914
P_02879,,0.543101313,3.69121E-07,1.29328E-06
P_02880,higA-2,1.424849502,5.08568E-32,6.5441E-31
P_02881,higB-2,1.298180137,4.21096E-26,4.33095E-25
P_02882,nuoN,-0.81598147,6.85866E-24,6.48465E-23
P_02883,nuoM,-0.981533327,7.29948E-25,7.17324E-24
P_00290,,0.39336647,2.18256E-06,7.10882E-06
P_02884,nuoL,-1.104480977,9.93734E-51,2.128E-49
P_02885,nuoK,-1.518673272,2.43453E-12,1.27596E-11
P_02886,nuoJ,-1.006476703,2.69643E-13,1.51565E-12
P_02887,nuoI,-0.211414978,0.018281421,0.034219528
P_02888,nuoH,-0.646564614,1.49023E-11,7.39192E-11
P_02889,nuoG,-0.777996612,6.50788E-24,6.16316E-23
P_02890,nuoF,-0.578343613,4.59412E-14,2.69863E-13
P_02891,nuoE,-0.462506006,7.32271E-05,0.000200405
P_02892,nuoC,-0.492660597,8.25894E-09,3.34496E-08
P_02893,nuoB,-0.751052925,3.21193E-29,3.7466E-28
P_00291,,0.213717902,0.050377351,0.08441332
P_02894,ndhC,0.213914056,0.018085491,0.033874881
P_02895,aceA,0.786124151,4.84809E-21,4.07964E-20
P_02896,,0.248742402,0.011836998,0.022957936
P_02897,,-0.489739806,0.064290702,0.104522476
P_02898,roxA,-0.247104588,0.130584508,0.192604598
P_02899,purB_2,0.315403854,7.24475E-05,0.000198367
P_02900,hflD,0.063457346,0.590471504,0.672364278
P_02901,mnmA,-0.497792486,0.000156045,0.000409859
P_02902,nudJ,-0.241918398,0.248799964,0.334550842
P_02903,,0.715404589,0.511008882,0.600589796
P_00292,sulA_1,-0.086031997,0.507121258,0.596876312
P_02904,icd_1,-0.703805331,4.95329E-17,3.45406E-16
P_02905,icd_2,0.535889052,8.53985E-18,6.19598E-17
P_02906,,1.338051597,5.90103E-88,2.60508E-86
P_02907,clpS,0.917200996,1.35345E-41,2.36812E-40
P_02908,clpA,0.670149731,1.22187E-25,1.23024E-24
P_02909,,-0.214047867,0.358639446,0.451862081
P_02910,yadV_1,-0.091886247,0.653466044,0.727637102
P_02911,,0.313685677,0.004104757,0.008635338
P_02912,htrE_1,0.379642718,0.001278895,0.002949992
P_02913,yadV_2,-0.136217927,0.23663238,0.321123961
P_00293,lexA_1,0.333476587,0.000284957,0.000725863
P_02914,smf-1_1,0.034677613,0.919381847,0.937181602
P_02915,pdeG,-0.153491477,0.046923367,0.079343902
P_02916,,0.704029071,1.24385E-21,1.07345E-20
P_02917,,0.113630742,0.354481197,0.447507169
P_02918,gloA,-0.149493168,0.27695875,0.3661521
P_02919,ahpF,0.179439023,0.040498953,0.069650431
P_02920,ahpC_2,0.248077143,0.185802418,0.261930748
P_02921,xerC_5,0.523154074,2.45135E-09,1.03979E-08
P_02922,smc_1,0.294808975,0.095693618,0.147749711
P_02923,garB,0.538924314,3.00609E-15,1.89582E-14
P_00029,trpB_1,-3.341239216,0,0
P_00294,betI_1,-0.027448023,0.780827101,0.830460847
P_02924,,0.141829835,0.238199912,0.322640853
P_02925,gtaB,0.173154382,0.01119317,0.021812428
P_02926,,1.129673155,4.70442E-21,3.96456E-20
P_02927,smfA_1,0.34461615,0.200200357,0.27921017
P_02928,papH,-0.108302438,0.768180432,0.821731128
P_02929,papC,-0.094732798,0.505475631,0.595550122
P_02930,papD,0.382396709,0.283225482,0.372719798
P_02931,smfA_2,0.375077869,0.231229908,0.314760067
P_02932,yfcR,-0.016110287,0.961020393,0.971102874
P_02933,yfcQ,0.269517974,0.441965491,0.533731492
P_00295,nagZ,-1.052867916,4.38176E-15,2.73932E-14
P_02934,mrpA_2,0.306539892,0.279699379,0.36926495
P_02935,,0.439052943,0.001881516,0.004193405
P_02936,,0.144250219,0.375357712,0.468401371
P_02937,,0.319055535,0.253279883,0.339382033
P_02938,,0.225631652,0.022219441,0.040662427
P_02939,,0.404317793,0.001870751,0.004174277
P_02940,,0.060593952,0.854879504,0.885139098
P_02941,alkB,-0.574834591,0.00214303,0.004730326
P_02942,ada,0.45654839,1.02809E-06,3.48095E-06
P_02943,,0.303589443,0.00092138,0.002165356
P_00296,,-0.761799392,3.07325E-07,1.08873E-06
P_02944,modA,0.643830552,4.81791E-10,2.13844E-09
P_02945,modB,0.058159967,0.76689839,0.821124974
P_02946,btuD_3,-0.162602586,0.323623033,0.41503298
P_02947,,0.352485458,9.03596E-05,0.00024461
P_02948,ettA_2,0.051803734,0.670800088,0.742186563
P_02949,,0.345887979,0.000264751,0.000677701
P_02950,,-0.193448664,0.191673329,0.268886149
P_02951,,-0.687165103,0.071805897,0.115013688
P_02952,ygaZ,0.285993822,0.328044814,0.419911316
P_02953,,0.345363546,0.254664784,0.341158076
P_00297,rapA_2,0.213341219,0.016231405,0.030733102
P_02954,,-0.031176474,0.88203376,0.907329584
P_02955,arsB,-0.002748972,0.975491834,0.981305458
P_02956,arsC,-0.64153788,0.02005165,0.037137211
P_02957,,-0.191569078,0.375077634,0.468153663
P_02958,,0.216880577,0.548751626,0.635705608
P_02959,mgtB,0.206135832,0.208003938,0.287773642
P_02960,,0.567470407,0.166787515,0.238404371
P_02961,,0.165873361,0.373941274,0.467243408
P_02962,,0.465443809,2.57457E-13,1.45142E-12
P_02963,,0.750320441,8.74438E-15,5.38455E-14
P_00298,,-0.551770748,3.28299E-10,1.47081E-09
P_02964,,1.022811895,6.2048E-05,0.00017186
P_02966,,-1.134384284,4.2938E-06,1.3622E-05
P_02967,,-0.543912428,1.04607E-07,3.86567E-07
P_02968,,0.136759861,0.441749343,0.533726207
P_02969,,0.130663098,0.349706133,0.44245227
P_02970,pstB3,-0.623517512,0.036982314,0.064218306
P_02971,pstA,-0.24267452,0.217176537,0.298533208
P_02972,pstC,0.19039764,0.438017957,0.529887238
P_02973,pstS_2,-0.71071167,0.00139235,0.003186083
P_02974,hemH,0.419779875,2.29142E-08,8.952E-08
P_00299,,-0.762863233,2.77728E-08,1.07622E-07
P_02975,,0.958482497,1.59739E-28,1.81893E-27
P_02976,,1.025027485,3.30302E-35,4.71543E-34
P_02977,,0.781840184,1.72668E-06,5.69835E-06
P_02978,,1.262846531,0.035203804,0.061334132
P_02979,,0.598540358,0.016434223,0.031055648
P_02980,phrB,0.47282892,1.34141E-08,5.31654E-08
P_02981,,0.105906029,0.42330965,0.515790675
P_02982,hcaB_4,0.220706551,0.018540991,0.034615078
P_02983,,0.108693827,0.228194033,0.31077493
P_02984,,-0.040173088,0.686843433,0.756147029
P_00300,mfd,-0.313343321,4.91266E-05,0.000138069
P_02985,,-0.304453837,0.000378655,0.00094565
P_02986,,-0.47178798,0.001363916,0.003132871
P_02987,,-0.539713142,0.001766976,0.003959654
P_02988,pagL_2,-0.136463055,0.05487325,0.091016642
P_02989,murI,-0.359452585,0.098852211,0.151809697
P_02990,moeB,-1.31494799,9.05706E-13,4.9222E-12
P_02991,prmC_1,-0.840981979,2.66284E-11,1.3006E-10
P_02992,prfA,-0.841383465,3.70579E-15,2.32686E-14
P_02993,hemA,-0.693422455,1.64834E-12,8.751E-12
P_02994,bepA_1,-0.79042567,1.61927E-23,1.50861E-22
P_00301,gap2,0.682355518,9.29005E-26,9.41971E-25
P_02995,lolB,-1.165595546,5.67783E-24,5.39488E-23
P_02996,ispE,-0.742992939,6.01565E-19,4.63407E-18
P_02998,prs,-1.019039836,2.55169E-38,4.0121E-37
P_02999,rplY,-1.617237917,2.03265E-44,3.75093E-43
P_03000,pth,-0.536604537,0.000336179,0.000847685
P_03001,ychF,-0.720292126,9.01565E-07,3.06885E-06
P_03002,,-1.488713335,3.7626E-08,1.43957E-07
P_03003,,-0.778993881,1.48456E-08,5.86366E-08
P_03004,der_3,-0.35882524,0.000119654,0.000318208
P_03005,dctD_4,0.357912862,0.012181289,0.023569932
P_00302,,0.7331548,1.12246E-12,6.04297E-12
P_03006,,0.886461254,0.140649286,0.205809856
P_03007,,0.005364126,0.990216679,0.99350586
P_03008,,-0.191577018,0.444174561,0.535866682
P_03009,,-0.510975467,0.146214085,0.212651453
P_03010,,0.559866246,0.23752746,0.322262433
P_03011,,-0.008784896,0.992335462,0.99510977
P_03012,,-0.291178263,0.504780156,0.594975008
P_03013,,0.231647893,0.023951833,0.043499863
P_03014,,0.004262322,0.990016615,0.993478817
P_03015,,0.264726938,0.377089244,0.47045982
P_00303,sthA,0.076228751,0.305209084,0.395661832
P_03016,,0.405004006,0.374355746,0.467380554
P_03017,yscU,-0.087479178,0.685793108,0.755570483
P_03018,,0.070816628,0.612201372,0.690802924
P_03019,,-0.292397971,0.792369562,0.838452044
P_03020,fliP_1,-0.420042301,0.079629871,0.125859495
P_03021,,0.106331858,0.651405029,0.726046506
P_03022,,-0.236928367,0.377445817,0.470700032
P_03023,,-0.22624487,0.55186207,0.638278199
P_03024,hrcN,-0.050103756,0.804006672,0.846951962
P_03025,,-0.242322647,0.408793513,0.501296148
P_00003,,1.010950659,1.65135E-06,5.46229E-06
P_00030,trpA_1,-2.735024771,2.2233E-154,1.9332E-152
P_00304,ugpQ,-0.457035561,5.87209E-06,1.83551E-05
P_03026,ssaV,-0.393254874,0.035967697,0.062551095
P_03027,,-0.362899509,0.09149842,0.142190478
P_03028,,-0.457770719,0.02783579,0.049673383
P_03030,yddE,-0.784374704,5.2834E-05,0.000147693
P_03031,ggt_1,-0.587721507,7.2402E-05,0.000198337
P_03032,,-0.623221686,0.001498854,0.003399969
P_03033,ddlA,-0.556396014,2.63178E-07,9.4046E-07
P_03034,rhaS_6,-0.428730281,0.007656241,0.015364629
P_03035,,-0.08586993,0.708887068,0.773735809
P_03036,,-0.282813584,0.166315127,0.237847624
P_00305,,0.371167418,7.50164E-05,0.000205009
P_03037,cpdA,0.076411438,0.3596399,0.452625743
P_03038,,0.615320152,3.23898E-10,1.45223E-09
P_03039,nudF,0.81356418,5.95784E-22,5.19636E-21
P_03040,,0.218066099,0.019113983,0.035546062
P_03041,thiC,-0.384434479,2.26583E-05,6.61087E-05
P_03042,tolC_2,-0.164090167,0.058963426,0.097043619
P_03043,waaA,-0.441719538,0.000400734,0.000997316
P_03044,hdfR_2,0.142749815,0.42967259,0.522323871
P_03045,,0.29196488,0.287198975,0.376911712
P_03046,,-0.225866665,0.009137348,0.018076264
P_00306,lolE_1,-1.034348898,1.76017E-10,8.09424E-10
P_03047,,-0.019083987,0.844304115,0.877324157
P_03048,,0.046227652,0.687914333,0.756864569
P_03049,hldE,-0.13711193,0.062744786,0.102473628
P_03050,msbA_1,-1.406947954,1.01466E-58,2.59962E-57
P_03051,,-0.372921407,2.1674E-05,6.34303E-05
P_03052,,-0.603499217,1.16191E-05,3.51883E-05
P_03053,gtf1,-0.905166659,2.47112E-14,1.48035E-13
P_03054,,-0.867229061,1.53433E-15,9.79481E-15
P_03055,,-1.057952229,1.9497E-25,1.94936E-24
P_03056,tobZ,-0.379136844,9.69039E-06,2.96288E-05
P_00307,lolD_1,-1.044290783,1.2565E-08,4.99034E-08
P_03057,,-0.240000375,0.1082349,0.164154358
P_03058,,-0.046233312,0.814145819,0.854495767
P_03059,fyuA,-0.209044343,0.056776225,0.093847568
P_03060,kdkA_2,-0.206438538,0.066812782,0.107950043
P_03061,,0.128911035,0.292111618,0.382135531
P_03062,kdkA_3,-1.201933589,9.90974E-15,6.08257E-14
P_03063,rfaP,-1.167374424,3.02489E-13,1.69199E-12
P_03064,rfaG,-0.691914521,6.13336E-11,2.91385E-10
P_03065,rfaC,-0.823424708,3.9629E-10,1.7644E-09
P_03066,rfaF,0.011578825,0.885836818,0.910300895
P_00308,lolE_2,-0.66415941,1.46243E-05,4.37814E-05
P_03067,,-0.629117961,0.033433532,0.058641516
P_03068,glnE,-0.149601707,0.029933228,0.053151855
P_03069,aceE,-0.59068832,1.65362E-16,1.11387E-15
P_03070,aceF,-0.365640524,1.75524E-05,5.18976E-05
P_03071,,0.163370438,0.07896686,0.124880356
P_03072,msrA,0.590749517,2.4696E-16,1.6442E-15
P_03073,rlmJ,-0.040304445,0.770724987,0.823838834
P_03074,,0.419315804,0.003287572,0.007053225
P_03075,vgrG1_2,0.245030476,0.085350472,0.133613301
P_03076,,0.332746581,0.011628095,0.022598591
P_00309,sasA_1,0.020913743,0.863430461,0.892512143
P_03077,putP,1.368201907,1.98214E-18,1.46781E-17
P_03078,putA,1.25789495,6.49719E-07,2.2368E-06
P_03079,,0.336963751,0.000153792,0.000404421
P_03080,,0.109780168,0.473221586,0.564150121
P_03081,,-0.629225529,0.06577831,0.106473475
P_03082,,0.027216901,0.837242508,0.87172256
P_03083,,-0.444433657,0.001858047,0.004147542
P_03084,,-0.294347564,0.162480964,0.233003061
P_03085,,0.490199281,6.30822E-09,2.57672E-08
P_03086,,0.353424539,0.000300554,0.00076356
P_00310,copR,0.081734232,0.478812515,0.569513995
P_03087,,0.166121461,0.38192609,0.475254516
P_03088,,0.560529334,0.000564785,0.001379277
P_03089,,0.244156594,0.393413089,0.48729868
P_03090,,0.085272132,0.565076383,0.650415837
P_03091,,-0.750021355,0.061572979,0.100818068
P_03092,,0.438309315,5.209E-06,1.63985E-05
P_03093,,-0.343934984,0.031070637,0.054984394
P_03094,fdhL,-0.820076392,3.6499E-33,4.91708E-32
P_03095,,-0.95822879,2.09406E-17,1.48551E-16
P_03096,,-0.806967928,8.26917E-28,9.19704E-27
P_00311,petE_1,0.555696043,2.04398E-09,8.741E-09
P_03097,,0.509492189,1.21484E-09,5.26187E-09
P_03098,srpC_2,0.106042451,0.309725426,0.400702033
P_03099,tspO,0.408904207,8.29869E-06,2.55368E-05
P_03100,aes,0.029473635,0.731501423,0.794791115
P_03101,,-0.583036128,0.015912531,0.03014923
P_03102,fecE,-1.025016046,2.10417E-08,8.24288E-08
P_03103,yfhA,-0.407455501,0.004875414,0.010115691
P_03104,btuF_2,0.118348037,0.241289876,0.325826494
P_03105,,0.035133064,0.783652893,0.832682177
P_03106,prtS,0.842653633,5.58014E-36,8.2114E-35
P_00312,queF,0.033772134,0.695659157,0.7627795
P_03107,,0.721873651,3.0108E-20,2.44399E-19
P_03108,sad,0.521078129,1.49046E-10,6.88154E-10
P_03109,gltR_2,0.572481025,2.34277E-06,7.60042E-06
P_03110,,0.377260531,5.36828E-07,1.86154E-06
P_03111,tyrB,-0.331303106,0.000153834,0.000404421
P_03112,uvrB,0.064118659,0.34619952,0.439177508
P_03113,gltX,0.229016323,0.003854487,0.008153668
P_03118,,0.755583875,2.17823E-14,1.31174E-13
P_03119,rutD_2,0.642918103,3.44803E-11,1.66708E-10
P_03120,,-0.262990739,0.031205123,0.055188351
P_00313,,0.639929392,1.14702E-20,9.51266E-20
P_03121,dusC,-0.114308027,0.341986978,0.434505926
P_03122,,0.76570144,8.71974E-31,1.07158E-29
P_03123,cmpR_4,0.477405998,4.55828E-06,1.44132E-05
P_03124,leuC,0.797783946,2.39729E-29,2.81351E-28
P_03125,leuD,0.765741343,6.42549E-23,5.86262E-22
P_03126,ycgJ,0.517902648,2.96488E-10,1.33664E-09
P_03127,leuB,0.808453422,1.72352E-29,2.03524E-28
P_03128,asd,0.652594662,6.38843E-18,4.66453E-17
P_03129,usg,-0.010133798,0.930250381,0.945908387
P_03130,,0.122046318,0.058351056,0.096201296
P_00031,trpF_1,-2.537402631,1.04022E-58,2.65327E-57
P_00314,phnX_1,-0.263447749,0.262041191,0.34957099
P_03131,truA,-0.030076846,0.77236781,0.825287444
P_03132,trpF_2,-0.455542558,9.17803E-10,3.99641E-09
P_03133,accD,-0.285549183,0.000131467,0.000348171
P_03134,folC,-1.112142154,5.33394E-32,6.84821E-31
P_03135,dedD,-0.330279616,1.77936E-05,5.25838E-05
P_03136,phaJ,0.530645639,1.77299E-07,6.42373E-07
P_03137,,0.397489234,1.01563E-07,3.75802E-07
P_03138,fadD_1,0.311493248,5.514E-05,0.000153989
P_03139,fadD_2,-0.413242204,1.25463E-06,4.19599E-06
P_00315,mlaA,0.077699289,0.311274437,0.40252456
P_03141,,0.151402678,0.205933916,0.285610137
P_03142,,0.61339818,9.47332E-08,3.53035E-07
P_03143,,0.252366453,0.001147006,0.002663969
P_03144,def_1,0.303882685,0.000198277,0.000515358
P_03145,,0.560852474,7.53038E-08,2.82833E-07
P_03146,,0.729587131,0.017091607,0.032170787
P_03147,,0.214799895,0.119604057,0.178519554
P_03148,,0.307126646,0.060513534,0.099253264
P_03149,fecI_5,0.197259667,0.455503932,0.545862824
P_03150,ssuA_2,0.084619839,0.619924087,0.698144493
P_00316,,0.157455409,0.319773396,0.411238472
P_03151,bdlA_1,-0.273446633,0.000350713,0.000882007
P_03152,,-0.96168566,1.67485E-15,1.06563E-14
P_03153,ydjE,-0.502594122,1.04051E-05,3.16788E-05
P_03154,gstB_2,0.635170222,1.34281E-10,6.22487E-10
P_03155,,0.472574015,0.018504279,0.034557781
P_03156,,-0.439706755,0.027844757,0.049673938
P_03157,,0.478080834,0.07430296,0.118319836
P_03158,gntR_2,-0.938066685,1.27415E-17,9.16335E-17
P_03159,,-0.286315638,0.005285721,0.010896103
P_03160,idnT,0.297467761,1.01071E-05,3.08477E-05
P_00317,rssB_2,-0.179132064,0.007240418,0.014598419
P_03161,alaC,0.088795317,0.406783977,0.49979303
P_03162,,0.529357987,2.98863E-12,1.55642E-11
P_03163,,0.494084683,5.9799E-05,0.000166051
P_03164,,0.108667664,0.661441772,0.73395482
P_03165,,0.533749152,7.21122E-13,3.93022E-12
P_03166,,0.252015539,0.010720541,0.020969729
P_03167,metR_2,0.273760038,0.061436851,0.100652609
P_03168,,0.421479641,0.445545952,0.537182398
P_03169,fabG_4,0.56729506,4.29254E-05,0.000121594
P_03170,pgrR_3,0.123821717,0.550783081,0.637672807
P_00318,,0.579876866,1.34794E-16,9.11167E-16
P_03171,gltC_1,-0.279005044,0.266856041,0.355086209
P_03172,,1.1413672,1.17565E-29,1.3969E-28
P_03173,,0.831196667,1.07866E-13,6.20283E-13
P_03174,ybgK_1,0.689454243,1.50601E-12,8.03253E-12
P_03175,zntB_2,0.218503412,0.312328966,0.403433702
P_03176,,-0.374912926,0.054869195,0.091016642
P_03177,glpQ,-0.156658999,0.128332859,0.189820174
P_03178,,0.487719435,9.76102E-08,3.62345E-07
P_03179,yqjZ,0.162633449,0.261603202,0.349149018
P_03180,pyrG_1,0.152349419,0.326253248,0.417818653
P_00319,tal,0.389541363,1.69549E-09,7.28871E-09
P_03181,argP_4,0.132214409,0.219753604,0.301626542
P_03182,bdlA_2,0.305497885,0.00857863,0.017065081
P_03183,dgcC_2,-0.048239159,0.678296005,0.748747984
P_03184,rutR_2,0.08139196,0.567101909,0.651701613
P_03185,,0.390929388,0.000286907,0.000730181
P_03186,,0.586155508,2.13229E-09,9.09832E-09
P_03187,gatA_2,0.376921966,0.001082188,0.002522616
P_03188,,0.071922428,0.669712405,0.741411939
P_03189,,-0.206301956,0.231465916,0.315006615
P_03190,mdtH_2,0.04755904,0.830496201,0.866270029
P_00320,dusA,-0.491348778,4.51693E-05,0.000127572
P_03191,tcyA_2,-0.273884101,0.260418691,0.348067755
P_03192,glnQ_6,0.195074465,0.346377261,0.439305879
P_03193,,-0.047308047,0.786900623,0.834766507
P_03194,argH_1,-0.311216213,0.110023009,0.166382621
P_03195,argP_5,-0.707074117,3.17434E-06,1.0166E-05
P_03196,vapB,0.096480582,0.532037565,0.62072852
P_03197,vapC,-0.276115543,0.066137952,0.106971656
P_03198,,0.121702822,0.269440288,0.358026815
P_03199,,-0.233559014,0.000904684,0.002128734
P_03200,purF_2,0.517882489,3.20187E-14,1.8983E-13
P_00321,,0.065456692,0.75447444,0.811760182
P_03201,metZ,-0.231172587,0.001507912,0.003419165
P_03202,gdhI_1,-0.491373278,1.16213E-08,4.62195E-08
P_03206,,0.592057606,2.9081E-07,1.03469E-06
P_03207,hcrC,0.857553647,0.001551989,0.003510786
P_03208,adhB_1,0.588544335,0.000657405,0.001585231
P_03209,pucA_2,0.294699278,0.041799722,0.071523138
P_03210,puuB_3,0.45497507,5.12781E-09,2.10655E-08
P_03212,,0.581663421,4.53448E-11,2.17951E-10
P_03213,,-0.427582569,0.175736189,0.249270882
P_03214,,-0.148777515,0.551361638,0.637920315
P_00322,,0.430177028,0.296970074,0.387431519
P_03215,pcp,0.087211537,0.631574699,0.707654666
P_03216,,0.397242799,5.92693E-07,2.04784E-06
P_03217,czcS_1,0.056776601,0.590844363,0.672655385
P_03218,czcR_3,0.475385008,0.000101952,0.000274053
P_03219,,0.282783331,0.30132835,0.392047925
P_03220,gph_3,0.049744706,0.603095268,0.683349208
P_03221,,0.345656108,0.00462211,0.009624923
P_03222,,-0.16658391,0.209202593,0.289095517
P_03223,csrA1_2,0.350810097,2.19038E-05,6.40377E-05
P_03224,,0.286946072,0.001457797,0.003317327
P_00323,,0.038504656,0.891529551,0.915504836
P_03225,dns,0.091367277,0.580119446,0.663737142
P_03226,,0.052637892,0.907760501,0.92896532
P_03227,ansB,0.646945113,2.47144E-10,1.1239E-09
P_03228,rbsB_2,-0.249255171,0.02511754,0.045387142
P_03229,araG_1,-0.682562848,4.84875E-05,0.00013634
P_03230,rbsC_2,-0.691063711,0.000635666,0.001540576
P_03231,purR_1,0.001822959,0.988913714,0.992892898
P_03232,rbsK_1,0.369245986,0.009806936,0.019327612
P_03233,rbsD,-0.02802673,0.918370047,0.936649316
P_03234,rihA,-0.213028006,0.069743081,0.112085003
P_00032,trpD_1,-3.774254633,1.5171E-210,2.1235E-208
P_00324,,0.191384423,0.496301963,0.587394714
P_03235,,-1.059488954,8.96823E-06,2.75087E-05
P_03236,,0.224270564,0.044619828,0.075873539
P_03237,,0.16463056,0.163798826,0.23471697
P_03238,capB_1,0.913663512,6.99492E-48,1.40363E-46
P_03239,,0.372539415,9.68162E-06,2.96177E-05
P_03240,thrS,0.024286064,0.7077561,0.772795331
P_03241,infC,0.236340344,0.000237981,0.000611631
P_03242,rpmI,0.471129684,6.36759E-10,2.79599E-09
P_03243,rplT,0.409079504,2.01968E-07,7.26705E-07
P_03244,pheS,-0.378092691,0.000602135,0.001464259
P_00325,,0.143879989,0.770206344,0.823437818
P_03245,pheT,-0.210247821,0.002335885,0.005120567
P_03246,ihfA,-0.185255286,0.027100487,0.048466717
P_03247,,-0.769842611,3.38655E-21,2.87082E-20
P_03249,aqpZ_1,0.368916693,0.041128896,0.070459323
P_03250,ntaA,0.251582579,0.252419553,0.338387249
P_03251,btuB_6,0.378234057,0.031239372,0.055231903
P_03252,gntR_3,-0.041114497,0.844914027,0.877640109
P_03253,xpsE,-0.528018822,0.000441326,0.001091711
P_03254,epsF_2,-1.113508487,1.35159E-06,4.50714E-06
P_03255,epsG,-0.828639584,0.001832864,0.004094514
P_00326,,-0.134036351,0.774654041,0.826769273
P_03256,,-0.29005267,0.313898455,0.405005223
P_03257,,-0.636174519,0.261007124,0.348596669
P_03258,,-1.28982325,0.012460332,0.024093614
P_03259,,-1.241375122,0.009954687,0.019585173
P_03260,,0.247382372,0.282627579,0.372359889
P_03261,,-0.631036488,0.300170296,0.390807017
P_03262,,-0.205445072,0.582880808,0.666099752
P_03263,xpsD,0.253804643,0.207175169,0.287123471
P_03264,,-1.319039642,2.15443E-70,7.18854E-69
P_03265,,-0.304084352,0.001582018,0.003566064
P_00327,ydhP_1,-0.225355483,0.227877814,0.310655981
P_03267,elbB,0.788505111,5.46376E-24,5.20009E-23
P_03268,,0.587768726,1.6217E-15,1.0341E-14
P_03269,,0.093108207,0.401350506,0.494918469
P_03270,hemB_1,0.297454914,0.000400373,0.000996851
P_03271,ppk,0.394808119,1.05911E-08,4.22688E-08
P_03272,ppx,0.347796694,4.89705E-07,1.70328E-06
P_03273,,-0.084797117,0.82779358,0.864518758
P_03274,yraI_1,0.558527685,0.000670392,0.001611806
P_03275,yraJ_1,0.308843888,0.005447609,0.011213712
P_00328,mqo_1,0.610897425,7.45255E-22,6.47053E-21
P_03276,,0.427276325,0.213314834,0.293928892
P_03277,glnQ_7,0.255564596,0.41675505,0.509426461
P_03278,yecS_3,0.479959376,0.015893221,0.030122587
P_03279,yecS_4,0.556889396,0.048723505,0.082025285
P_03280,glnH_3,-0.100429167,0.496294344,0.587394714
P_03281,lutR_4,0.526056628,9.05529E-06,2.77516E-05
P_03282,trxA,0.005823921,0.942399909,0.956060293
P_03283,rho,-1.287295779,2.66446E-43,4.83904E-42
P_03284,,-0.195894419,0.040515144,0.069657403
P_03285,ubiD,0.019515889,0.793798003,0.8393763
P_00329,yofA_1,0.211484078,0.185725079,0.261886052
P_03286,ascD,-0.320073195,0.000324213,0.000819672
P_03287,,-0.372661839,0.025709005,0.046237537
P_03288,chaC,-0.072230171,0.377742145,0.470967232
P_03289,glpT_1,0.253544301,0.014029391,0.026847173
P_03290,qorA_1,0.350673393,2.37633E-06,7.70496E-06
P_03291,,0.548446904,4.92889E-10,2.18432E-09
P_03292,,0.375836116,0.000272038,0.000695194
P_03293,,-1.023541176,3.34169E-12,1.73243E-11
P_03294,ygfA,-0.252933261,0.015301405,0.029048881
P_03295,zapA,0.298839338,0.001638984,0.003685787
P_00330,eamA_1,-0.139278618,0.538965831,0.627154279
P_03296,,0.380484196,0.001581535,0.003566064
P_03297,,-0.352988267,0.003448778,0.007382521
P_03298,pepP,-0.481724993,2.78052E-06,8.94475E-06
P_03299,ubiH,-0.465512763,2.97667E-06,9.55017E-06
P_03300,ubiI,-0.279216361,0.001415129,0.003229196
P_03301,,-1.554121385,1.53807E-54,3.6325E-53
P_03302,,-0.236156927,0.061177095,0.100284303
P_03303,gcvT_1,0.002110267,0.978339718,0.983997834
P_03304,gcvH_1,0.148347849,0.064184877,0.104439186
P_03305,arnB,0.04548199,0.561975758,0.64762628
P_00331,,0.109239539,0.565969159,0.650918829
P_03306,,0.955460518,2.56877E-40,4.31057E-39
P_03307,ybbJ,0.008062507,0.946555969,0.958920513
P_03308,qmcA,0.176285598,0.042499273,0.072633511
P_03309,,0.023905703,0.818661375,0.858136554
P_03310,,1.710683967,6.62872E-07,2.28071E-06
P_03311,decR_3,0.007025624,0.97929649,0.984787551
P_03312,ygiF,-0.08476879,0.381140127,0.474482253
P_03313,argE,0.321895191,1.68981E-05,5.00403E-05
P_03314,argA,-0.847404854,2.30212E-24,2.21675E-23
P_03315,tauA_2,0.088004063,0.472671748,0.56361171
P_00332,,0.190175392,0.05299062,0.088199875
P_03316,nicP_1,-1.405593226,3.33264E-62,9.65961E-61
P_03317,prxU,0.623764026,0.003115034,0.006713173
P_03318,ynbA,0.270018208,0.002246282,0.00493168
P_03319,ynbC,0.234495038,0.004436214,0.009274839
P_03320,ynbD,-0.364920157,0.001394682,0.003190147
P_03321,,0.57536144,1.08109E-06,3.64107E-06
P_03322,,0.275480548,0.018801431,0.035044304
P_03323,,0.196086371,0.025721472,0.046245466
P_03324,,0.13781056,0.627747394,0.704508323
P_03325,glmS,-0.118967451,0.302907387,0.393673476
P_00333,,0.660677833,4.35601E-15,2.72619E-14
P_03326,srlR,-0.479992814,0.037490795,0.06506189
P_03327,glmU_1,-0.342315241,0.000829035,0.001963301
P_03328,atpC,-1.478303185,6.34817E-62,1.80357E-60
P_03329,atpD,-1.251273065,1.31074E-79,5.08267E-78
P_03330,atpG,-1.189108111,1.70946E-60,4.64958E-59
P_03331,atpA,-1.367607021,1.08982E-84,4.59889E-83
P_03332,atpH_1,-1.490301119,7.01154E-71,2.35317E-69
P_03333,atpF,-1.207072908,4.29899E-51,9.31016E-50
P_03334,atpH_2,-1.120124889,2.48147E-52,5.63539E-51
P_03335,atpB,-1.144878807,9.21346E-40,1.51943E-38
P_00033,wbpA_1,-2.620539112,1.1059E-157,9.9168E-156
P_00334,ppnN,0.024098118,0.78378622,0.832682177
P_03336,,-0.699246245,1.69903E-17,1.20977E-16
P_03337,parB,-0.864836252,1.51167E-19,1.19662E-18
P_03338,parA,-0.531795054,5.80496E-09,2.37792E-08
P_03339,rsmG,-0.481161718,2.97704E-06,9.55017E-06
P_03340,mnmG,0.24195932,0.001012898,0.002374601
P_03341,fecI_6,-2.150024024,1.30317E-57,3.27251E-56
P_03342,fecR_4,-0.250144626,0.098892953,0.151831636
P_03343,fhuA_4,-0.157306326,0.184212832,0.259881377
P_03344,mnmE,0.388875745,0.000373197,0.00093405
P_03345,yidC,-0.639202604,1.66825E-15,1.0626E-14
P_00335,,0.460044455,5.54201E-06,1.73611E-05
P_03346,,-0.717089288,1.01657E-16,6.90422E-16
P_03347,dnaA,-0.146324482,0.081093234,0.127750226
P_03348,dnaN,-0.298467686,0.000170001,0.000444886
P_03349,recF_4,-0.592011248,3.289E-12,1.7082E-11
P_03350,gyrB,-0.458885203,3.00143E-09,1.261E-08
P_03351,cseB,0.678511197,5.88112E-18,4.30507E-17
P_03352,sasA_15,0.168832806,0.055244128,0.091605331
P_03353,,-1.139740175,1.4844E-17,1.06354E-16
P_03354,gmhB,-0.758844356,2.76205E-09,1.16469E-08
P_03355,glyS,-0.176925612,0.020265281,0.037480647
P_00336,fabV,0.087309359,0.2485404,0.33428014
P_03356,glyQ,-0.195895021,0.030526079,0.054120842
P_03357,tag_1,-0.397832285,0.005486426,0.011281476
P_03358,lpxL_1,-0.228444266,0.039787943,0.068592071
P_03359,,0.760494152,3.39011E-16,2.2363E-15
P_03360,trkA,0.925176874,1.92266E-44,3.57663E-43
P_03361,rsmB,0.46045515,0.000162038,0.000425017
P_03362,fmt_2,0.967145401,8.78933E-14,5.08487E-13
P_03363,def_2,0.370624233,6.93901E-06,2.15143E-05
P_03364,,-0.371574522,0.149490663,0.216757684
P_03365,,-0.13403431,0.164991874,0.236190662
P_00337,,-0.103261067,0.508634613,0.598412063
P_03366,tsaC,0.279083702,0.002244571,0.00492981
P_03367,lgrB,-3.885510015,0,0
P_03368,lgrE,-3.712599763,2.34979E-74,8.4284E-73
P_03369,,-4.638811484,0,0
P_03370,,-0.049864912,0.534205018,0.622497989
P_03371,kstR2,0.06213838,0.589148373,0.6712572
P_03372,,1.114880439,9.39612E-27,9.93081E-26
P_03373,,0.761052485,2.21604E-10,1.01176E-09
P_03374,accA_1,0.512607413,3.6583E-09,1.52802E-08
P_03375,acdA,0.490036662,7.17069E-06,2.22206E-05
P_00338,dmlR_1,-0.179887079,0.318976356,0.410357612
P_03376,dpgD,0.738481343,6.85728E-09,2.79502E-08
P_03377,accA1_3,0.584254555,1.33211E-10,6.18027E-10
P_03378,polC_3,-0.222537263,0.014200424,0.027138273
P_03379,ppnP,-0.43935664,0.001364183,0.003132871
P_03380,ycbX,0.205292883,0.011284553,0.021975586
P_03381,cheV_2,0.108943083,0.260758258,0.348372443
P_03382,,-0.901483096,5.01622E-11,2.40101E-10
P_03383,,-0.970075189,1.13001E-06,3.7947E-06
P_03384,degU_2,-0.336727224,0.009424945,0.018613131
P_03385,yegS,0.143756413,0.097524867,0.150092574
P_00339,argD_2,0.466916183,0.001536931,0.003479467
P_03386,,-0.174252812,0.055316349,0.091698593
P_03387,cheW,0.445341344,1.89478E-06,6.22447E-06
P_03388,,0.12767549,0.145002958,0.211264782
P_03389,soj_4,0.358701787,5.4313E-06,1.70422E-05
P_03390,motB_1,-0.505198831,3.00888E-06,9.6469E-06
P_03391,pomA,-0.788098406,2.82736E-10,1.27866E-09
P_03392,cheB1,-0.725354341,1.69717E-12,9.00189E-12
P_03393,,-0.430926255,1.58425E-09,6.82583E-09
P_03394,cheZ,-0.288363558,0.002079871,0.00460331
P_03395,cheY_1,-0.072688708,0.411917466,0.504480225
P_00340,yahB,-0.282765127,0.238151917,0.322640853
P_03396,fliA,0.386204161,1.84886E-09,7.93021E-09
P_03398,flhF,0.793019728,2.16965E-30,2.64366E-29
P_03399,flhA,0.48987791,2.87087E-13,1.60898E-12
P_03400,,0.387245141,0.115134562,0.172882589
P_03401,cspE,0.576422202,0.04630557,0.078414773
P_03402,cspA_1,1.252916271,4.12333E-16,2.71063E-15
P_03403,,1.165320258,5.42363E-21,4.55728E-20
P_03404,,1.586577351,2.35047E-05,6.84391E-05
P_03405,,1.249665811,1.15038E-32,1.51771E-31
P_03406,flhB,0.070780816,0.597827733,0.678720743
P_00341,ydhC_1,0.060944673,0.764875304,0.81987661
P_03407,spaR,-0.329418362,0.030318164,0.053785453
P_03408,,-0.225124119,0.40791097,0.500534757
P_03409,fliP_2,0.221047213,0.039395846,0.068022581
P_03410,,0.099925159,0.430715093,0.52314792
P_03411,fliN,0.628479223,3.18282E-07,1.12476E-06
P_03412,fliM,0.316975199,0.00069224,0.001658083
P_03413,,0.55982864,4.74446E-08,1.8044E-07
P_03414,guaD,0.811048157,2.65158E-20,2.15544E-19
P_03415,,0.66920234,6.27668E-12,3.19626E-11
P_03416,pucD,0.943485925,1.24265E-35,1.80546E-34
P_00342,,0.829264002,3.63441E-07,1.27521E-06
P_03417,,0.997130501,8.62151E-35,1.2157E-33
P_03418,rspR_1,-0.270404636,0.001564522,0.003530787
P_03419,smc_2,-0.619584549,1.34823E-14,8.19651E-14
P_03420,zipA,0.217296752,0.001025806,0.002402897
P_03421,ligA,0.242140088,0.001314822,0.00302921
P_03422,,-0.027622656,0.774754476,0.826769273
P_03423,,-0.235759693,0.03171295,0.055948547
P_03424,,-0.188426562,0.017076651,0.032153182
P_03425,,-0.002726973,0.97291348,0.979742141
P_03426,gltR_3,0.473251748,5.9551E-08,2.24844E-07
P_00343,uacT_1,1.267517813,6.6003E-50,1.38245E-48
P_03427,eamA_2,0.258153679,0.047367349,0.079976822
P_03428,ruvB_1,-0.608816527,1.26256E-14,7.70835E-14
P_03429,ybaB,0.635424088,1.27823E-15,8.21474E-15
P_03430,curA_1,0.46651503,3.95019E-12,2.03502E-11
P_03431,recR,0.032918372,0.744896214,0.80478637
P_03432,mmgC_5,0.917798234,1.18369E-18,8.91499E-18
P_03433,apt,0.01848142,0.874640663,0.90166387
P_03434,anr,0.653229982,1.13579E-16,7.70485E-16
P_03435,,0.173207491,0.135745492,0.199498945
P_03436,hemN_2,-0.145592806,0.322659812,0.414075281
P_00034,,-0.409420351,5.1205E-05,0.000143559
P_00344,laaA,0.311877008,0.000782896,0.001863558
P_03437,,0.064999188,0.59937767,0.680019332
P_03438,,0.402537126,0.022134309,0.040532482
P_03439,copA_1,-0.18929774,0.074954305,0.119224711
P_03440,,0.461664128,5.87654E-06,1.8359E-05
P_03441,,0.814605054,1.20184E-33,1.66201E-32
P_03442,fitB,0.061026949,0.709237499,0.773971098
P_03443,,0.368852427,0.000461791,0.001139878
P_03444,ccoP2,0.656379297,9.98077E-23,9.02042E-22
P_03445,,0.341329616,0.00412183,0.008668077
P_03446,,0.501042214,9.58863E-13,5.19633E-12
P_00345,rcsB_1,0.557875607,2.55405E-14,1.52684E-13
P_03447,ccoN1_1,0.532041637,1.93825E-16,1.30101E-15
P_03448,ccoP1,0.441566621,0.000866574,0.00204409
P_03449,,-0.251404873,0.776728078,0.827848784
P_03450,,0.008175638,0.983735096,0.988558171
P_03451,ccoN1_2,-0.049026918,0.732551123,0.795329341
P_03452,,0.412244704,0.007009472,0.014159577
P_03453,,-0.573833064,0.019855856,0.036830239
P_03454,,0.398725782,0.009431115,0.018618909
P_03455,aer,-0.705941402,9.6133E-17,6.53682E-16
P_03456,,-0.538148134,0.001440342,0.003278907
P_00346,pip_1,-0.149747368,0.263839255,0.351798721
P_03457,,0.277409261,0.072074871,0.115347933
P_03458,,0.146405243,0.307178628,0.397676099
P_03459,aceK,0.236525832,0.006575988,0.013321425
P_03460,,-0.382382636,0.000272598,0.000696235
P_03461,,-1.13968246,0.000718904,0.001719079
P_03462,,0.064048598,0.653201281,0.727483437
P_03463,rcsB_3,0.318664083,0.009128197,0.018064388
P_03464,rcsC_9,0.191761552,0.226425906,0.309202573
P_03465,,-0.252968691,0.438259216,0.529955677
P_03466,gltF_1,0.2881703,0.117951641,0.176420242
P_00347,gsiC_1,0.150405816,0.340068837,0.43264355
P_03467,gltF_2,0.488806385,0.000178316,0.000465586
P_03468,,0.636002887,8.0138E-06,2.47132E-05
P_03469,gltF_3,0.477138787,0.081021412,0.127672127
P_03470,yraI_2,-0.559265437,0.250429211,0.336268891
P_03471,yraJ_2,0.211993752,0.04371063,0.074481979
P_03472,,0.175504567,0.41230908,0.504852103
P_03473,,-0.183257022,0.329233535,0.42119288
P_03474,yycB_3,0.037880709,0.654657594,0.728681135
P_03475,lutR_5,-0.490876048,0.000167837,0.000439638
P_03476,glnQ_8,0.243366065,0.324488971,0.41594087
P_00348,ddpC_1,-0.724104735,0.000405909,0.001008883
P_03477,yhdY,-0.186654994,0.377928634,0.470995099
P_03478,,-0.089924929,0.667659004,0.740281109
P_03479,yhdW,-0.81351643,5.86793E-06,1.83521E-05
P_03480,estB_1,-0.189610567,0.098198392,0.150967203
P_03481,rhlB_2,-0.127266151,0.075254168,0.119635365
P_03482,moaE,0.394634446,0.000398341,0.00099292
P_03483,moaD,0.599825788,1.86309E-07,6.72892E-07
P_03484,moaC,0.736294322,4.06988E-14,2.39559E-13
P_03485,,-1.047266029,1.53812E-32,2.01997E-31
P_03486,,0.651144097,5.8855E-25,5.80359E-24
P_00349,oppD,-0.584383632,0.000648346,0.001567997
P_03487,,-0.139525585,0.188679485,0.265399893
P_03488,,0.043992534,0.728987603,0.792660071
P_03489,algD,-1.228716987,0.00014051,0.000371606
P_03490,alg8,0.166451409,0.418833404,0.511640039
P_03491,,-0.138285707,0.696902548,0.763199536
P_03492,algK,-0.334916061,0.27644736,0.365728769
P_03493,algE,-0.400816209,0.271834971,0.360457694
P_03494,algG,-0.339591401,0.180024447,0.254786757
P_03495,algX,-0.444292576,0.114840579,0.172576613
P_03496,algL,0.072106585,0.784403992,0.833180189
P_00350,gsiA_1,-0.973358555,4.08727E-06,1.29811E-05
P_03497,,-0.117054216,0.686405993,0.755955478
P_03498,algJ,-0.227116862,0.551195463,0.637896075
P_03499,,-0.610821268,0.084362498,0.13224703
P_03500,algA_1,-0.578275297,0.000577536,0.001408619
P_03501,,0.717389651,1.52069E-12,8.10327E-12
P_03502,hcaB_5,0.37019869,0.000422167,0.00104793
P_03503,pgrR_4,-0.221745754,0.447587248,0.538738091
P_03504,mdtD,0.185949169,0.208855009,0.288814968
P_03505,,0.340509033,0.025574774,0.046053853
P_03506,dmlR_10,0.212957139,0.1031012,0.157586773
P_00351,gsiB_1,-0.727197277,2.75591E-07,9.8204E-07
P_03507,frmA,1.17181738,1.72372E-45,3.28652E-44
P_03508,yeiG,1.275882084,1.18985E-40,2.04447E-39
P_03509,ispF,-0.204552934,0.02282603,0.041652968
P_03510,truD,-0.464723564,1.76272E-06,5.80392E-06
P_03511,surE,-0.798304979,7.62514E-12,3.8692E-11
P_03512,pcm,-1.2052809,8.02239E-17,5.51384E-16
P_03513,,0.310220754,6.11987E-07,2.10943E-06
P_03514,rpoS,0.592812734,6.52852E-23,5.94049E-22
P_03515,capB_2,0.526015833,0.00011479,0.000306411
P_03516,dcd,0.034821289,0.728685695,0.792481941
P_00352,yciK,-0.305060049,0.0027443,0.005974787
P_03517,,0.514281866,9.1862E-12,4.62452E-11
P_03518,,-0.343594911,0.000249868,0.000640747
P_03519,dbpA_1,-0.560023921,3.0598E-10,1.37727E-09
P_03520,hisP_1,-0.571679146,0.063604427,0.103641627
P_03521,,-0.396417258,0.059440472,0.097716662
P_03522,hisM_1,-0.244672398,0.332727784,0.424716359
P_03523,hisQ_1,-0.469574039,0.115403359,0.173240878
P_03524,argT_1,0.506170245,7.06587E-07,2.4282E-06
P_03525,lig_2,-0.522147725,1.47511E-10,6.81615E-10
P_03526,,-0.508763883,2.04058E-08,7.99925E-08
P_00353,mupP,0.00016298,0.998750899,0.99927537
P_03527,,0.157937536,0.245155486,0.330424456
P_03528,quiP_1,-0.187894269,0.022388509,0.040945714
P_03529,,0.098442017,0.576727702,0.660251402
P_03530,,0.435190716,6.10826E-05,0.000169431
P_03531,,0.679788841,1.61621E-16,1.08994E-15
P_03532,,0.465906903,8.29707E-06,2.55368E-05
P_03533,,0.020172923,0.819518677,0.858564747
P_03534,,-0.033150695,0.805884972,0.848307751
P_03535,dinG,-0.247681052,0.008036506,0.016081419
P_03536,,0.076569693,0.374234232,0.467380554
P_00035,,-0.320120187,0.044851453,0.076244812
P_00354,ubiG_1,0.084929762,0.381690192,0.475063979
P_03537,,-0.522976994,6.83827E-11,3.2407E-10
P_03538,,-0.028892425,0.671678591,0.742728986
P_03539,pdxH,-0.499890788,3.6538E-08,1.39981E-07
P_03540,slyB,0.769280528,6.74407E-29,7.80327E-28
P_03541,nhaA_2,-0.100562671,0.226135867,0.308924957
P_03542,,0.45870061,0.000126147,0.000334391
P_03543,,-0.194772594,0.106578562,0.162199514
P_03544,dctA2,0.456339933,1.39231E-08,5.51297E-08
P_03545,pucA_3,0.480051957,6.81236E-12,3.46597E-11
P_03546,glmU_2,-0.26392544,0.000737826,0.001760657
P_00355,mtaD,0.21729545,0.003259437,0.006995478
P_03547,rne,0.281623271,0.000123665,0.000328115
P_03548,rluC,-0.691549328,3.5743E-14,2.11038E-13
P_03549,ppaX,-1.295391442,5.68481E-16,3.72008E-15
P_03550,,-1.135154702,5.53306E-15,3.4366E-14
P_03551,tdhA,-0.19026475,0.160943179,0.231028741
P_03552,,-1.03244414,2.20518E-06,7.17027E-06
P_03553,,0.085365125,0.458477508,0.548967749
P_03554,dapA_2,-0.017332722,0.9129865,0.931986753
P_03555,cloR,0.262641261,0.088158096,0.137558269
P_03556,sutR,0.206526929,0.038364312,0.066417131
P_00356,mtnA,0.162845705,0.072407009,0.11578262
P_03557,,-0.107635685,0.487046331,0.577870352
P_03558,adhB_2,0.287965027,0.095013544,0.146832402
P_03559,,0.239196415,0.006821414,0.013789395
P_03560,,0.06705914,0.751661538,0.809236715
P_03561,pcpR_3,-0.344322474,0.142715994,0.208515043
P_03562,fosA,0.302811924,0.039894703,0.068755466
P_03563,leuE_1,0.026934707,0.848222194,0.880120623
P_03564,,1.214012024,2.70375E-59,7.11782E-58
P_03565,ogt_1,0.439121534,0.002222408,0.004884871
P_03566,,-0.158802176,0.392811333,0.486794265
P_00357,gyrA,-0.602537997,1.32225E-13,7.5657E-13
P_03567,,0.397318377,0.00024913,0.000639141
P_03569,rhlA_1,0.341453572,1.68512E-05,4.99273E-05
P_03570,rsuA,0.018378646,0.912931514,0.931986753
P_03571,,-0.305088989,0.256590236,0.343496936
P_03572,,0.326434005,0.0425238,0.072653792
P_03573,,0.516746313,0.001346474,0.00309592
P_03574,caiD_1,0.889241019,1.89743E-31,2.39326E-30
P_03575,ung,-0.569715531,8.66613E-06,2.66104E-05
P_03576,,-0.023549122,0.751706034,0.809236715
P_03577,,0.200275717,0.02031871,0.037540178
P_00358,serC,-1.207845192,4.87432E-22,4.2708E-21
P_03578,,0.77021694,3.3801E-28,3.81858E-27
P_03579,pgl_1,0.229525973,0.04056209,0.069717231
P_03580,,-0.510324317,0.054767621,0.090916504
P_03581,,0.006065691,0.966256268,0.975434428
P_03582,,-0.262154725,0.356357953,0.449402288
P_03583,,-0.86430995,3.94165E-05,0.000112041
P_03584,nicP_2,-0.551876135,0.000822777,0.001951206
P_03585,tctD,0.278190825,0.001564028,0.003530787
P_03586,sasA_16,-0.255321441,0.011049757,0.021554913
P_03587,,-1.134865225,9.64138E-11,4.51689E-10
P_00359,,-0.921207074,2.63059E-20,2.14141E-19
P_03588,ygfZ,-0.490687276,6.08544E-08,2.29313E-07
P_03589,sdhE,0.231700191,0.061217396,0.100321712
P_03590,,-0.509665633,0.000357868,0.000898428
P_03591,nadB,0.592315446,1.6957E-18,1.26057E-17
P_03592,rpoE_2,0.508457449,0.001321959,0.00304321
P_03593,mucA,0.523843192,3.22176E-10,1.44563E-09
P_03594,mucB,0.32317627,1.26495E-05,3.81879E-05
P_03595,degP,-0.161241731,0.050873005,0.085144408
P_03596,bepA_2,-0.567041157,8.21442E-08,3.07719E-07
P_03597,tusA_1,0.25776687,0.017584007,0.032989414
P_00360,hisC_1,-0.827242188,6.66689E-16,4.34788E-15
P_03598,dapE_1,-1.23939398,4.95417E-30,5.9731E-29
P_03599,rlmA,-0.870184672,2.13473E-11,1.04801E-10
P_03600,,0.446119695,0.005462235,0.011235759
P_03601,cspA_2,0.679563983,5.49286E-19,4.24845E-18
P_03602,plsB,-0.291764798,0.002425548,0.005306984
P_03603,,0.227979731,0.0434684,0.074113235
P_03604,,0.142185604,0.128893793,0.190551643
P_03605,,-0.103305483,0.512661596,0.60216228
P_03606,acrF,-0.214404146,0.106846358,0.16239175
P_03607,mdtA_6,0.384722441,0.003922032,0.008284336
P_00361,aroA_1,-0.697171975,3.39481E-11,1.64551E-10
P_03608,,0.149356835,0.363529965,0.456739032
P_03609,,0.095795496,0.755602491,0.812364687
P_03610,rsmJ,0.323438231,2.9841E-05,8.6059E-05
P_03611,,-0.499281544,0.000101509,0.000273118
P_03612,,0.235723863,0.016582175,0.031314611
P_03613,,-0.971933413,3.21084E-05,9.20891E-05
P_03614,,-0.062608967,0.487396695,0.578166522
P_03615,tsaB,-0.536169561,1.98533E-09,8.50284E-09
P_03616,adk,-0.935072427,4.12516E-25,4.0959E-24
P_03617,ppc,0.456063997,5.16109E-12,2.63753E-11
P_00362,cmk_1,0.580723502,1.34038E-19,1.06543E-18
P_03618,,0.926065812,2.77773E-39,4.50322E-38
P_03619,,0.576129476,3.35331E-18,2.47043E-17
P_03620,,0.512822957,2.77695E-10,1.25685E-09
P_03621,,0.47489188,0.131297826,0.193507505
P_03622,,0.024153437,0.969429498,0.977606025
P_03623,,-0.258867807,0.246663031,0.332144331
P_03624,,-0.004054108,0.971019059,0.978521428
P_03625,,0.298995205,3.20465E-05,9.19574E-05
P_03626,betI_2,-0.035023322,0.82263384,0.860666488
P_03627,lysU,-0.968509821,1.46964E-24,1.42954E-23
P_00363,rpsA,0.536904337,5.33492E-18,3.91023E-17
P_03628,prfB,-0.628874374,1.79507E-09,7.70523E-09
P_03629,cheB_2,9.98176E-05,0.99892713,0.99927537
P_03630,cheB_3,0.112986402,0.139509198,0.204349997
P_03631,rcsC_10,-1.097980674,1.42424E-40,2.43992E-39
P_03632,,-1.523616816,1.05137E-26,1.10916E-25
P_03633,wspC,-1.121053869,2.18918E-26,2.28847E-25
P_03634,,-0.396427437,2.61959E-06,8.45548E-06
P_03635,,0.035339001,0.596853714,0.678285834
P_03636,,0.134577799,0.749848242,0.808146302
P_03637,,0.264784294,0.020319056,0.037540178
P_00036,,0.480608557,0.49468761,0.585967429
P_00364,,0.610621092,2.89406E-11,1.40635E-10
P_03638,mdoD,0.257862633,0.000209516,0.000542115
P_03639,,0.507104375,2.78864E-11,1.35973E-10
P_03640,namA_3,0.871906763,2.64007E-34,3.70449E-33
P_03641,kup,-0.107376683,0.128493538,0.190008868
P_03642,,-0.226899667,0.269631952,0.358032803
P_03643,rimO_1,0.10015672,0.303092041,0.393673476
P_03644,yjaB,0.169421991,0.032610704,0.057373646
P_03645,tycB_2,-3.92961032,1.28417E-27,1.41456E-26
P_03646,dltA_2,-3.210520918,0,0
P_03647,fpvA_1,-2.755677565,5.6552E-294,1.4752E-291
P_00365,ihfB,0.479682918,6.56021E-10,2.87617E-09
P_03648,yojI,-1.862094952,2.0373E-113,1.1931E-111
P_03649,purN_1,-3.098623341,3.0725E-173,3.5986E-171
P_03650,pkn1,-4.353507021,1.845E-193,2.3019E-191
P_03651,cefD_1,-2.189156045,3.35191E-80,1.31758E-78
P_03652,,-4.893697669,0,0
P_03653,,-2.963220809,2.9838E-178,3.6434E-176
P_03654,,-0.959016342,0.000172796,0.000451583
P_03655,cdhR_5,0.266149642,0.025597315,0.046079984
P_03656,,1.026388075,3.46129E-12,1.79281E-11
P_03657,yhhW_1,-0.062050555,0.876295668,0.903207765
P_00366,,-0.013165864,0.913791214,0.932476489
P_03658,cdhR_6,0.337287636,0.009113037,0.018040607
P_03659,,0.153411475,0.180477942,0.255302664
P_03660,,0.454664938,4.42598E-09,1.83664E-08
P_03661,rhaR_4,0.028159194,0.910138252,0.930309185
P_03662,nodD2_5,0.726706828,1.23046E-14,7.52037E-14
P_03663,,0.140921025,0.421861597,0.514791347
P_03664,nfdA_1,-0.047147032,0.64495508,0.720336178
P_03665,ycaC_2,-0.288922772,0.046589599,0.078825976
P_03666,dmlR_11,-0.654662949,0.000167842,0.000439638
P_03667,,0.613316841,0.034099513,0.059627393
P_00367,,-0.463741922,1.24536E-07,4.56394E-07
P_03668,,0.341468162,0.323448531,0.414901904
P_03669,btuB_7,-0.081700257,0.524544702,0.613108359
P_03670,eamB_2,0.195475362,0.37744164,0.470700032
P_03671,rhaR_5,0.159064927,0.193946618,0.271743077
P_03672,yejF_2,-0.905861741,4.72544E-12,2.41921E-11
P_03673,yejE_2,-0.663804206,0.000568687,0.001388215
P_03674,yejB_2,-0.578120532,0.000687898,0.001650439
P_03675,sgrR,-1.193096584,2.23328E-14,1.34348E-13
P_03676,,-0.302725238,0.004899666,0.010162336
P_03677,mltD,-0.84697458,3.55993E-29,4.14411E-28
P_00368,wbpA_2,-0.869380442,6.40117E-17,4.44212E-16
P_03678,gloB,0.222026865,0.005231805,0.010792714
P_03679,,0.595286318,2.75298E-17,1.93857E-16
P_03680,rnhA,0.41525676,0.010109025,0.019868389
P_03681,,-0.881982122,8.38452E-11,3.95064E-10
P_03682,rhaS_7,-0.124728145,0.366514623,0.46006724
P_03683,,0.166274211,0.320503515,0.411952894
P_03684,dnaQ,-0.283857621,0.005573723,0.011450923
P_03685,adiA,-0.213864475,0.001663871,0.003737361
P_03686,wecD,-0.737562646,1.21907E-10,5.66954E-10
P_03687,,-0.020190531,0.844882731,0.877640109
P_00369,wbgU,-1.543295334,2.68775E-39,4.3697E-38
P_03688,,-0.696018008,3.75649E-05,0.000107096
P_03689,,-0.955050972,8.59723E-06,2.6413E-05
P_03690,,-0.04927308,0.669259481,0.741196481
P_03691,chrR,0.255575997,0.001157515,0.002685116
P_03692,poxB,0.10634809,0.151597284,0.219479519
P_03693,,0.546538109,1.71429E-09,7.36401E-09
P_03694,,0.187298783,0.083229706,0.13068544
P_03695,sir_2,0.179056995,0.022003216,0.040318153
P_03696,,0.192780581,0.007427701,0.014941316
P_03697,purR_2,0.119667113,0.067069338,0.108273117
P_00370,asnB_1,-0.607612545,8.85242E-12,4.46433E-11
P_03698,,0.538284568,3.57288E-12,1.84728E-11
P_03699,,0.161856271,0.072319369,0.115674709
P_03700,,0.099056038,0.269511606,0.358032803
P_03701,ybjJ,-0.081731836,0.364675467,0.457958973
P_03702,,0.281652209,0.086849982,0.13570162
P_03703,,0.347170814,0.157290802,0.226579295
P_03704,,0.027944727,0.890717294,0.914950161
P_03705,fecA_2,-1.270517327,5.23527E-35,7.43694E-34
P_03706,fecR_5,-0.600558145,1.95041E-05,5.74609E-05
P_03707,fecI_7,-1.994425386,3.1339E-52,7.08089E-51
P_00371,pglA,0.5619518,6.88676E-13,3.7611E-12
P_03708,,0.009554711,0.96013663,0.970622533
P_03709,gdhI_2,0.183055736,0.032947487,0.057912903
P_03710,,0.100401268,0.191284205,0.268471521
P_03711,menH_2,0.084193605,0.32808544,0.419911316
P_03712,cdhR_7,0.096733513,0.44203272,0.533731492
P_03713,inhA,0.195120313,0.17219035,0.244907167
P_03714,leuE_2,0.693174825,2.9465E-07,1.04641E-06
P_03715,fecI_8,-0.721867706,4.73437E-09,1.95612E-08
P_03716,fecR_6,-1.076626673,7.56443E-13,4.11881E-12
P_03717,fpvA_2,-0.017727884,0.884491349,0.909368658
P_00372,gnu,0.00830986,0.930652372,0.946115339
P_03718,,0.424383176,3.23779E-07,1.14349E-06
P_03719,algA_2,0.286083067,0.000757902,0.001806312
P_03720,,-0.025700738,0.827274722,0.864166295
P_03721,,0.05924635,0.587531808,0.669845204
P_03722,,-0.025015539,0.796160242,0.84115678
P_03723,mshA_1,-0.485697943,1.10112E-05,3.34002E-05
P_03724,,-0.370101716,0.003227749,0.006930061
P_03725,,-0.362582144,0.000821217,0.00194831
P_03726,mshA_2,-0.027053604,0.807819186,0.85003196
P_03727,,-0.374545825,0.009353986,0.018479355
P_00373,tagO,-0.136308132,0.367325349,0.460883293
P_03728,dapH_2,-0.366063259,0.013766568,0.02637941
P_03729,murJ_1,-0.131463155,0.237915641,0.322407996
P_03730,,0.657580642,8.09862E-22,7.02084E-21
P_03731,,0.642439032,3.2196E-13,1.7974E-12
P_03732,polB,-0.178196896,0.063463723,0.10347111
P_03733,,-0.312306215,0.003907335,0.008256331
P_03734,,0.947138111,3.70948E-38,5.7537E-37
P_03735,gfa,0.283630473,0.052288285,0.087157266
P_03736,mrdA_2,0.189605106,0.038971099,0.067345719
P_03737,eamB_3,0.662988833,2.78778E-11,1.35973E-10
P_00037,,-2.946371674,0.04142016,0.07091596
P_00374,pglF,-0.001159313,0.989372423,0.993118593
P_03738,,0.350133943,0.001190501,0.002759404
P_03739,,-0.002970182,0.981879906,0.987039548
P_03740,,-2.81211946,6.29141E-39,1.00575E-37
P_03741,,-0.021925053,0.790087994,0.837052797
P_03743,pvdQ,-1.374401748,3.66032E-61,1.01974E-59
P_03744,,-1.515081074,7.8775E-54,1.83032E-52
P_03745,,-0.236634811,0.028229781,0.050313885
P_03746,,0.024898002,0.781950176,0.831347177
P_03747,cmpB,-0.740094691,0.000241491,0.000620375
P_03748,,-0.368392931,0.003122866,0.006727525
P_00375,,-0.519761564,7.42758E-05,0.000203121
P_03749,cmpC,-0.552777681,0.001534986,0.003477502
P_03750,,-0.150671739,0.159211071,0.228885857
P_03751,,-0.642091125,0.000100148,0.000269708
P_03752,rclR_2,-0.393587497,0.000152372,0.000400947
P_03753,,-0.044239357,0.769946425,0.823313309
P_03754,,0.247249748,0.001046308,0.00244539
P_03755,,0.033193184,0.744055358,0.80478637
P_03756,yqaA,-0.694421086,3.71638E-07,1.3013E-06
P_03757,bpoA2,-0.147679388,0.228022966,0.310689411
P_03758,hprA_2,0.004151868,0.965085892,0.974424337
P_00376,,-1.521984222,3.01994E-10,1.36039E-09
P_03759,glgA,0.137968436,0.030253428,0.053687206
P_03760,treZ,-0.368627389,8.76228E-08,3.27175E-07
P_03761,malQ,-0.552646752,1.7539E-14,1.06178E-13
P_03762,treY,-0.791870842,2.07708E-26,2.17525E-25
P_03763,,0.124552925,0.147196464,0.213809291
P_03764,glgX,-0.642112275,1.45953E-19,1.15694E-18
P_03765,,-0.610633152,2.07157E-16,1.38241E-15
P_03766,mshB,-0.893863383,6.09939E-15,3.77202E-14
P_03767,,-0.943543227,2.09845E-17,1.48679E-16
P_03768,,-0.905297562,1.58182E-20,1.30058E-19
P_00377,,-2.526487697,2.7094E-23,2.512E-22
P_03769,,-0.854521132,1.2789E-14,7.79979E-14
P_03770,pupB,-1.225333035,1.5314E-30,1.86994E-29
P_03771,smc_3,-0.159207511,0.090331247,0.140490793
P_03772,,0.060352992,0.548002256,0.635478874
P_03773,,-0.190299479,0.079686634,0.125879878
P_03774,,1.162648765,1.46844E-43,2.68388E-42
P_03775,rhtB_4,0.681406623,8.86838E-21,7.39762E-20
P_03776,,0.095519347,0.354392694,0.447493877
P_03777,,-2.143548873,5.589E-120,3.7297E-118
P_03778,fklB_1,-1.593385122,5.98437E-60,1.59741E-58
P_00378,fdtB,-2.264511872,1.37836E-37,2.08717E-36
P_03779,mcpS,0.016616158,0.865645593,0.894157678
P_03780,,0.138841994,0.159013432,0.228659004
P_03781,dan,0.437263873,0.004480226,0.009356628
P_03782,hexR_1,0.425621531,0.041030343,0.070311478
P_03783,gntT_1,-0.193396647,0.351129998,0.444057968
P_03784,,-0.321938711,0.190487733,0.267484488
P_03785,bicA,-0.939769768,4.0236E-05,0.000114257
P_03786,,1.147474036,1.08969E-32,1.44095E-31
P_03787,dmlR_12,-0.038634127,0.749418266,0.807834603
P_03788,,0.410621943,0.007355827,0.014817511
P_00379,wzxE,-2.782245929,1.73239E-21,1.48391E-20
P_03789,,-0.025177189,0.81845402,0.858075926
P_03790,gabP_2,1.745399179,1.9012E-46,3.73663E-45
P_03791,kynU,1.726905434,9.77271E-45,1.83286E-43
P_03792,lrp_2,0.761496736,2.08156E-09,8.89507E-09
P_03793,catA,1.884588726,1.3978E-51,3.06182E-50
P_03794,catC,1.73589017,9.28567E-16,6.01473E-15
P_03795,catB,1.680992725,2.70474E-45,5.12294E-44
P_03796,benM_1,0.721607478,8.5912E-07,2.92784E-06
P_03797,,0.685437814,6.82684E-06,2.12009E-05
P_03798,antA,2.667272965,2.1955E-86,9.47365E-85
P_00380,arnC_1,-2.393688594,6.94532E-14,4.04252E-13
P_03799,antB,1.43763492,1.76658E-13,1.00281E-12
P_03800,antC,2.178145578,1.40095E-27,1.54024E-26
P_03801,aroP_1,0.504671855,4.84358E-08,1.84088E-07
P_03802,kynA,1.825378937,9.29481E-90,4.20023E-88
P_03803,kynB,1.653869424,4.36494E-51,9.41743E-50
P_03804,,0.790204366,0.000398648,0.000992987
P_03805,mmsB,1.177501006,5.48057E-37,8.19089E-36
P_03806,mmsA,1.290002033,1.57177E-76,5.89567E-75
P_03807,hdfR_3,0.52914936,4.30135E-06,1.36384E-05
P_03808,,-0.909582907,1.01106E-05,3.08477E-05
P_00381,,-1.941420839,6.19499E-07,2.13404E-06
P_03809,,0.174664043,0.503544157,0.593884077
P_03810,,0.120872722,0.81324071,0.853909641
P_03811,,0.400097664,0.018865164,0.03515168
P_03812,,-1.139414598,2.64353E-27,2.84638E-26
P_03813,,-0.746937183,9.64597E-12,4.83478E-11
P_03814,,-0.166847314,0.311513719,0.40265253
P_03815,,0.532295275,2.3791E-10,1.08363E-09
P_03816,xerD_2,-0.208685325,0.163118351,0.233858661
P_03817,ydcP_1,-0.038773635,0.652508916,0.726853391
P_03818,,0.448613989,6.12561E-05,0.00016983
P_00382,,0.255390513,0.084900834,0.13301826
P_03819,lrpC_2,0.660425234,0.000171824,0.000449453
P_03820,nhaP2_1,0.377239996,1.35455E-05,4.07003E-05
P_03821,,0.673621007,5.72389E-20,4.60076E-19
P_03822,,1.076045359,0.001586204,0.003574098
P_03823,,0.984421084,8.17405E-26,8.31753E-25
P_03824,,0.172070103,0.122187362,0.181807952
P_03825,,-0.151403461,0.372613112,0.466340697
P_03826,,-0.121842278,0.558037123,0.644122094
P_03827,,-0.006644171,0.938880666,0.953309339
P_03828,fan1,-0.132628015,0.159875791,0.229668878
P_00383,,0.166084018,0.39802286,0.491448621
P_03829,,0.76022651,2.70516E-15,1.70979E-14
P_03830,,-2.839368534,7.958E-143,6.0895E-141
P_03831,,-2.945202282,5.7694E-278,1.3796E-275
P_03832,,-1.892054613,7.7575E-119,5.0592E-117
P_03833,tolC_3,-3.27222149,4.3686E-145,3.4199E-143
P_03834,prsE_2,-2.791572388,5.7479E-157,5.075E-155
P_03835,prsD_2,-3.919216738,1.2524E-281,3.1251E-279
P_03836,inh,-0.916022631,5.09046E-19,3.94253E-18
P_03837,aprA_1,-2.013296474,5.8897E-124,4.122E-122
P_03838,,-0.117166661,0.178913675,0.253339645
P_00038,,-0.895474799,0.057063679,0.094268408
P_00384,,0.111828999,0.565317609,0.650563016
P_03839,steT_2,-0.289410221,0.195726921,0.273624451
P_03840,,0.091929717,0.355592017,0.448699424
P_03841,,-0.320970601,0.30698408,0.397513907
P_03842,spuD_2,-0.512642634,0.013694759,0.026250576
P_03843,,-0.189216983,0.573803296,0.65795347
P_03844,puuB_4,-0.280086942,0.031504633,0.055649457
P_03845,,0.36507949,0.000104838,0.000281151
P_03846,,0.330047633,7.5752E-06,2.34109E-05
P_03847,,0.265943672,0.000205105,0.00053142
P_03848,rep_3,-0.027413943,0.732319623,0.795228442
P_00385,,0.465284477,2.3429E-08,9.14065E-08
P_03849,yhhW_2,0.981171267,9.28125E-17,6.32602E-16
P_03850,pgm,0.596797692,9.09384E-21,7.57468E-20
P_03851,,0.005122017,0.94312981,0.956462622
P_03852,tcdA,0.511011638,1.05499E-07,3.89615E-07
P_03853,csdE,-0.582701266,0.00477753,0.009934146
P_03854,sufS_1,-1.328399906,1.48747E-15,9.50621E-15
P_03855,dapD,-0.433735568,7.84985E-06,2.42206E-05
P_03856,yffB,-0.441551753,0.002532078,0.005533737
P_03857,nhaK,0.064432251,0.606454272,0.686071569
P_03858,dapL,-0.69099004,1.16868E-05,3.5356E-05
P_00386,yhdG,0.253676935,0.041488457,0.071011707
P_03859,glnD,-0.196913341,0.025178613,0.045468867
P_03860,map_2,0.108828168,0.240097398,0.324674591
P_03861,rpsB,0.258476864,0.001614817,0.003634288
P_03862,tsf,0.005962566,0.946127203,0.95865537
P_03863,pyrH,-0.60506238,5.05567E-13,2.78986E-12
P_03864,frr,0.185794382,0.019745317,0.036648891
P_03865,uppS,-1.270631315,4.03253E-36,5.96461E-35
P_03866,cdsA,-1.570488275,1.3947E-28,1.59298E-27
P_03867,dxr,-0.622647918,3.15733E-11,1.53169E-10
P_03868,rseP,0.008759711,0.897347092,0.92027787
P_00387,,1.136632177,0.21337853,0.293946083
P_03869,bamA_1,-1.91575833,6.5897E-169,7.0034E-167
P_03870,,-1.711399621,2.70192E-69,8.61463E-68
P_03871,lpxD_2,-2.304651885,1.9538E-116,1.2459E-114
P_03872,fabZ,-0.367537929,0.009142929,0.018081071
P_03873,lpxA,-1.792718214,8.10716E-26,8.26412E-25
P_03874,lpxB,-0.769684915,4.28371E-10,1.9028E-09
P_03875,rnhB,-0.144747955,0.245694884,0.331073713
P_03876,dnaE,-0.527336409,2.61431E-11,1.27907E-10
P_03877,accA_2,-0.2450685,0.001769025,0.003962698
P_03878,tilS,-0.309122465,0.000562451,0.001374163
P_00388,kdpA,0.342568592,0.147764273,0.21447121
P_03879,pyrG_2,-0.574130638,2.58709E-16,1.71645E-15
P_03880,kdsA,-0.491778232,2.75503E-09,1.16258E-08
P_03881,eno,-0.544232241,1.21081E-12,6.49425E-12
P_03882,ftsB,-0.703002076,1.22175E-10,5.67745E-10
P_03883,ispD,0.321740569,0.000668487,0.001607898
P_03884,lplT,-0.395223689,2.26996E-05,6.61956E-05
P_03885,,0.036930083,0.839999266,0.874275623
P_03886,mdtL_4,0.31821043,0.05643037,0.093383476
P_03887,,0.20312572,0.078785155,0.124627345
P_03888,yadH,-1.004136383,2.13874E-14,1.28931E-13
P_00389,kdpB,0.242951702,0.202761665,0.281891763
P_03889,yadG,-0.624090125,8.35913E-09,3.37631E-08
P_03890,gstB_3,0.030565137,0.731662622,0.794815784
P_03891,,0.120129014,0.452139717,0.54285143
P_03892,fadE_1,0.058753554,0.368855566,0.462398884
P_03893,,0.106943422,0.385530147,0.479012234
P_03894,dmlR_13,0.395367082,0.005118023,0.01058844
P_03895,alaS_1,0.510030863,0.005632532,0.011544857
P_03896,phoD_2,0.073197866,0.572356119,0.656425213
P_03897,,0.08169784,0.82972161,0.865934229
P_03898,exbD_3,0.572622145,0.668671184,0.740973919
P_00390,kdpC,0.546427256,0.01891402,0.035208421
P_03899,,0.167461129,0.668521864,0.740973919
P_03900,,-0.00656594,0.969979322,0.977988638
P_03901,,-0.03685056,0.850422114,0.881924921
P_03902,,0.308447204,0.210737888,0.290866941
P_03903,dapE_2,0.237540686,0.005185931,0.010717342
P_03904,nqrF,0.12631852,0.337936097,0.430461789
P_03905,gabR_2,-0.18763433,0.0971819,0.149725349
P_03906,gltS,0.043967895,0.601388164,0.681818782
P_03907,,-0.471814724,0.061907169,0.101278576
P_03908,potF,-0.621168365,1.80052E-06,5.92158E-06
P_00391,kdpD,0.031473143,0.776899511,0.827848784
P_03909,malT_4,0.297813389,0.005220193,0.010772631
P_03914,,0.659581014,7.24169E-17,4.9952E-16
P_03915,catD_2,-0.050232859,0.68844194,0.757180585
P_03916,mcpQ_3,0.268884758,0.067467516,0.108793501
P_03917,norG_4,0.531923191,2.39841E-09,1.01959E-08
P_03918,linC,0.258929528,0.00601836,0.012256696
P_03919,yfmJ,0.907018613,6.56927E-40,1.08649E-38
P_03920,,0.263218216,0.08942054,0.139263088
P_03921,,0.100662758,0.4479734,0.538976802
P_03922,nagE,-0.397391122,0.011664754,0.022646828
P_00392,kdpE,-0.070007456,0.551441485,0.637920315
P_03923,,-0.58317427,0.000855407,0.002021071
P_03924,,-0.024303391,0.84677075,0.879250467
P_03925,agaA,-0.454944055,0.033627106,0.058927011
P_03926,yvoA_2,-0.263602407,0.194118886,0.271846603
P_03927,,-0.593222944,0.001051509,0.002455089
P_03928,nudC_1,-0.196775407,0.086359951,0.134972702
P_03929,nudL,0.03906671,0.669167974,0.741196481
P_03930,yrdA_2,-0.261507092,0.006521742,0.013216199
P_03931,,-0.758019098,0.000313686,0.000794459
P_03932,,-0.689447516,0.009059081,0.017952371
P_00393,,0.585851988,6.20365E-10,2.73027E-09
P_03933,purT,-0.546363385,1.93222E-07,6.96108E-07
P_03934,yhjE_1,-0.178131986,0.067517762,0.108843943
P_03935,,-1.059580161,9.28828E-15,5.71334E-14
P_03936,ypjD,-1.073291274,2.2239E-29,2.61536E-28
P_03937,ffh,-0.218104168,0.00372082,0.007905881
P_03938,rpsP,-0.415344122,7.60216E-06,2.34816E-05
P_03939,rimM,-0.785494516,3.14083E-26,3.27732E-25
P_03940,trmD,-0.843271701,1.45734E-31,1.84628E-30
P_03941,rplS,-1.106174411,5.28171E-51,1.13527E-49
P_03942,,-0.010658918,0.97538776,0.981305458
P_00039,,-0.826242183,0.069524299,0.111796007
P_00394,,0.504359751,4.9592E-09,2.0402E-08
P_03943,nhaP2_2,0.24138922,0.001271561,0.002936616
P_03944,xerD_3,-0.396780697,0.003928354,0.008294637
P_03945,dsbC,-0.156746807,0.077436783,0.122731207
P_03946,hom,-0.510302294,1.88018E-07,6.7864E-07
P_03947,thrC,-0.415123562,6.06484E-06,1.89266E-05
P_03948,bvgS_2,-0.040964302,0.613931459,0.692482831
P_03949,rssB_8,0.066147183,0.715615245,0.779596791
P_03950,rcsB_4,0.177272858,0.109980586,0.166382621
P_03951,,0.91495209,1.60059E-23,1.49362E-22
P_03952,smtB,0.275389171,0.003134215,0.006746909
P_00395,,0.320340688,0.000307325,0.000779724
P_03953,yaeQ,-0.273715111,0.040920384,0.070164948
P_03954,recJ,-0.704858924,2.91106E-09,1.22392E-08
P_03955,,-1.151313219,7.19713E-07,2.46888E-06
P_03956,,-0.243992849,0.169938011,0.24242462
P_03957,,-0.107539374,0.426138967,0.518507922
P_03958,,0.325807152,0.050501898,0.084572627
P_03959,ppsC,0.535422445,6.95161E-16,4.52841E-15
P_03960,nemA_2,0.152859947,0.187648964,0.264015054
P_03961,hchA_2,0.212897676,0.054671604,0.090787134
P_03962,nemR_3,0.417528056,0.025443595,0.045832012
P_00396,tesB_1,0.048802762,0.676863392,0.747741869
P_03963,cdhR_8,0.4047396,1.96097E-05,5.77129E-05
P_03964,,-0.769469127,0.007656881,0.015364629
P_03965,uppP_1,-0.103399756,0.234800241,0.31893931
P_03966,yfeX_2,0.125263788,0.159676331,0.229439776
P_03967,,0.539607232,0.000348363,0.000876482
P_03968,camA,0.862160785,0.000253179,0.000648948
P_03969,ndoA,1.44484893,1.66299E-05,4.9348E-05
P_03970,,0.972329665,7.0093E-17,4.84367E-16
P_03971,,-0.782718461,6.73375E-10,2.94775E-09
P_03972,norR_4,-0.255789075,0.053271059,0.08858957
P_00397,,0.525729394,9.04172E-09,3.63124E-08
P_03973,iolG_3,0.267697528,0.383168301,0.476443377
P_03974,otnI,0.365989289,0.22130978,0.303560427
P_03975,thpA_1,0.306689183,0.020579017,0.037987449
P_03976,yghU,0.367002488,1.26884E-07,4.647E-07
P_03977,mug,0.792065498,5.19529E-11,2.47845E-10
P_03978,yibF_2,0.306578002,0.001408681,0.003215828
P_03979,,2.330702696,1.1487E-170,1.2438E-168
P_03980,mro,1.974267859,5.06984E-84,2.10839E-82
P_03981,rbsC_3,2.387023099,2.7591E-115,1.74E-113
P_03982,araG_2,1.894481825,1.626E-121,1.1109E-119
P_00398,,-0.471830694,0.052181166,0.087003984
P_03983,araF_1,2.856762106,2.5529E-161,2.4418E-159
P_03984,,3.003660938,2.7255E-227,4.8881E-225
P_03985,,3.585410418,0,0
P_03986,,3.514924692,0,0
P_03987,ttuB_3,3.601024899,1.0938E-264,2.2419E-262
P_03988,araC,3.684741878,0,0
P_03989,lutR_6,0.251365468,0.004050866,0.008531347
P_03990,,0.590320311,1.18466E-06,3.97124E-06
P_03991,aspS,-0.223472611,0.000971391,0.002280087
P_03992,,-0.674163563,5.18757E-08,1.97031E-07
P_00399,,0.461434223,0.100500853,0.153888579
P_03993,,-0.216956335,0.057798562,0.095372613
P_03994,,0.365601586,3.30979E-06,1.05939E-05
P_03995,,0.530516689,0.026079327,0.046815532
P_03996,slyX,0.460306238,0.159257183,0.22889481
P_03997,,0.326375914,0.003536168,0.007547069
P_03998,oprD_5,-1.54629388,1.2527E-49,2.60479E-48
P_03999,mscS,-0.346533195,0.00012118,0.000322118
P_04000,,0.057624687,0.459942829,0.550263059
P_04001,panE,-0.076804775,0.397043181,0.490555612
P_04002,rcsC_11,-0.314023542,0.000203628,0.000528788
P_00400,,-0.11928821,0.473680606,0.564529683
P_04003,cobO_1,-0.470650733,0.001710151,0.003838309
P_04004,thiE_1,-0.174554817,0.064539582,0.104838003
P_04005,argJ,-0.286868341,0.00360764,0.007682467
P_04006,secA,-0.51001556,7.961E-14,4.61497E-13
P_04007,,0.148855254,0.113388525,0.170707435
P_04008,,0.628793084,9.509E-19,7.21854E-18
P_04009,pctA,-0.693583702,6.35124E-11,3.01238E-10
P_04010,mgtA_2,0.697180168,3.99137E-27,4.2736E-26
P_04011,,-0.099533749,0.303354453,0.393673476
P_04012,,0.109579775,0.253241835,0.339382033
P_00401,gabP_1,-0.653396282,1.32115E-06,4.41075E-06
P_04013,purU_4,0.423948739,5.66943E-07,1.96123E-06
P_04014,,0.409266153,0.01407215,0.026920024
P_04015,sbcB,-0.487364689,1.28662E-06,4.30049E-06
P_04016,,-0.365088853,0.002120597,0.004688022
P_04017,,0.215443758,0.01188246,0.023030543
P_04018,,-0.516566521,2.62253E-06,8.46022E-06
P_04019,,-0.217871178,0.073756885,0.117646127
P_04020,,-0.735779006,2.14773E-06,6.99934E-06
P_04021,,-1.066716898,3.97283E-14,2.34087E-13
P_04022,,0.964668675,4.79029E-40,7.99171E-39
P_00402,occP,-0.354939401,0.000359819,0.000902535
P_04023,,0.310147,0.000377392,0.000942906
P_04024,pykA,-0.63223048,2.0853E-12,1.09693E-11
P_04026,fbpA,-2.284980246,1.27569E-71,4.35784E-70
P_04027,,-2.696334696,5.2085E-114,3.1465E-112
P_04028,,0.198198883,0.111810554,0.168685796
P_04029,purA,-0.655213368,2.85331E-11,1.38773E-10
P_04030,hisZ,-0.65675375,6.54165E-14,3.81143E-13
P_04031,hflC,-0.545211678,1.06816E-15,6.89556E-15
P_04032,hflK,-0.234774127,0.000485633,0.001195645
P_04033,hflX,-0.434220736,2.59283E-10,1.17724E-09
P_00403,artJ_1,-0.416629977,6.8316E-05,0.000188041
P_04034,hfq,-0.197704017,0.014458956,0.027577251
P_04035,miaA,-0.435688649,8.89063E-10,3.87715E-09
P_04036,mutL,-0.874457279,1.61245E-33,2.21384E-32
P_04037,amiC_2,-0.780469496,1.06071E-25,1.07172E-24
P_04038,tsaE,0.681483853,2.8011E-11,1.36464E-10
P_04039,nnr,0.42085642,1.30985E-07,4.77891E-07
P_04040,queG,-0.333657002,0.000183444,0.000478539
P_04041,,-0.513011707,0.001169746,0.002712394
P_04042,orn,-0.283776931,0.007228779,0.014582061
P_04043,rsgA,-0.650582579,2.2788E-14,1.36943E-13
P_00004,,0.61671084,0.001557116,0.003518224
P_00040,,-0.551441383,0.186230439,0.262405227
P_00404,artQ_1,-1.336286672,1.8205E-07,6.58756E-07
P_04044,,-0.525925514,0.010653327,0.020859586
P_04045,motB_2,-0.711726196,2.27151E-08,8.88024E-08
P_04046,motA,-0.374043498,0.000820666,0.001947809
P_04047,,-0.057517507,0.454073423,0.544375887
P_04048,rhdA,-0.203612653,0.033233077,0.05837497
P_04049,psd,-0.230331335,0.042548968,0.072675157
P_04050,serB2,-0.471348818,7.15992E-07,2.45905E-06
P_04051,,-1.198503103,2.61126E-45,4.96226E-44
P_04052,,0.028159372,0.691844848,0.760049307
P_04053,parC,0.272525398,3.1975E-05,9.17981E-05
P_00405,occM_1,-0.654729311,0.00010174,0.000273612
P_04054,,-0.717431264,2.15371E-15,1.36425E-14
P_04055,parE,-0.321633141,9.39422E-06,2.87538E-05
P_04056,,-0.296015327,0.000628063,0.001523438
P_04057,,-0.447862689,0.039303265,0.06789929
P_04058,,-0.338563792,0.004486247,0.009363878
P_04059,,-0.454234753,0.01305315,0.025096157
P_04060,umuC_2,-0.336465272,0.362631438,0.455990759
P_04061,umuD_2,0.441599745,0.00329239,0.007060921
P_04062,,0.224860031,0.598689792,0.679565015
P_04063,,-0.007106214,0.960967479,0.971102874
P_00406,,0.186127976,0.387825731,0.481343398
P_04064,,-0.181004258,0.212693081,0.293212969
P_04065,,0.110267013,0.745047915,0.80478637
P_04066,,0.399948841,0.000623251,0.001513044
P_04067,,0.755118039,4.85449E-28,5.46273E-27
P_04068,,-0.001295738,0.992135493,0.995083117
P_04069,,-0.035851068,0.743473284,0.804751637
P_04070,xerC_6,0.20003633,0.114322706,0.171843375
P_04075,clpB,0.311312755,3.92162E-06,1.24688E-05
P_04076,yfiH,-0.358089169,0.001487407,0.003378008
P_04077,rluD,-0.254447018,0.000865322,0.002041975
P_00408,intA_1,0.315457705,0.010667627,0.020880461
P_04078,bamD_1,-0.072121786,0.388144925,0.4816354
P_04079,,0.353971829,0.001073406,0.002503161
P_04080,thiO_1,0.352998495,8.16323E-06,2.51469E-05
P_04081,,0.29693545,0.053929309,0.089658258
P_04082,,-0.428579211,0.161602651,0.231859403
P_04083,,0.045076789,0.783745117,0.832682177
P_04084,,0.090170049,0.605547382,0.685180683
P_04085,,0.551307179,0.000199625,0.000518627
P_04086,ispH,0.187037458,0.031048473,0.054962117
P_04087,fkpB,-0.719518667,1.3829E-10,6.40039E-10
P_00409,,0.223434238,0.073617306,0.117488798
P_04088,lspA,-0.905752186,2.07824E-12,1.09422E-11
P_04089,ileS,-1.105394215,6.21364E-49,1.27814E-47
P_04090,ribF,-0.960667489,1.39463E-38,2.21099E-37
P_04091,murJ_2,-0.740605698,4.99304E-11,2.39291E-10
P_04092,rpsT,0.018409732,0.921808706,0.939155008
P_04093,slyD,0.971037228,6.08227E-37,9.04305E-36
P_04094,pta,-0.276318762,0.001878377,0.004188037
P_04095,yihG_2,-0.563973602,0.000114773,0.000306411
P_04096,,-0.885595388,1.0927E-14,6.69261E-14
P_04097,,-0.253150885,0.00023663,0.00060925
P_00410,,0.10013297,0.583455252,0.666358147
P_04098,,-0.015085747,0.822228871,0.860666488
P_04099,nhaP_2,-0.105731852,0.527079309,0.61531899
P_04100,oxyR_2,0.131444022,0.316817789,0.407946442
P_04101,,0.001653205,0.995057893,0.996550398
P_04102,gltP_2,0.317053964,0.034705018,0.060549661
P_04103,yfdC,0.22569042,0.025137556,0.045409012
P_04104,,-0.156669213,0.272287592,0.360974473
P_04105,,-0.396709046,0.006698962,0.013551407
P_04106,ahcY,-1.172785329,1.30984E-37,1.98867E-36
P_04107,metF,-1.116024612,1.4114E-22,1.26169E-21
P_00411,,0.859292832,2.6884E-37,4.06018E-36
P_04108,,0.076128945,0.528237781,0.616545989
P_04109,,0.072183199,0.453256836,0.543624029
P_04110,rhlE_3,-0.535753426,1.40816E-08,5.56955E-08
P_04111,yceI,-0.512860072,9.51987E-14,5.48539E-13
P_04112,yceJ_2,-0.051899254,0.500144359,0.590602567
P_04113,bioA,-0.508885007,5.10847E-05,0.000143362
P_04114,rsmE,-0.071872084,0.597529868,0.678657021
P_04115,gltI_2,1.471265193,6.03642E-58,1.53288E-56
P_04116,yabJ_3,1.564169269,4.22313E-22,3.7059E-21
P_04117,dadA1_1,1.073769714,9.84071E-31,1.20675E-29
P_00412,,0.500136427,2.41611E-12,1.26747E-11
P_04118,,0.110990862,0.436844544,0.528913679
P_04119,,0.253477099,0.127715617,0.189107269
P_04120,gltC_2,-0.144532212,0.368630195,0.462217324
P_04121,,0.973291586,9.32701E-17,6.34967E-16
P_04122,,0.678640869,9.22012E-10,4.0117E-09
P_04123,fabD_1,1.06440623,2.63815E-30,3.2077E-29
P_04124,mdcG,1.303371042,5.08229E-40,8.45428E-39
P_04125,madD,1.376097624,1.76158E-43,3.20943E-42
P_04126,madC,1.374489598,2.5958E-38,4.0703E-37
P_04127,mdcC,1.149904125,1.48436E-16,1.00221E-15
P_00413,,0.174107027,0.032026128,0.056466344
P_04128,citG,1.336417882,2.50514E-48,5.11637E-47
P_04129,madA,1.226096468,4.94008E-50,1.04232E-48
P_04130,,-0.5610182,0.002217388,0.004875704
P_04131,,0.118171475,0.166683595,0.238315184
P_04132,nhaA_3,0.382268575,0.000185546,0.000483583
P_04133,ppiD,-1.331294894,4.45702E-39,7.16494E-38
P_04134,hupB_4,-0.204649901,0.007536039,0.015148627
P_04135,lon_3,0.568084421,1.22844E-18,9.22779E-18
P_04136,clpX,0.228344358,0.000490798,0.001207842
P_04137,clpP_1,0.053581163,0.399521411,0.49298073
P_00414,,-0.485079638,2.53266E-05,7.33716E-05
P_04138,tig,-0.156508995,0.021587753,0.039658168
P_04139,,0.344658655,3.4398E-08,1.32224E-07
P_04144,folD_2,-0.551149201,9.58424E-08,3.56705E-07
P_04145,,0.197176668,0.210283983,0.290450007
P_04146,,0.283545205,0.077620838,0.122988953
P_04147,,0.091828955,0.753417996,0.810775526
P_04148,pbpG,0.620224288,2.28152E-13,1.29001E-12
P_04149,,0.127728813,0.11993372,0.178863964
P_04150,,1.124936487,4.3597E-47,8.62769E-46
P_04151,,0.92649964,4.70824E-08,1.79181E-07
P_00041,,-0.372407233,0.101454345,0.155307145
P_00415,,-0.031090866,0.802388445,0.846179215
P_04152,cusA,0.289864798,0.014547027,0.027736008
P_04153,mdtA_7,0.602908876,4.12361E-06,1.30893E-05
P_04154,mepC_1,0.971203488,1.56439E-08,6.16625E-08
P_04155,hyuC_2,1.848280412,1.0349E-104,5.5509E-103
P_04156,pucI_2,1.914938903,1.75358E-97,8.75114E-96
P_04157,dht,4.093544534,0,0
P_04158,preT,3.246141355,2.8874E-272,6.6283E-270
P_04159,preA,3.899673604,0,0
P_04160,moeA,0.01865826,0.822788626,0.860666488
P_04161,moaB,0.013954618,0.91059676,0.930374721
P_00416,,0.299906369,0.041893983,0.07166306
P_04162,mobA,0.088101533,0.465409792,0.555992256
P_04163,ygdR,0.839304131,6.99988E-19,5.36346E-18
P_04164,,-0.455879418,0.000424269,0.001051783
P_04165,,0.002658079,0.98328982,0.988283762
P_04166,,0.211906475,0.040630789,0.069814401
P_04167,kefC_2,0.136142891,0.118821648,0.177490223
P_04168,amtB_2,0.38171249,0.00011139,0.000298027
P_04169,yqjD_2,0.630595105,8.05427E-16,5.2289E-15
P_04170,,0.398317971,1.21372E-07,4.45514E-07
P_04171,,0.551128151,5.32245E-14,3.11054E-13
P_00417,hicd,0.171975709,0.299736982,0.390420004
P_04172,dgt,-0.274424835,0.003523662,0.007523175
P_04173,cheY_2,0.540772224,0.004699926,0.009783414
P_04174,bvgA_3,0.082225162,0.901336417,0.923506766
P_04175,bvgS_3,-0.030869033,0.815296386,0.855390486
P_04176,msrC,-0.217752576,0.219481856,0.301341237
P_04177,,-0.140894829,0.251582364,0.337422572
P_04178,rcsC_12,-0.564629117,4.99513E-11,2.39291E-10
P_04179,gpx1,0.340947624,0.000401336,0.000998382
P_04180,msrB,0.963525329,1.89241E-35,2.72878E-34
P_04181,alaA,-0.227827406,0.021559259,0.039618504
P_00418,,-0.022328977,0.909729513,0.930309185
P_04182,htpX,0.171558045,0.012497627,0.024155511
P_04183,tpm,0.836896721,7.01357E-17,4.84367E-16
P_04184,ygiD,0.401912727,6.51263E-05,0.00017952
P_04185,deaD,-0.169406531,0.075903695,0.120567757
P_04186,caiD_2,0.497251576,1.95094E-11,9.58598E-11
P_04187,speE_1,-0.351728132,0.023625269,0.04302933
P_04188,aroH_2,0.205956633,0.021392716,0.039337647
P_04189,,0.406971093,6.6452E-06,2.0648E-05
P_04190,,0.767376682,0.001425766,0.003249591
P_04191,hdfR_4,0.484104181,1.34225E-05,4.0373E-05
P_00419,rutF,0.031044014,0.879095254,0.905117988
P_04192,,-0.223473033,0.225789496,0.308525218
P_04193,dmlR_14,0.307995705,0.079946878,0.126256228
P_04194,ohrR,0.124320833,0.417241832,0.509912877
P_04195,curA_2,0.097988789,0.340242781,0.43276891
P_04196,nemR_4,0.333258097,3.77499E-05,0.00010757
P_04197,,0.908059057,0.001208686,0.002797036
P_04198,,0.461059356,0.036525606,0.063444446
P_04199,,-0.117008704,0.170938746,0.24348907
P_04200,emrB_2,0.163154979,0.062771257,0.102487694
P_04201,emrK_1,-0.082074072,0.442011456,0.533731492
P_00420,,0.181139445,0.41018998,0.502793741
P_04202,ltrA,-1.353930876,1.31461E-06,4.39147E-06
P_04203,,-0.272864538,0.008006621,0.016027205
P_04204,,0.440299167,0.016307916,0.03085761
P_04205,,-0.546415,0.21464241,0.295403547
P_04206,efe,-0.328158057,0.036395687,0.06325707
P_04207,hutH_3,-0.000989312,0.99549489,0.996710603
P_04208,lldD_3,0.503610655,0.000849124,0.002007052
P_04209,,0.368734663,0.005199079,0.01073292
P_04210,fliY_4,-0.043311985,0.789197611,0.836263865
P_04211,artQ_4,0.315022658,0.022636226,0.041346054
P_00421,lldD_1,-0.575897925,0.026826193,0.048021061
P_04212,yecS_5,0.134725087,0.566803523,0.651489169
P_04213,glnQ_9,0.110889913,0.388343976,0.481778227
P_04214,hisC_4,0.122075967,0.437861073,0.529809129
P_04215,dasR,0.089340872,0.537685786,0.625918606
P_04216,etfA_1,-0.510367443,0.005684094,0.011636305
P_04217,etfB_1,0.211268681,0.282812744,0.372432845
P_04218,,-0.248327059,0.483125227,0.573811191
P_04219,acrC,-0.064948391,0.725659404,0.789640076
P_04220,uctC_3,0.650532167,0.040032953,0.068973016
P_04221,hutU_2,0.119895961,0.687450023,0.756524579
P_00422,,-0.255289193,0.095366624,0.14728446
P_04222,hutU_3,-0.761193566,0.08282837,0.130090863
P_04223,yvoA_3,-0.449093414,0.001819145,0.004068326
P_04224,,-0.859997461,0.088217499,0.137613544
P_04225,,0.21410284,0.568747752,0.653069897
P_04226,,0.048578906,0.610968578,0.689857217
P_04227,,0.118989387,0.257499484,0.344633754
P_04228,bdlA_3,-0.362339149,3.14878E-05,9.04447E-05
P_04229,,-0.17710501,0.522006959,0.610764106
P_04230,oprD_6,0.516542094,0.063273239,0.103189861
P_04231,czcR_4,0.127402401,0.698999142,0.76425149
P_00423,,-0.077773165,0.758205567,0.813943462
P_04232,czcS_2,-0.347812836,0.172063821,0.24478787
P_04233,czcA_2,0.048767011,0.767241926,0.821169177
P_04234,czcB,0.096745252,0.777678215,0.828339881
P_04235,czcC,-0.037973356,0.837997164,0.872350031
P_04236,czcD,0.229003951,0.091889386,0.142604972
P_04237,gntT_2,-0.776274873,6.53845E-16,4.26896E-15
P_04238,,-1.390125591,5.89815E-22,5.15213E-21
P_04239,,-1.033998471,7.44569E-46,1.44361E-44
P_04240,proP_5,-0.751353305,3.13676E-05,9.01446E-05
P_04241,atoE,1.306016835,4.25058E-57,1.05602E-55
P_00424,rutA,-0.036907681,0.76426022,0.819370335
P_04242,,0.263784292,0.000594162,0.00144671
P_04243,,-0.10692064,0.605150203,0.684876824
P_04244,,-0.063105178,0.565568412,0.650639485
P_04245,,-0.209535769,0.080084083,0.126438117
P_04246,can,0.632885077,8.31754E-09,3.36632E-08
P_04247,,0.811785745,1.30835E-29,1.55137E-28
P_04248,rimI,-0.016643477,0.865018493,0.893670771
P_04249,,-0.131925663,0.154380533,0.223002738
P_04250,,-0.750901678,4.18974E-12,2.15649E-11
P_04251,,-0.990535872,3.92823E-08,1.49994E-07
P_00042,,0.110486487,0.218895457,0.300679998
P_00425,mdtL_1,-0.436787992,0.059379488,0.097644379
P_04252,,-0.908697336,2.76632E-23,2.56063E-22
P_04253,,-0.184321779,0.030431577,0.053969969
P_04254,pqiA_3,0.007150715,0.96696517,0.975806772
P_04255,pqiA_4,-0.507093954,0.000237161,0.000609824
P_04257,,0.022265333,0.779154032,0.829376122
P_04258,cysK_2,0.618961749,7.71826E-18,5.62121E-17
P_04259,,0.68738051,1.32355E-16,8.95735E-16
P_04260,,0.588404312,4.89355E-14,2.86865E-13
P_04261,,0.210933205,0.005688092,0.011637775
P_04262,ybgK_2,0.157028422,0.115799846,0.173699768
P_00426,fgd_1,-0.200516935,0.379427626,0.47255537
P_04263,kipI,0.249128758,0.039675609,0.068460108
P_04264,,0.784797667,1.83967E-18,1.36583E-17
P_04265,gltR_4,-0.157386849,0.200153813,0.27921017
P_04266,,-0.395681548,0.000680702,0.001635224
P_04267,yafJ,0.249770223,0.017925737,0.033586617
P_04268,,0.276657156,0.002186719,0.004819348
P_04269,ptrB,-0.166494963,0.068872537,0.110903336
P_04270,,0.728492026,4.37343E-13,2.42036E-12
P_04271,speE_2,-0.081290959,0.548731466,0.635705608
P_04272,,0.681792134,1.18958E-18,8.94759E-18
P_00427,mdtL_2,0.092558197,0.471578772,0.56254221
P_04273,trmL_2,-1.179419842,4.03271E-07,1.40948E-06
P_04274,,0.507888706,3.72232E-11,1.79215E-10
P_04275,,-0.338419847,0.001999991,0.004438496
P_04276,,0.036265914,0.76339185,0.818592269
P_04277,rutE,0.630787753,5.30229E-14,3.10192E-13
P_04278,ghrA_1,-0.680383842,1.53538E-05,4.57506E-05
P_04279,ycgL,-0.07628996,0.654537658,0.728681135
P_04280,rnd,0.017964017,0.813228364,0.853909641
P_04281,ubiE_2,0.139364511,0.239915986,0.324505737
P_04282,puuA_2,0.333749982,0.014131802,0.027025128
P_00428,pgrR_1,-0.054635434,0.582404654,0.665688172
P_04283,pheC_2,0.366928086,6.54635E-05,0.000180363
P_04284,cynR_5,-0.135713726,0.28598106,0.375565723
P_04285,cynT_2,0.299215343,0.311863705,0.403014142
P_04286,cynS,0.116354817,0.639562843,0.715487555
P_04287,,0.096676846,0.19097687,0.268105737
P_04288,bmr3,-0.252360811,0.008751756,0.017391388
P_04289,pobA,0.563368275,0.000903651,0.002127176
P_04290,btr,0.711253571,7.04454E-23,6.39693E-22
P_04291,,1.488486422,6.40433E-93,3.01266E-91
P_04292,dmlR_15,0.085505337,0.592420034,0.674048091
P_00429,oprD_2,-0.346040245,2.33647E-06,7.58426E-06
P_04293,,0.834843946,3.8143E-12,1.96855E-11
P_04294,,0.639322282,9.69117E-09,3.8812E-08
P_04295,ynfM_2,-0.129505381,0.332014365,0.42402305
P_04296,benM_2,-0.090235502,0.704410263,0.769434812
P_04297,,-0.369594319,0.164236848,0.235285889
P_04298,fabF_2,-0.313572069,0.076094283,0.120803621
P_04299,fabG_5,-0.338642714,0.154085463,0.222632545
P_04300,,0.065361149,0.713434886,0.777812084
P_04301,,-0.926741375,0.000312459,0.000791702
P_04302,,-0.079814096,0.775614852,0.827216807
P_00430,,0.328382749,0.147811167,0.214485028
P_04303,ubiE_3,0.105535605,0.596760167,0.678285834
P_04304,kmo,-0.182249714,0.181695212,0.256863449
P_04305,,-0.961614378,4.93502E-10,2.18482E-09
P_04306,lolA_1,-0.38568975,0.094363585,0.146010411
P_04307,,-0.281721134,0.317318369,0.408496156
P_04308,hutH_4,-0.663909991,0.001383242,0.003166503
P_04309,,-0.351526181,0.047611534,0.080365468
P_04310,arnC_3,0.412364448,0.007589392,0.015250533
P_04311,acs_1,-0.156237794,0.213846102,0.294519506
P_04312,,-0.730011574,0.006653094,0.013468114
P_00431,fiu,-0.129782434,0.347249687,0.440217794
P_04313,acpP_2,-0.163120424,0.63087348,0.707134032
P_04314,acpP_3,0.177573153,0.240991506,0.325500177
P_04315,,0.362307839,0.009915314,0.0195144
P_04316,,-0.382740835,0.006691943,0.013541982
P_04317,soj_5,0.261813251,0.000255628,0.000654932
P_04318,,-0.558659858,0.035633397,0.062007298
P_04319,trxC,-0.057708044,0.730957075,0.794372615
P_04320,higB_2,1.086698371,3.84384E-22,3.3834E-21
P_04321,higA,0.925783056,5.81638E-13,3.19428E-12
P_04322,,0.40043724,2.95994E-07,1.05053E-06
P_00432,,0.412590543,0.087887164,0.137172813
P_04323,mscK,-0.23230617,0.003815032,0.008082121
P_04324,nhaP2_3,-0.376063495,0.000166854,0.000437448
P_04325,,-0.752485512,0.000880132,0.002073512
P_04326,,-0.035632602,0.832021561,0.867545737
P_04327,,0.375764875,0.204091936,0.283603783
P_04328,dmdC_4,0.908303143,1.34468E-24,1.31244E-23
P_04329,,-0.676741359,4.96957E-15,3.10004E-14
P_04330,,0.033608021,0.756154161,0.81266588
P_04331,cheB_4,-0.884288269,1.24962E-30,1.52912E-29
P_04332,,0.134468521,0.064970857,0.105419211
P_00433,,-0.588754168,0.465363614,0.555992256
P_04333,fliJ,-0.679495974,0.01178072,0.022856509
P_04334,fliI,-0.089923409,0.373490941,0.466884015
P_04335,,0.094104129,0.367777869,0.461350205
P_04336,fliG,0.580385504,5.09548E-15,3.17169E-14
P_04337,fliF,0.517699293,1.88658E-12,9.96051E-12
P_04338,fliE,1.132922924,3.43056E-62,9.89346E-61
P_04339,atoC_3,0.824236247,5.49214E-27,5.84775E-26
P_04340,atoS,0.634278714,2.86344E-16,1.89324E-15
P_04341,norR_5,-0.415656198,9.66228E-10,4.19772E-09
P_04342,,0.321656075,0.005012663,0.010377949
P_00434,aguA,0.161283421,0.07513175,0.119473847
P_04343,fliS,0.300418428,0.001762303,0.003950724
P_04344,fliD,0.582879355,1.55979E-17,1.11339E-16
P_04345,,0.414633609,0.000689467,0.001653511
P_04346,,0.361839311,5.23927E-08,1.98864E-07
P_04347,fabH,0.430165365,3.60191E-09,1.50666E-08
P_04348,,0.171151733,0.024443068,0.044293895
P_04349,,0.195903177,0.00576491,0.011765582
P_04350,,0.229843143,0.003297769,0.007067176
P_04351,flgI,0.319447795,6.60493E-05,0.000181889
P_04352,flgH,0.492883315,4.52378E-09,1.87587E-08
P_00043,,0.481178957,0.00293146,0.006350943
P_00435,argD_3,0.003258993,0.964558599,0.974063312
P_04353,flgG,0.318264744,0.000308788,0.000783089
P_04354,flgF,0.320151196,9.83271E-06,3.00479E-05
P_04355,tyrR_1,0.590396606,1.84046E-12,9.73493E-12
P_04356,phhA,2.177767682,1.9655E-200,2.6233E-198
P_04357,,1.814723703,1.08472E-60,2.97857E-59
P_04358,aspC_2,1.904366426,2.9502E-152,2.4538E-150
P_04359,hexR_2,-0.371874806,0.0006598,0.00158967
P_04360,,-0.75282306,7.17348E-10,3.13785E-09
P_04361,uvrD,-0.75548648,5.71993E-19,4.41812E-18
P_04362,,-0.046618255,0.669989421,0.741432565
P_00436,rffG,-0.20914783,0.009266824,0.018319773
P_04363,,0.367755808,1.82383E-06,5.99483E-06
P_04364,kefB,0.740614617,9.43685E-19,7.17326E-18
P_04365,,0.657516675,1.96509E-07,7.07506E-07
P_04366,pdxY,0.697398557,4.05551E-19,3.1623E-18
P_04367,,0.730077624,1.40065E-18,1.04802E-17
P_04368,yeiR,-1.365492692,4.20734E-77,1.59907E-75
P_04369,,-0.858720873,1.42654E-27,1.56538E-26
P_04370,yciC_2,-0.424146716,4.59033E-07,1.59951E-06
P_04371,dksA_2,-0.109797413,0.244317249,0.329449411
P_04372,,-0.48253536,5.49786E-09,2.25534E-08
P_00437,rffH,-0.040946167,0.581515011,0.664803715
P_04373,amiC_3,0.183623829,0.012962289,0.024938175
P_04374,folE2,-0.208710749,0.210733049,0.290866941
P_04375,znuC_2,-0.694629061,3.77122E-17,2.6394E-16
P_04376,mntB,-1.120106885,8.9103E-41,1.53562E-39
P_04377,hpf_2,-1.126012383,4.96981E-29,5.76197E-28
P_04378,caiE,-1.228990584,4.83723E-27,5.16001E-26
P_04379,pyrC_2,-1.261735811,2.2981E-54,5.38318E-53
P_04380,,0.042475144,0.638349441,0.714408627
P_04381,clsA,-0.390636726,0.000390916,0.00097542
P_04382,ubiG_5,0.331749771,1.32704E-07,4.8355E-07
P_00438,rmlC,-0.514264414,3.33048E-07,1.17478E-06
P_04383,,0.301200325,0.001373944,0.003152765
P_04384,,0.440732947,0.240366597,0.324962049
P_04385,,0.331238522,0.332877739,0.424813285
P_04386,cadA_2,-0.384430176,0.000177187,0.000462847
P_04387,,-0.521028917,0.000105382,0.000282216
P_04388,,-0.293452073,0.025692559,0.046236938
P_04389,,-0.198381533,0.01975591,0.036656697
P_04390,,-0.491550438,3.3766E-05,9.67464E-05
P_04391,,-0.910429658,5.67103E-15,3.51469E-14
P_04392,ycnE,-0.348998281,0.04736398,0.079976822
P_00439,rmlD_1,-0.495987533,8.35987E-09,3.37631E-08
P_04393,,0.294286146,0.018620208,0.034740368
P_04394,,-1.071235058,0.012119858,0.02346689
P_04395,yfdH,-0.174023679,0.624735305,0.702460014
P_04396,yfdG,-0.143205824,0.742208901,0.803837872
P_04397,,0.047457814,0.670946297,0.742205242
P_04398,,0.070353116,0.468878882,0.559903435
P_04399,proY_2,0.727192076,6.24312E-15,3.85676E-14
P_04400,,-0.133349635,0.696649825,0.763199536
P_04401,,-0.304492475,0.355660164,0.448699424
P_04402,,0.536152386,3.77452E-15,2.36743E-14
P_00440,dctB_1,-0.147854355,0.124516552,0.184842342
P_04403,,-0.156888217,0.294197015,0.384513019
P_04404,,-0.202590422,0.758671781,0.814291631
P_04405,,0.076824632,0.827194863,0.864166295
P_04406,,-0.142178037,0.547883115,0.635469118
P_04407,,0.666140943,4.75737E-05,0.000133967
P_04408,,0.434672406,0.039398337,0.068022581
P_04409,yqjI,-0.039043314,0.792577512,0.838452044
P_04410,yqjH,-0.945594604,3.28063E-14,1.94299E-13
P_04411,,-1.154869199,6.36677E-06,1.98258E-05
P_04412,,-0.608422897,0.001067355,0.002490061
P_00441,dctD_1,0.355941263,0.000169392,0.000443494
P_04413,,0.033850031,0.601825839,0.682180228
P_04414,,-0.209325621,0.785158189,0.833333728
P_04415,acs_2,-0.318948445,3.57334E-06,1.1393E-05
P_04416,argT_2,0.345053662,1.25061E-05,3.7775E-05
P_04417,hisQ_2,-0.114983282,0.630968421,0.707134032
P_04418,occM_2,-0.239592288,0.155142952,0.223878653
P_04419,,-0.340387241,0.016056943,0.030412804
P_04420,hisP_2,-0.2728584,0.036439768,0.06331451
P_04421,cdhR_9,0.281038187,0.001531813,0.003471989
P_04422,,-0.099767284,0.315744456,0.406838221
P_00442,,0.272339596,0.097280138,0.149836476
P_04423,aruC,0.490321479,9.61402E-12,4.82298E-11
P_04424,astA,0.473498398,4.89887E-09,2.01828E-08
P_04425,aruG,0.425159793,1.71175E-07,6.21362E-07
P_04426,astD,0.352064844,2.05006E-06,6.69242E-06
P_04427,astB,0.282084409,0.001047111,0.002445815
P_04428,,0.09580577,0.446293241,0.537631593
P_04429,astE,-0.056255463,0.525320348,0.613764959
P_04430,ribH2,0.105892184,0.285817911,0.375442662
P_04431,ltaE_2,0.080604335,0.452899374,0.543422435
P_04432,alaS_2,-0.733991683,3.54872E-21,3.00385E-20
P_00443,cysQ,-0.032428476,0.693680877,0.761483273
P_04433,,-0.596861962,5.10093E-14,2.98717E-13
P_04434,csrA2,1.178744544,8.17068E-39,1.30254E-37
P_04438,,0.223807816,0.02330582,0.042501463
P_04439,,0.62986244,1.65698E-19,1.30804E-18
P_04440,,0.884913596,2.52988E-09,1.0723E-08
P_04441,,1.259168385,8.8032E-11,4.13772E-10
P_04443,,0.548658608,7.0122E-05,0.000192643
P_04444,sadH,0.674222029,0.000237172,0.000609824
P_04445,,0.790293193,8.76594E-12,4.4246E-11
P_04446,dhmA2,0.080576413,0.303780742,0.393988176
P_00444,nudE,0.149935786,0.10339054,0.157934071
P_04447,alkB1,0.583665301,1.11575E-10,5.20172E-10
P_04448,,-0.537154988,0.030077478,0.053391478
P_04449,,-1.201753379,2.93603E-17,2.06241E-16
P_04450,ompP1,-0.156086114,0.156158031,0.22511704
P_04451,fadE_2,0.256788769,0.01146821,0.022295413
P_04452,hcaB_6,0.450667836,0.000652694,0.001575856
P_04453,,0.323642141,0.249314392,0.335007093
P_04454,fadI_2,0.228716512,0.25536846,0.342020909
P_04455,fadD_3,0.149739729,0.407694642,0.500483326
P_04456,,-0.271210926,0.012060429,0.023359704
P_00044,,1.220124483,1.47409E-21,1.26644E-20
P_00445,yrfG,-0.333845501,0.002130956,0.004707296
P_04457,iolG_4,1.00228638,5.67942E-13,3.12205E-12
P_04458,,0.338771068,0.146702145,0.213145218
P_04459,hcf136_2,-0.77551315,1.70283E-13,9.67581E-13
P_04460,,-0.676550029,2.37609E-09,1.0116E-08
P_04461,,0.172758687,0.060217145,0.098823618
P_04462,,0.286650797,0.000804787,0.001912493
P_04463,pgl_2,0.179929035,0.012703909,0.024498567
P_04464,,0.947647135,2.20435E-20,1.8021E-19
P_04465,,-0.744372483,1.53701E-19,1.215E-18
P_04466,,0.400619384,1.29639E-08,5.14164E-08
P_00446,ygaU,0.515641503,6.83897E-15,4.2203E-14
P_04467,rpoE_3,0.134926953,0.137674704,0.201972169
P_04468,,0.398179255,0.000414167,0.001028962
P_04469,,0.204853572,0.021525364,0.039568886
P_04470,,-0.291870212,0.002702475,0.005888194
P_04471,,0.285063211,0.095869287,0.147981129
P_04472,,0.969911436,4.79875E-31,5.92258E-30
P_04473,aqpZ_2,0.807758484,8.03339E-32,1.02681E-30
P_04474,,-0.357103978,0.00024252,0.00062274
P_04475,ppiA,-0.290667098,0.03775713,0.065504283
P_04476,catD_3,0.061493568,0.645435024,0.720562827
P_00447,fdhD,1.064309995,7.98176E-59,2.05414E-57
P_04477,yhaJ,0.455213441,1.24349E-05,3.75796E-05
P_04478,,0.476986255,1.68029E-06,5.55483E-06
P_04479,azoR_2,0.742104256,1.07852E-05,3.27319E-05
P_04480,,-0.075021866,0.693313357,0.761225436
P_04481,,0.374637425,7.0959E-05,0.000194849
P_04482,hcaB_7,0.436135311,4.10855E-05,0.000116554
P_04483,,0.086328028,0.744833754,0.80478637
P_04484,ybdG,-0.246949167,0.054508072,0.090541773
P_04485,rhlE_4,0.568699283,5.91693E-14,3.45445E-13
P_04486,,1.102484159,1.30649E-26,1.37074E-25
P_00448,ydeP,1.042523013,2.48432E-52,5.63539E-51
P_04487,,0.485985179,1.41225E-08,5.5819E-08
P_04488,copA_2,0.155205402,0.145200876,0.211499448
P_04489,copB,0.242531353,0.340643161,0.433126189
P_04490,,0.436113292,1.20651E-07,4.43571E-07
P_04491,,-0.426769363,7.97794E-05,0.000217349
P_04492,,0.734961507,3.1177E-24,2.99206E-23
P_04493,cvfB,0.315944741,4.96951E-05,0.00013953
P_04494,,0.514017375,1.50218E-05,4.48543E-05
P_04495,,0.483770568,9.63781E-05,0.000260289
P_04496,gltR_5,1.24576001,1.90748E-69,6.11565E-68
P_00449,,-0.019081483,0.785168352,0.833333728
P_04497,,1.166718032,2.11579E-67,6.56352E-66
P_04498,,-3.340380877,2.9452E-199,3.7562E-197
P_04499,dltA_3,-3.520864976,0,0
P_04500,,0.265888754,0.119877975,0.178843929
P_04501,,-0.534864714,5.21103E-05,0.000145955
P_04502,mepA_1,-0.661807312,0.000328761,0.000830805
P_04503,kipR,0.336570365,0.010976533,0.02142664
P_04504,btuD_4,0.378304997,0.024958885,0.045114659
P_04505,potB,-0.241976768,0.445309877,0.537010587
P_04506,phnV,0.242699212,0.143236069,0.209168397
P_00450,,0.157666797,0.214934789,0.295735017
P_04507,hcnA,0.837312902,0.02378322,0.043244023
P_04508,hcnB,0.384628981,0.028558134,0.050835959
P_04509,thiO_2,0.204643205,0.125350788,0.185936462
P_04510,,0.142332827,0.222909867,0.305390243
P_04511,,0.558508473,1.66734E-05,4.94515E-05
P_04512,polS,0.40436766,0.013432797,0.025800141
P_04513,rhaS_8,0.103800947,0.458977613,0.549337335
P_04514,tsx,-0.083029539,0.746572862,0.805916838
P_04515,mqnB,-0.325422247,0.046221777,0.078295979
P_04516,,0.890440144,2.94732E-37,4.43954E-36
P_00451,rhlB_1,-0.18161046,0.040121128,0.069083454
P_04517,murR,0.387935393,2.10864E-05,6.17738E-05
P_04518,iolC,0.384235395,0.000864119,0.002039976
P_04519,iolE_2,0.306102313,0.109973368,0.166382621
P_04520,iolB,0.353634319,0.060634794,0.099423737
P_04521,,-0.037784785,0.86375135,0.892683054
P_04522,iolD,0.273076656,0.020695076,0.038164859
P_04523,iolG_5,0.223486242,0.145731864,0.212003844
P_04524,iolW,-0.189825222,0.205090145,0.284784017
P_04525,,0.394797809,0.073047735,0.116677137
P_04526,thpA_2,0.210563155,0.18325817,0.258761497
P_00452,,-0.039360926,0.697017993,0.763199536
P_04527,rbsA_2,0.035597351,0.813289788,0.853909641
P_04528,rbsC_4,0.211268293,0.026874891,0.048090382
P_04529,dksA_3,-0.737684638,3.4818E-06,1.11135E-05
P_04530,,-0.427179475,0.023377685,0.042618976
P_04531,,0.293257359,0.006411472,0.013024934
P_04532,,-0.113058799,0.358721025,0.451865663
P_04533,,0.006682567,0.956246005,0.967371025
P_04534,,-1.521373976,6.21569E-20,4.98907E-19
P_04535,,0.183353537,0.007375844,0.01485262
P_04536,fhuA_5,-1.593812998,5.63452E-70,1.85842E-68
P_00453,,0.508054323,4.61527E-08,1.7576E-07
P_04537,,-1.642826238,1.09958E-25,1.10905E-24
P_04538,,-0.488310305,1.83351E-10,8.41803E-10
P_04539,bepF_2,-0.773384587,9.84586E-07,3.33956E-06
P_04540,oqxB4,-0.694165339,5.32071E-10,2.34889E-09
P_04541,oprM_4,-0.448528698,0.001460209,0.003321497
P_04542,,-0.083823479,0.264199595,0.352062504
P_04543,,-0.085599355,0.405768075,0.499186062
P_04544,dut,-0.172242603,0.248110974,0.333859057
P_04545,coaBC,0.396036112,1.84206E-08,7.24578E-08
P_04546,,0.411587432,0.00026962,0.00068955
P_00454,fic,0.163931773,0.094827614,0.146629382
P_04547,dppA_5,0.291464884,6.13171E-05,0.000169917
P_04548,rpmB,0.519447007,3.1724E-09,1.33088E-08
P_04549,rpmG,0.803387946,5.06082E-11,2.41832E-10
P_04550,,0.91400601,2.09076E-20,1.71413E-19
P_04551,puuC,0.921084369,7.87778E-36,1.15333E-34
P_04552,ycaD_2,0.421625362,0.001088419,0.002534068
P_04553,clsC,-0.127780247,0.236356048,0.320824825
P_04554,gltF_4,0.25900182,0.182313228,0.257581392
P_04555,yraI_3,0.074177451,0.735022736,0.797710946
P_04556,yraJ_3,-0.048767714,0.6964044,0.763159224
P_00045,,1.43224953,5.90349E-23,5.39493E-22
P_00455,,0.448523857,0.022439491,0.041025881
P_04557,,-0.25160595,0.291462115,0.381372795
P_04558,lysN,1.009414896,2.14077E-19,1.67611E-18
P_04559,,1.125571865,0.000823508,0.001952132
P_04560,puuB_5,-0.410359117,0.000617649,0.00150008
P_04561,,0.057857472,0.560239264,0.646014293
P_04562,lrp_3,-0.106922437,0.54029249,0.628443169
P_04563,dadA1_2,1.47619238,2.2569E-106,1.2336E-104
P_04564,yabJ_4,1.188394954,2.37949E-27,2.57173E-26
P_04565,alr,0.846382648,5.87377E-24,5.57183E-23
P_04566,puuR_1,0.43976936,1.11896E-08,4.45643E-08
P_00456,,-0.054942325,0.744924125,0.80478637
P_04567,,0.375167192,8.48784E-09,3.42317E-08
P_04568,,0.082897357,0.269169659,0.357832909
P_04569,xpt,0.142161073,0.145440837,0.211741492
P_04570,rep_4,-0.608719121,2.49281E-05,7.23268E-05
P_04571,,-0.335065861,1.15282E-05,3.495E-05
P_04572,yfcG_1,0.229082645,0.024580158,0.044500167
P_04573,adeP,0.469907994,2.13008E-09,9.09563E-09
P_04574,rhtB_5,0.290187112,0.034633719,0.060451008
P_04575,,0.193496175,0.018339011,0.03430495
P_04576,pucM,1.387427969,2.07432E-41,3.60744E-40
P_00457,,-0.600277964,0.003676765,0.007823564
P_04577,,1.808032293,1.60142E-92,7.472E-91
P_04578,uao,1.607166442,4.40377E-68,1.38864E-66
P_04579,alc,1.60711318,1.0907E-111,6.2595E-110
P_04580,allA,1.482774541,1.30286E-45,2.49237E-44
P_04581,,1.337754038,2.50491E-56,6.16982E-55
P_04582,uacT_2,0.98006587,1.38359E-22,1.23875E-21
P_04583,,-0.231259975,0.481947675,0.572943455
P_04584,,-1.698167901,7.76224E-18,5.64607E-17
P_04585,lpxL_2,-0.485647835,4.54261E-05,0.000128234
P_04586,minC,-0.675084895,4.87089E-12,2.49145E-11
P_00458,pckA,0.289848412,0.003015958,0.006521697
P_04587,minD,-1.006989742,1.92836E-33,2.64125E-32
P_04588,minE,-1.303300482,2.09087E-15,1.32591E-14
P_04589,rluA,-0.171222726,0.300306708,0.39089594
P_04590,apeB,-0.2468178,0.004604937,0.009596127
P_04591,,0.31364658,0.009894077,0.019485967
P_04592,,-0.767121663,2.0188E-10,9.2539E-10
P_04593,yxeP,-1.837274606,2.83963E-82,1.16405E-80
P_04594,mbtH,-5.52157899,0,0
P_04595,dat,-4.621872996,0,0
P_04596,,0.519335963,2.88021E-09,1.21273E-08
P_00459,hslO,0.501820268,1.38922E-10,6.42444E-10
P_04597,hisP_3,0.217039889,0.062255619,0.101790597
P_04598,hisM_2,0.461515637,0.045255633,0.076886346
P_04599,hisQ_3,0.188367945,0.399014462,0.492461074
P_04600,hisJ_2,-0.37268119,0.056728142,0.093795104
P_04601,ocd,0.262292976,0.080905471,0.127570343
P_04602,,0.296820951,0.153663019,0.222078083
P_04603,ypeA,0.568220359,1.8844E-12,9.95819E-12
P_04604,ilvE,0.441668853,9.15992E-11,4.30187E-10
P_04605,lpdV,0.934834144,3.31009E-33,4.46979E-32
P_04606,bkdB,0.920077923,1.35434E-35,1.96276E-34
P_00460,lpxT_1,0.140837444,0.106969071,0.162510519
P_04607,bkdA2,0.988094261,5.55892E-48,1.12333E-46
P_04608,bkdA1,1.042328871,1.04797E-51,2.30433E-50
P_04609,decR_4,-0.086217974,0.520103823,0.609407072
P_04610,,0.51933876,3.47572E-07,1.223E-06
P_04611,bigR,0.401193632,0.008467494,0.01686739
P_04612,,0.528172465,8.33992E-07,2.84728E-06
P_04613,,0.022273504,0.867756278,0.89585416
P_04614,,-0.038453125,0.677405225,0.748052451
P_04615,emrK_2,-0.343964561,0.004535476,0.009454811
P_04616,yphB,0.145957697,0.497816769,0.588701923
P_00461,hslR,0.513082486,1.70717E-06,5.63719E-06
P_04617,dctM_1,0.053610489,0.736218656,0.79870678
P_04618,siaQ,0.131166529,0.801533285,0.845588147
P_04619,,0.445157689,0.002809156,0.006111352
P_04620,,0.187347667,0.191459502,0.268651854
P_04621,udh,0.742847514,1.50458E-10,6.93559E-10
P_04622,nicP_3,0.148735238,0.555346813,0.641825306
P_04623,,-2.082263882,7.1308E-146,5.7639E-144
P_04624,,0.054394801,0.489391329,0.580292735
P_04625,,-0.571035065,0.105071305,0.160160483
P_04626,,0.103939596,0.143666427,0.209636823
P_00462,bluF,0.49034056,4.80424E-09,1.98356E-08
P_04627,sodB_2,0.047025588,0.549925588,0.636808505
P_04628,argO_2,-0.080473285,0.746651458,0.805916838
P_04629,argP_6,0.212459427,0.248172267,0.333863254
P_04630,oleD,0.410019844,5.26187E-06,1.65468E-05
P_04631,,-0.284044129,0.009097349,0.018015764
P_04632,yihS,-0.841264253,1.4597E-27,1.5987E-26
P_04633,,-2.726096927,0,0
P_04634,ugpA,-3.14624621,2.0474E-225,3.4559E-223
P_04635,araQ,-2.292816387,1.7386E-124,1.2318E-122
P_04636,ugpC_1,-2.600540395,3.6634E-216,5.8401E-214
P_00463,,-0.122097119,0.408136562,0.500597506
P_04637,oprB_1,-2.939773923,0,0
P_04638,yeaD_2,-0.543935433,1.97114E-06,6.46421E-06
P_04639,hexR_3,0.086620711,0.303228659,0.393673476
P_04640,zwf_1,-0.482956654,9.61343E-11,4.50747E-10
P_04641,pgl_3,-0.816820809,2.91234E-14,1.73201E-13
P_04642,eda,-0.693349568,8.08098E-10,3.52943E-09
P_04643,cefD_2,-1.007976778,2.67392E-06,8.61146E-06
P_04644,,-0.627697858,0.016348746,0.030914482
P_04645,,0.904933381,1.01625E-05,3.09568E-05
P_04646,,-0.232886747,0.022566582,0.041231969
P_00464,rimK_1,-0.404698662,2.5021E-05,7.25596E-05
P_04647,,-0.194442043,0.018767528,0.035003849
P_04648,lemA,-0.019803084,0.777072905,0.827848784
P_04649,,-0.455504586,3.963E-05,0.000112592
P_04650,ywiE,-1.266433137,9.11676E-09,3.65371E-08
P_04651,,-1.775227851,1.08716E-10,5.07664E-10
P_04652,,-0.050827449,0.792003437,0.838347999
P_04653,gatA_3,0.210140658,0.141283111,0.206684623
P_04654,proP_6,-0.168039115,0.23777747,0.322296859
P_04655,hipO,0.063582202,0.677688478,0.748221273
P_04656,,-1.203725426,0.438831328,0.530535705
P_00046,,1.257811524,6.50955E-33,8.66782E-32
P_00465,envZ,-0.254053451,0.012823271,0.024703844
P_04657,nylB,0.214159874,0.444695468,0.536382365
P_04658,,-0.177856699,0.475042862,0.565616387
P_04659,,0.576565445,0.165966656,0.237461395
P_04660,acpH,-0.304137316,0.017521255,0.03289319
P_04661,sdpR,0.122864515,0.626313328,0.703529651
P_04662,ydhP_2,0.151599196,0.314860528,0.405972719
P_04663,nemA_3,-0.139402258,0.285189177,0.374788341
P_04664,ttgR,0.092847173,0.193303367,0.270907942
P_04665,mepA_2,-0.221084443,0.002127348,0.004701136
P_04666,mepB,-0.333318001,1.6424E-06,5.43657E-06
P_00466,ompR_1,0.075238496,0.3014555,0.392124459
P_04667,mepC_2,-0.301895326,0.00012559,0.000333069
P_04668,,0.767511992,2.96168E-10,1.33625E-09
P_04669,,1.346407049,0.239629794,0.32427149
P_04670,nicP_4,0.20427134,0.286918388,0.376629603
P_04671,,-0.162781078,0.432263587,0.524191772
P_04672,ygeA,0.255362585,0.007409341,0.01490961
P_04673,aprA_2,0.212331873,0.072866511,0.116452495
P_04674,,0.655065681,8.51099E-17,5.82871E-16
P_04675,,0.338209822,2.27624E-05,6.63452E-05
P_04676,cckA,0.514253391,4.24109E-10,1.88533E-09
P_00467,yhgF,-0.462271783,7.36808E-07,2.52601E-06
P_04677,rcsC_13,-0.766457868,3.97231E-25,3.95097E-24
P_04678,cheR,-0.334492447,0.015227385,0.028927494
P_04679,cheB_5,0.149053633,0.171734742,0.244440893
P_04680,rcsC_14,-0.132759001,0.139163482,0.203947708
P_04681,cpdR,0.211166387,0.040848518,0.070083601
P_04682,,0.433614055,0.000119329,0.000317492
P_04683,rcsC_15,0.183007289,0.02074165,0.038238461
P_04684,kaiC,0.498522595,9.5653E-13,5.18859E-12
P_04685,bepA_3,0.115614419,0.194294826,0.271862887
P_04686,,-0.248830804,0.01204221,0.023332291
P_00468,paaI,-0.050147452,0.748280732,0.807063169
P_04687,acsA_4,1.437341911,6.0599E-100,3.10518E-98
P_04688,,1.511439724,1.0164E-103,5.4009E-102
P_04689,thlA,1.551460929,3.9042E-112,2.2632E-110
P_04690,mmgC_6,1.149749929,1.49838E-59,3.96278E-58
P_04691,echA8_2,1.074931883,2.28974E-55,5.49825E-54
P_04692,mopII,0.60039239,0.098415955,0.15122066
P_04693,,0.119623049,0.288769985,0.378454201
P_04694,patB,-0.204890422,0.151055925,0.218861387
P_04695,ggt_2,0.070491732,0.446577794,0.537861481
P_04696,,-0.251221777,0.39664595,0.49017035
P_00469,gshA_1,-0.024960353,0.741288546,0.803144227
P_04697,dap,0.240533802,0.233330251,0.317318083
P_04698,yofA_2,0.052189759,0.803262928,0.8466347
P_04699,meh,0.141644409,0.390058258,0.483695839
P_04700,,0.136374703,0.400198649,0.493710242
P_04701,,0.214108652,0.211232164,0.291338954
P_04702,yfdE_1,-0.002026602,0.992897316,0.995151536
P_04703,citE,0.190659568,0.362440869,0.455851008
P_04704,dctP,0.19746239,0.156931732,0.226118807
P_04705,dctQ,0.73628769,0.003726385,0.007914776
P_04706,dctM_2,-0.095161505,0.626085128,0.703507214
P_00470,tauA_1,0.369374482,0.142260593,0.208008547
P_04707,mcpP_1,-0.084793229,0.40097394,0.494560378
P_04708,uppP_2,-0.379715459,0.017784184,0.033354064
P_04709,,-0.353063928,0.201880968,0.280871485
P_04710,,0.054976176,0.740781315,0.802897822
P_04711,dmlR_16,-0.130414766,0.290751438,0.380616446
P_04712,azoR1,-0.13469796,0.546437663,0.63392071
P_04713,,0.747999315,1.07537E-32,1.4253E-31
P_04714,yhhS_2,-0.263856969,0.034239547,0.059799378
P_04715,,-0.192916703,0.071624879,0.114755773
P_04716,btuD_5,-0.71647927,9.30322E-12,4.67933E-11
P_00471,tauB,0.039886902,0.908616614,0.929509937
P_04717,cysW_2,0.183695236,0.072175879,0.115477383
P_04718,,-0.524972512,0.000122788,0.00032609
P_04719,,-0.328311164,0.010145671,0.019926765
P_04720,,-0.266103813,0.002630824,0.005739152
P_04721,phnR,-0.029681258,0.868571148,0.89653414
P_04722,,-2.567772696,1.61885E-97,8.14965E-96
P_04723,znuB_2,-3.711608032,2.90972E-87,1.27472E-85
P_04724,znuC_3,-3.564862505,2.487E-171,2.7448E-169
P_04725,ssaB,-3.561596683,3.402E-118,2.1937E-116
P_04726,,-2.569013535,2.00458E-98,1.01808E-96
P_00472,ssuC_1,0.450501036,0.266510366,0.354790765
P_04727,,-3.119865873,1.45789E-56,3.60638E-55
P_04728,,-3.329644891,6.71009E-80,2.61967E-78
P_04729,,-3.216717233,6.3059E-167,6.349E-165
P_04730,kamA,-0.975973678,5.93012E-06,1.85163E-05
P_04731,ddl_2,-0.522256067,4.34852E-05,0.000123058
P_04732,,-0.083498228,0.422691858,0.515366172
P_04733,,-0.396786751,1.01621E-05,3.09568E-05
P_04734,,0.86437772,1.39618E-28,1.59298E-27
P_04735,soxR,0.795268071,2.59651E-12,1.35714E-11
P_04736,,1.393889824,2.60472E-44,4.77588E-43
P_00473,tauD_1,-0.592273468,0.124217309,0.184493565
P_04737,norR_6,0.425006586,0.000319501,0.00080883
P_04738,,1.202450677,4.60969E-11,2.21196E-10
P_04739,iscS_2,0.404662566,1.04961E-06,3.54334E-06
P_04740,map_3,0.172457168,0.018593553,0.034701919
P_04741,nsaD,-0.169323196,0.121883546,0.181449979
P_04742,hcaB_8,-0.279842858,0.005719755,0.011685894
P_04743,,0.050138677,0.56608048,0.650918829
P_04744,rhtA,-0.073287751,0.694479931,0.761862888
P_04745,,0.299854567,0.787386309,0.834933326
P_04746,,0.369634978,0.697505065,0.763199536
P_00474,gpr_1,-1.06846958,9.01333E-33,1.1974E-31
P_04747,,-0.172423303,0.226500717,0.309202573
P_04748,tatD,0.2411883,0.06909688,0.111202186
P_04749,mltF_3,-0.358050786,4.8629E-06,1.5351E-05
P_04750,mhqP,0.039766371,0.686223082,0.755899091
P_04751,,0.097058142,0.312979566,0.404076556
P_04752,,-0.163935935,0.272756411,0.361345578
P_04753,,-0.025422742,0.923642422,0.940546443
P_04754,btuD_6,0.3821296,0.064838885,0.105264599
P_04755,,-0.015751369,0.956993763,0.967956857
P_04756,greB,-0.151907612,0.391370323,0.485218035
P_00047,,1.254027259,2.73722E-13,1.53708E-12
P_00475,betT2,-0.180677812,0.094294962,0.145982947
P_04757,,-0.564705791,6.69943E-10,2.93496E-09
P_04758,lolD_2,-0.60544412,0.000344258,0.000866914
P_04759,tesA,-0.197001787,0.033240878,0.05837497
P_04760,,-0.384018306,0.085172192,0.133370589
P_04761,,0.349308704,1.4886E-06,4.95252E-06
P_04762,,-0.202287382,0.00149572,0.003394201
P_04763,,0.462952968,4.13077E-09,1.71786E-08
P_04764,aroF_2,-0.842293692,1.11301E-17,8.03471E-17
P_04765,,-0.861145079,2.54588E-06,8.22679E-06
P_04766,,0.211754918,0.196701327,0.274730814
P_00476,lpxD_1,0.129470041,0.098584377,0.151438902
P_04767,,0.163638066,0.07105552,0.11397083
P_04768,,-0.047211411,0.509802468,0.599434789
P_04769,cysB,0.053361517,0.461577373,0.55210349
P_04770,greA_3,0.07268348,0.616353858,0.694669047
P_04771,,0.376794974,0.000667693,0.001606663
P_04772,,0.307580339,3.02625E-05,8.71869E-05
P_04773,efp,-0.013854872,0.878486556,0.90465357
P_04774,ohrB_2,-0.269756887,0.014864175,0.028274943
P_04775,ispB,-0.98981323,4.71446E-37,7.06431E-36
P_04776,rplU,-0.129047429,0.11863503,0.17730376
P_00477,dcyD_1,-0.063988134,0.556897738,0.6433245
P_04777,rpmA,-0.327433639,0.000501038,0.001231986
P_04778,obg,-0.295331507,0.004025285,0.008483698
P_04779,proB,0.389229224,1.00246E-07,3.71647E-07
P_04780,,0.15123845,0.145489373,0.211755085
P_04781,btuE,0.374951605,4.16938E-08,1.58991E-07
P_04782,,0.768172627,8.55438E-12,4.32543E-11
P_04783,mgtA_3,0.453241269,0.004925683,0.010205232
P_04784,cysZ,-0.153176367,0.28280003,0.372432845
P_04785,,0.145981032,0.082373493,0.129447283
P_04786,,0.278944724,0.058720441,0.096671432
P_00478,fliY_1,0.1441405,0.121706317,0.181233148
P_04787,,0.214144352,0.032934312,0.057907481
P_04788,nfdA_2,-0.054768499,0.658614965,0.731383762
P_04789,,-0.260717045,0.028268152,0.050366633
P_04790,,-0.436371255,0.117912069,0.176420242
P_04791,folX,-0.317363202,0.152312703,0.220237491
P_04792,folE_1,-0.176134228,0.209168559,0.289095517
P_04793,folM,0.081490901,0.392787876,0.486794265
P_04794,,0.063825967,0.656727022,0.730276377
P_04795,,0.398866797,4.2019E-09,1.74618E-08
P_04796,,0.88464096,1.22926E-33,1.69207E-32
P_00479,yecS_1,-1.077221476,4.59847E-11,2.20842E-10
P_04797,pfyP,0.616353934,6.24683E-13,3.42412E-12
P_04798,,-0.085560073,0.481995296,0.572943455
P_04799,fucA,0.800224259,1.55307E-32,2.03495E-31
P_04800,lip3,0.59880027,2.2251E-15,1.40792E-14
P_04801,,0.745603777,1.67463E-19,1.32015E-18
P_04802,,0.150602842,0.449528607,0.540394779
P_04803,,0.200684747,0.406514488,0.499600502
P_04804,yceF,-0.395167337,0.021895313,0.040158901
P_04805,yceD,-1.108552642,4.07709E-34,5.69304E-33
P_04806,rpmF,-0.876950339,0.001152193,0.002674933
P_00480,artM,-0.700207215,3.84609E-06,1.22381E-05
P_04807,plsX,-0.552698343,7.22941E-06,2.23905E-05
P_04808,fabD_2,-0.166609168,0.020323634,0.037540178
P_04809,fabG_6,-0.167193272,0.024089654,0.04370867
P_04810,acpP_4,-0.114678145,0.12158989,0.181106769
P_04811,fabF_3,-0.719564877,6.34865E-17,4.411E-16
P_04812,pabC,-0.466635427,5.40679E-05,0.000151069
P_04813,mltG,0.168277632,0.064134634,0.104387028
P_04814,tmk_2,-0.108043648,0.266453868,0.354790765
P_04815,,-0.279348142,0.032133077,0.056620119
P_04816,ycfH,0.190604488,0.007610013,0.015281268
P_00481,,0.306168832,0.293164509,0.383338145
P_04817,slmA_2,0.295757911,0.001327071,0.003053753
P_04818,moaA_2,0.908831803,2.72721E-41,4.7143E-40
P_04819,pitA,0.399954121,8.58625E-08,3.21438E-07
P_04820,,0.530572757,3.65203E-08,1.39981E-07
P_04821,pcaR_2,0.914840337,3.44337E-27,3.70065E-26
P_04822,pcaK_2,0.441900878,2.38018E-05,6.9269E-05
P_04823,,-0.733786022,0.45570662,0.54599171
P_04824,catI,2.053887791,2.4215E-62,7.09029E-61
P_04825,catJ,1.643061082,1.12576E-37,1.71373E-36
P_04826,pcaF,1.676133077,2.07103E-49,4.29085E-48
P_00482,,0.631241131,0.043283717,0.073844299
P_04827,pcaH,1.325901394,6.07244E-17,4.22934E-16
P_04828,pcaG,1.394513362,8.87691E-16,5.75645E-15
P_04829,kgtP_1,0.390732643,1.49359E-06,4.96622E-06
P_04830,pcaB_2,0.143018241,0.056685517,0.093751637
P_04831,catD_4,-0.18393386,0.051699319,0.086325979
P_04832,,0.066261581,0.578998969,0.662719402
P_04833,prc,-0.878743167,3.09474E-36,4.58934E-35
P_04834,,0.267443909,0.013907267,0.026631233
P_04835,,0.470664029,3.42154E-08,1.31698E-07
P_04836,,0.50605352,5.87472E-09,2.40478E-08
P_00483,soxC_1,-0.011144052,0.974622788,0.980947068
P_04837,,0.646270112,2.0013E-17,1.42147E-16
P_04838,fklB_2,0.051221727,0.449107372,0.540083536
P_04839,,-0.951702433,2.33041E-17,1.64707E-16
P_04840,,-0.668764518,5.98146E-07,2.06544E-06
P_04841,,0.892414512,2.95644E-05,8.53043E-05
P_04842,artJ_2,1.353060271,9.95293E-75,3.61518E-73
P_04843,artQ_5,0.842631276,6.38731E-09,2.60717E-08
P_04844,yecS_6,0.916054676,2.865E-12,1.49594E-11
P_04845,tcyN_2,0.757292172,3.34432E-13,1.85979E-12
P_04846,,0.852429268,6.33026E-19,4.86989E-18
P_00484,soxC_2,0.025663596,0.939647653,0.953773944
P_04847,,0.294680788,0.012622126,0.024365416
P_04848,puuR_2,-0.480604096,0.061568644,0.100818068
P_04849,,0.025330407,0.88829024,0.912620424
P_04850,cdhR_10,0.308962963,0.00217132,0.004787248
P_04851,proP_7,0.213612642,0.099197529,0.152177124
P_04852,,0.152388074,0.853922034,0.884595407
P_04853,,0.25896853,0.118787496,0.177485405
P_04854,,1.589614076,3.16236E-96,1.56455E-94
P_04855,hcaR_2,-0.032427363,0.735323339,0.7978863
P_04856,proP_8,-0.868968965,0.000651929,0.001574673
P_00048,,1.197390729,1.37759E-10,6.38096E-10
P_00485,dmoA,0.642621039,0.081918153,0.128802269
P_04857,,-0.374048969,0.004239558,0.008892845
P_04858,,0.109096375,0.816316706,0.856147949
P_04859,,0.13310502,0.622212127,0.700308962
P_04860,,-0.170003093,0.189451466,0.266289974
P_04861,,-0.300508997,0.607111637,0.686679875
P_04862,,-0.197472648,0.043280008,0.073844299
P_04863,shlB_1,0.10649564,0.656726922,0.730276377
P_04865,queE,0.06266132,0.588625411,0.670794526
P_04866,bamD_2,-0.949219247,2.19189E-28,2.48602E-27
P_04867,pal,-1.169770753,1.37728E-55,3.33511E-54
P_00486,,0.461195739,0.208898925,0.288814968
P_04868,tolB,-1.000687794,4.17954E-38,6.44795E-37
P_04869,,-0.511225559,4.20943E-12,2.16469E-11
P_04870,exbD_4,-1.16606245,4.26115E-11,2.04985E-10
P_04871,tolQ_3,-0.898392669,7.02453E-14,4.08447E-13
P_04872,ybgC,-1.664116954,3.6967E-42,6.56822E-41
P_04873,ruvB_2,-0.058238621,0.533506398,0.621810158
P_04874,ruvA,-0.080830316,0.348555482,0.441454693
P_04875,ruvC,0.018289286,0.861478544,0.890975917
P_04876,pmpR,-0.010967187,0.907989273,0.929033774
P_04877,lcdH_1,-0.087676031,0.756234978,0.81266588
P_00487,metN_1,0.099433982,0.744327212,0.80478637
P_04878,lcdH_2,0.117873116,0.612173796,0.690802924
P_04879,,0.181378125,0.31480477,0.405972719
P_04880,cdhR_11,-0.33674928,0.000470242,0.001159741
P_04881,sdaA_2,-0.135438373,0.39385226,0.48729868
P_04882,,0.062877549,0.526521666,0.614918161
P_04883,opuAB_2,-0.259891168,0.069065071,0.111182172
P_04884,btuD_7,-0.067264323,0.607790255,0.687311975
P_04885,caiT,-9.64273E-06,0.99993107,0.99993107
P_04886,betI_3,-0.144798789,0.280799217,0.370376168
P_04887,betB_2,-0.083932319,0.364259652,0.45753691
P_00488,metI,0.187045235,0.174097013,0.247312564
P_04888,betA,0.258592185,0.004264353,0.008935058
P_04889,,0.02642669,0.794436785,0.839645066
P_04890,,-0.024284666,0.786911797,0.834766507
P_04891,rhlA_2,-0.467671163,0.000333467,0.000841679
P_04892,hsrA,-0.140549939,0.134467142,0.197721478
P_04893,dbpA_2,-1.138394837,7.67665E-21,6.43158E-20
P_04894,,-0.664510624,5.77615E-05,0.000160919
P_04895,yccS,-0.325449154,0.000303779,0.000771411
P_04896,,-0.212267723,0.015327607,0.029089001
P_04897,ycf3_2,-0.053794671,0.535050402,0.623356528
P_00489,,-0.055604933,0.591145671,0.672864936
P_04898,,0.295641913,0.000802942,0.0019089
P_04899,,-0.144982028,0.394361428,0.487767292
P_04900,,0.036984554,0.724211288,0.78866197
P_04901,,0.278972993,0.000604676,0.001469816
P_04902,,-0.091330878,0.458394151,0.548967749
P_04903,gdhB,0.330172883,1.58156E-07,5.74466E-07
P_04904,rspR_2,-0.045627579,0.840780362,0.874888501
P_04905,nanR_1,0.265038478,0.39813186,0.491477468
P_04906,dctA,0.117638582,0.464674154,0.555460315
P_04907,tag_2,0.294723281,0.000519997,0.001274236
P_00490,,-0.347166085,0.303296861,0.393673476
P_04908,,0.058907705,0.697369445,0.763199536
P_04909,gabR_3,0.018838821,0.866448306,0.894664776
P_04910,fabG_7,0.26536431,0.03183032,0.056138354
P_04911,,0.339895877,0.000284818,0.00072583
P_04912,,0.398558336,3.35146E-07,1.18145E-06
P_04913,,0.808901159,6.35249E-10,2.7915E-09
P_04914,,0.651471536,1.6563E-18,1.23448E-17
P_04915,,-0.308882112,0.113869491,0.171296726
P_04916,,-0.340913425,0.297564632,0.38811896
P_04917,sdaC_2,-0.405394447,0.008360237,0.016676887
P_00491,,-0.250227295,0.22436976,0.307170337
P_04918,,-0.575117939,0.001658439,0.003726617
P_04919,,-0.025174847,0.763156155,0.818492464
P_04920,ccmA,-1.151051735,2.58449E-09,1.09383E-08
P_04921,ccmB,-0.379922814,0.003826134,0.00810265
P_04922,ccmC,-0.575540338,0.002973933,0.006438099
P_04923,,0.119217414,0.852663358,0.883770094
P_04924,ccmE,-0.737963967,0.002190829,0.0048247
P_04925,ccmF,-0.65333456,1.94277E-08,7.63146E-08
P_04926,dsbE,-0.673570331,0.000226596,0.000584991
P_04927,ccmH,-1.78733972,3.0092E-09,1.26334E-08
P_00492,tam_1,0.28869046,0.000699821,0.001674844
P_04928,,-0.709812286,1.15858E-05,3.5106E-05
P_04929,,0.259646417,0.051839334,0.086459151
P_04930,,0.092730356,0.586419888,0.669211322
P_04931,qacA,-0.117337806,0.320926735,0.412312186
P_04932,tyrA_2,0.182202123,0.260778535,0.348372443
P_04933,menF,-0.179697316,0.136035542,0.199822876
P_04934,,0.1699041,0.634944523,0.711291551
P_04935,kbl,0.125481372,0.359791368,0.452717093
P_04936,prmC_2,0.215061988,0.013660735,0.026194106
P_04937,dadA,-0.366738388,0.085086154,0.133272227
P_00493,,-0.408125247,0.022257026,0.040718225
P_04938,,1.043825678,7.28146E-12,3.70136E-11
P_04939,phnN,0.624809705,2.48393E-12,1.30066E-11
P_04940,aprA_3,0.108451997,0.157844214,0.227115212
P_04941,,0.020702572,0.90727602,0.928635113
P_04942,glgB_1,0.301479172,9.29092E-07,3.15693E-06
P_04943,glgB_2,0.190967076,0.002349294,0.00514603
P_04944,,0.122857084,0.098325324,0.151121862
P_04945,rcsC_16,0.022843283,0.784545346,0.833180189
P_04946,,0.057075048,0.597535098,0.678657021
P_04947,yhjE_2,-0.250141595,0.190123189,0.2671033
P_00494,czcA_1,-0.448853418,7.12657E-11,3.36344E-10
P_04948,lhgO,-0.160221206,0.455076748,0.545464799
P_04949,lutR_7,-0.090533208,0.296226537,0.386813219
P_04950,ribZ,0.16880814,0.211178901,0.291335508
P_04951,nodD2_6,0.131118761,0.49898914,0.58972378
P_04952,,-0.156719223,0.112062871,0.169022028
P_04953,,0.594463092,0.000106305,0.000284555
P_04954,kefF,0.516631151,0.051627317,0.086230842
P_04955,,0.287463946,0.059692318,0.098046427
P_04956,aroA_2,-0.475122177,2.42601E-06,7.85714E-06
P_04957,,0.068209934,0.636409632,0.71265461
P_00049,,1.208235378,2.85513E-13,1.60172E-12
P_00495,macA_1,-0.368932541,0.000117242,0.000312227
P_04958,crt,0.085767974,0.469606676,0.560655859
P_04959,nudC_2,0.23147685,0.003056901,0.006600283
P_04960,yfcA,-0.704729288,1.0724E-05,3.25635E-05
P_04961,,0.104645324,0.585216582,0.667970956
P_04962,pcs,0.522706871,9.36093E-11,4.39267E-10
P_04963,rlmL_1,-0.853481067,0.000433547,0.001073394
P_04964,sdhL,0.88343405,2.71097E-29,3.17516E-28
P_04965,,1.047226564,2.52804E-42,4.53388E-41
P_04966,,-0.484864905,0.035610409,0.06198609
P_04967,,0.516942857,0.045660617,0.077459733
P_00496,mdtA_1,-0.142955091,0.088393515,0.137850647
P_04968,ydiK_2,-0.024615077,0.792493492,0.838452044
P_04969,ydcP_2,-0.024935879,0.924544812,0.941274201
P_04970,mcpP_2,-0.394265484,3.06654E-05,8.82592E-05
P_04971,,0.058091437,0.684744857,0.754560433
P_04972,mcpU_1,0.023709257,0.775826725,0.827289033
P_04973,sasA_17,-0.532632619,0.000691106,0.00165675
P_04974,qseB_1,-0.032329748,0.801972917,0.845896447
P_04975,,0.218567751,0.109142534,0.165268866
P_04976,,0.478213905,0.000104793,0.000281151
P_04977,,-0.445281511,6.87878E-06,2.13425E-05
P_00497,,-0.388755442,0.003578231,0.007628331
P_04978,queD,-0.241420588,0.062710991,0.102447589
P_04979,codB,0.070344194,0.641431644,0.717298559
P_04980,codA,0.51948746,8.6124E-08,3.22207E-07
P_04981,,0.178873417,0.075578932,0.120118385
P_04982,,0.182140976,0.698012313,0.763608971
P_04983,,0.185339302,0.226499204,0.309202573
P_04984,vgrG1_3,0.086220989,0.487585635,0.578271122
P_04985,mcpA,-0.674312593,4.56503E-09,1.88888E-08
P_04986,dltA_4,0.104530037,0.340750086,0.433126189
P_04987,,0.555824499,0.046876601,0.079288186
P_00498,glnH_1,-0.306210223,0.274425937,0.363389583
P_04988,,0.242861279,0.453525055,0.543832071
P_04989,,0.586507565,6.10422E-12,3.1112E-11
P_04990,,-1.067476731,2.33227E-09,9.93682E-09
P_04991,,-0.791036342,5.72157E-16,3.73987E-15
P_04992,,-0.182529843,0.046131601,0.078166299
P_04993,petE_2,0.292138824,2.19117E-06,7.12875E-06
P_04994,ssuE,0.068362888,0.778227912,0.828771569
P_04995,ssuA_3,-0.00472893,0.985533308,0.989845232
P_04996,ssuD_3,0.53002559,0.089271583,0.139141079
P_04997,ssuC_2,-0.354735323,0.502206379,0.592549838
P_00499,glnQ_1,0.113866752,0.65730167,0.730632245
P_04998,ssuB_1,0.257826181,0.387105158,0.480760983
P_04999,,-0.669551986,0.172021271,0.24478787
P_05000,,0.43147709,0.000361,0.000905103
P_05001,puuA_3,0.412340689,4.53725E-09,1.87874E-08
P_05002,,0.41359158,0.131467379,0.193707648
P_05003,puuA_4,0.129916467,0.110728308,0.167272903
P_05004,spuC,-0.023320536,0.785106203,0.833333728
P_05005,spuD_3,-0.278440617,0.000610748,0.001483947
P_05006,spuE_1,-1.239897327,2.72408E-22,2.41631E-21
P_05007,potA,-1.034394937,1.22261E-17,8.8037E-17
P_00500,glnP_1,-0.877024245,0.270192989,0.358528916
P_05008,potH,-0.862679231,8.3827E-13,4.56003E-12
P_05009,ydcV,-0.677752924,3.26799E-13,1.82088E-12
P_05010,,0.774195925,2.7774E-05,8.02996E-05
P_05011,cdhR_12,0.236623788,0.074768876,0.118990578
P_05012,,0.037301653,0.880430402,0.906167517
P_05013,rclR_3,-0.076524305,0.55537628,0.641825306
P_05014,quiP_2,-0.259029241,0.003037769,0.006566386
P_05015,,-0.170376189,0.187306442,0.263727102
P_05016,menH_3,-0.051180562,0.627172315,0.70423438
P_05017,,0.61537942,4.86082E-20,3.91252E-19
P_00501,glnP_2,-0.244890531,0.463804161,0.55453585
P_05018,,0.640787451,1.00222E-11,5.01897E-11
P_05019,,0.073147093,0.504552637,0.594829003
P_05020,hcaB_9,0.177335972,0.020687962,0.038164004
P_05021,,0.349377843,8.34384E-05,0.000226837
P_05022,,-0.44021969,0.058405697,0.096263726
P_05023,,0.57498601,1.06574E-10,4.98067E-10
P_05024,pncC_2,0.252271889,0.00284047,0.006174793
P_05025,,-0.142523091,0.124343781,0.184633624
P_05026,,-0.064888059,0.415146249,0.507892629
P_05027,,-0.937461566,3.81764E-05,0.000108732
P_00502,metQ_1,-1.091939778,5.80766E-22,5.08082E-21
P_05028,,-0.37393045,0.383213561,0.476443377
P_05029,,-0.220234046,0.20798019,0.287773642
P_05030,nreC,-0.123445827,0.669092881,0.741196481
P_05031,rcsB_5,0.673121301,1.12165E-17,8.08684E-17
P_05032,rcsC_17,-0.291500599,0.001039144,0.002431166
P_05033,rcsC_18,-0.169550654,0.081310947,0.128058048
P_05034,smf-1_2,0.473417405,0.036265957,0.06305069
P_05035,yadV_3,0.258556053,0.482917673,0.573759647
P_05036,htrE_2,0.323099699,0.005407158,0.011134439
P_05037,,0.00783509,0.955012359,0.966634203
P_00503,norR_1,0.625740824,8.08781E-07,2.76615E-06
P_05038,,0.669848303,1.08847E-20,9.0401E-20
P_05039,,0.063926685,0.803205474,0.8466347
P_05040,ydbD,0.230410003,0.007118419,0.014364489
P_05041,fhuA_6,-0.325784093,0.002011088,0.004459674
P_05042,namA_4,0.237050179,0.048126728,0.081163471
P_05043,,-0.938509144,2.23144E-07,8.01392E-07
P_05044,,-0.367801154,0.004614239,0.009612022
P_05045,,-0.446819818,1.48748E-05,4.44618E-05
P_05046,,-1.368061191,2.37912E-27,2.57173E-26
P_05047,pctB,-0.372106999,0.00263107,0.005739152
P_00504,,0.742884996,9.88362E-13,5.3461E-12
P_05048,quiA,0.686069372,4.27072E-16,2.80431E-15
P_05049,oprB_2,-0.184452388,0.333457292,0.425363725
P_05050,xylR,0.39472347,5.36535E-06,1.68537E-05
P_05051,,0.069088038,0.353902206,0.447032951
P_05052,,0.118073365,0.567287732,0.651784644
P_05053,xylA,-1.189880538,4.39477E-35,6.25846E-34
P_05054,xylF,-2.276706799,4.59E-114,2.8023E-112
P_05055,xylG,-1.222886038,1.03109E-37,1.57378E-36
P_05056,xylH,-1.467844946,1.28349E-34,1.80538E-33
P_05057,,-0.565964014,0.002983912,0.006457266
P_00005,xerC_1,0.423421601,1.09307E-06,3.6771E-06
P_00050,,1.116308478,2.98973E-42,5.3286E-41
P_00505,,-0.006892662,0.95447645,0.966262189
P_05058,,0.049724632,0.861437932,0.890975917
P_05059,hiuH,0.273209819,0.290347388,0.380347788
P_05060,crp,0.609927301,4.55225E-12,2.33262E-11
P_05061,,1.261917223,7.59516E-52,1.69605E-50
P_05062,yigB,-0.274094694,0.051569343,0.086159086
P_05063,xerC_7,0.12822239,0.194316355,0.271862887
P_05064,,-0.200683701,0.044016895,0.074937099
P_05065,dapF_1,-0.083074084,0.288240425,0.377920933
P_05066,lysA,-0.151541009,0.058298554,0.096142356
P_05067,,0.100419161,0.419882765,0.512703657
P_00506,exbD_1,0.300741615,0.342703307,0.435319672
P_05068,cyaY,0.131839597,0.29877571,0.389433068
P_05069,,-0.682758066,0.003503141,0.007484931
P_05070,rnk,-0.262717328,0.106797139,0.162376864
P_05071,,-0.012843852,0.877390402,0.90368692
P_05072,,0.039372178,0.689180625,0.75755748
P_05073,,0.479296728,4.78433E-05,0.000134595
P_05074,,0.534658202,1.65113E-11,8.16178E-11
P_05075,argH_2,-0.016122117,0.829349999,0.865703828
P_05076,lytR,0.315745116,8.22251E-07,2.81054E-06
P_05077,hemC,-0.552798284,8.78493E-08,3.27807E-07
P_00507,tolQ_1,0.724917399,0.006619941,0.013405732
P_05078,hemD,0.02916054,0.711856842,0.776239106
P_05079,hemX,0.037665327,0.569217356,0.653478377
P_05080,hemY,-0.050105158,0.473981806,0.564621661
P_05081,dsbB_2,-0.844237764,1.36092E-05,4.08275E-05
P_05082,rsd,0.544371631,2.93564E-16,1.93874E-15
P_05083,mip,-0.06093908,0.729960199,0.793567263
P_05084,,0.263228748,0.001114731,0.002591106
P_05085,dauB,0.588723545,0.000150207,0.000395794
P_05086,dauA_1,0.133119772,0.295424709,0.385941818
P_05087,dauR,-0.249116013,0.167694035,0.239580798
P_00508,,0.124467537,0.662840598,0.735364816
P_05088,argT_3,0.285011184,0.034164641,0.05972308
P_05089,bauC_1,0.2653055,0.118921305,0.177592863
P_05090,pgrR_5,0.092992697,0.615726979,0.694235193
P_05091,fhuC,0.303479408,0.343779578,0.436590175
P_05092,iorA_2,0.424324553,2.52894E-07,9.04838E-07
P_05093,iorB_2,0.374601021,6.73721E-08,2.53706E-07
P_05094,adhB_3,0.141102933,0.130969462,0.193106874
P_05095,,-1.753073071,4.76669E-14,2.79714E-13
P_05096,,0.026565619,0.748446968,0.807090783
P_05097,,0.725662854,5.99567E-18,4.38333E-17
P_00509,cysL_1,0.716798933,8.72483E-08,3.25988E-07
P_05098,,1.05225389,8.35634E-29,9.61063E-28
P_05099,,1.529892608,2.03439E-64,6.11276E-63
P_05100,nucA,1.139775499,8.90407E-55,2.12919E-53
P_05101,,0.506983203,0.003864048,0.008170882
P_05102,,0.63216628,0.207798634,0.287640222
P_05103,,-0.072613493,0.610189197,0.689345631
P_05104,,0.627302337,5.84021E-05,0.000162546
P_05105,gsiB_2,0.502854055,1.06878E-11,5.34295E-11
P_05106,clpP_2,0.270679379,0.040817272,0.070050935
P_05107,,-0.031568197,0.760362057,0.815800681
P_00510,yycB_1,0.283651822,0.19035903,0.267369181
P_05108,,-0.548163329,0.043804263,0.074597229
P_05109,,-0.61852411,1.07744E-07,3.97646E-07
P_05110,cspA_3,0.095619072,0.247377574,0.332950258
P_05111,gcvT_2,-0.260020881,0.007407094,0.01490961
P_05112,sdaB,0.19142742,0.03533619,0.061546098
P_05113,gcvP,0.205997272,0.003051832,0.00659182
P_05114,gcvH_2,-0.392676234,0.234396132,0.318541179
P_05115,tyrR_2,-0.003629895,0.967512479,0.976187432
P_05116,,0.444975551,2.19796E-07,7.89861E-07
P_05117,arcC2,-1.956063666,5.52356E-56,1.35469E-54
P_00511,btuB_1,0.298978464,0.061722695,0.101034383
P_05118,arcB,-1.630064459,6.47657E-64,1.93589E-62
P_05119,arcA,-1.58959818,6.84409E-91,3.11732E-89
P_05120,arcD_1,-1.675886852,3.7753E-71,1.2745E-69
P_05121,arcD_2,-0.308088554,0.002994929,0.006478665
P_05122,alkA,-0.311865226,0.007485724,0.015052758
P_05123,frc,-0.318272483,0.005778355,0.01178464
P_05124,sasA_18,0.461916172,4.46323E-05,0.000126118
P_05125,,0.378908622,0.037791284,0.065523921
P_05126,holA,-1.592124436,1.77512E-20,1.45743E-19
P_05127,lptE,-0.757452059,3.41385E-08,1.31579E-07
P_00512,argP_1,0.275371407,0.196335953,0.274336425
P_05128,leuS,-0.927385604,8.3472E-25,8.18882E-24
P_05129,,1.286549705,2.66986E-09,1.12747E-08
P_05130,,-0.097584881,0.227912637,0.310655981
P_05131,lnt,-0.417266703,0.000431525,0.001068848
P_05132,corC,-0.796160938,3.3685E-14,1.99092E-13
P_05133,ybeY,-0.679040509,1.19349E-07,4.39347E-07
P_05134,ybeZ,-0.247607629,0.000830966,0.001966561
P_05135,miaB,-0.072041091,0.425591528,0.518075701
P_05136,,0.139703761,0.264215579,0.352062504
P_05137,,0.070526161,0.359043722,0.451995829
P_00513,,0.274776721,0.16098383,0.231029308
P_05138,hemL,-0.163917674,0.103560085,0.158150965
P_05139,thiE_2,0.473678065,4.11296E-07,1.43666E-06
P_05140,thiD,-0.171030457,0.04517393,0.076770264
P_05141,rcsC_19,-0.247285509,0.00063304,0.00153486
P_05142,aidB,1.092977511,8.00617E-52,1.78091E-50
P_05143,sigE,-0.975979202,1.56124E-08,6.15806E-08
P_05144,,0.463941604,2.38044E-09,1.0127E-08
P_05145,hemR,0.215669411,0.049459968,0.083094483
P_05146,,-1.226261669,1.0795E-06,3.63786E-06
P_05147,ybaN_1,-0.057489609,0.755033892,0.812057628
P_00514,,0.102999064,0.847984541,0.880033143
P_05148,mcpU_2,0.390110488,1.97695E-06,6.47957E-06
P_05149,ydjA,-0.202766266,0.024473563,0.044335157
P_05150,,-1.019388357,1.67021E-18,1.24323E-17
P_05151,,-0.842140315,1.80333E-14,1.0894E-13
P_05152,,-1.035342241,3.18614E-22,2.81312E-21
P_05153,,0.232471943,0.00032213,0.000814765
P_05154,inaA,-0.342584676,0.005259528,0.010846005
P_05155,ubiE_4,-0.106007088,0.361210325,0.454402905
P_05156,sasA_19,0.022895416,0.818829501,0.858156046
P_05157,czcR_5,-0.008843057,0.942268893,0.956060293
P_00051,,1.148616057,2.45563E-62,7.15373E-61
P_00515,,0.344592936,0.053064309,0.088296918
P_05158,mdoB_2,-0.112058175,0.205567091,0.285377246
P_05159,lpxT_2,0.001699936,0.994270828,0.996006333
P_05160,infA,-0.278003205,0.012534934,0.024205245
P_05161,bpt,1.014837058,3.13608E-46,6.12176E-45
P_05162,aat,-0.034943113,0.751388909,0.809198903
P_05163,ftsK,-0.124943553,0.076174115,0.120882168
P_05164,lolA_2,-0.373243695,0.00171331,0.003843896
P_05165,rarA,-0.886622123,6.84711E-17,4.74012E-16
P_05166,crcB_2,-1.136662423,5.79854E-11,2.75707E-10
P_05167,serS,-0.785351226,3.64628E-15,2.29201E-14
P_00516,topB_1,0.076363563,0.6051595,0.684876824
P_05168,cysG_2,-1.014089618,7.28135E-30,8.70577E-29
P_05169,yqjG,0.56861103,7.76677E-07,2.65952E-06
P_05170,trpD_3,-0.572896969,1.50652E-06,5.00632E-06
P_05171,tusE,-0.4722202,0.040684674,0.069886065
P_05172,tusB,-0.319242173,0.115114037,0.172882589
P_05173,dsrF,0.10237244,0.432051695,0.524191772
P_05174,dsrE,0.342828286,0.000543058,0.001327346
P_05175,yfdE_2,1.176013635,2.67084E-54,6.23086E-53
P_05176,sprT,0.046583904,0.611161142,0.689900432
P_05177,yohC,0.87593686,1.45664E-40,2.48799E-39
P_00517,,0.549869795,0.137889046,0.202183248
P_05178,ttcA,0.031877308,0.769792937,0.823302584
P_05179,,-0.424515754,0.000333504,0.000841679
P_05180,rapA_4,-0.087790808,0.258682641,0.345975221
P_05181,,0.592852804,1.73081E-11,8.54093E-11
P_05182,sufS_2,-0.028039879,0.8411979,0.874888501
P_05183,,-0.233063327,0.587687896,0.669859153
P_05184,gcvA_6,0.189671791,0.207235202,0.287137331
P_05185,,0.235344556,0.198135577,0.276599386
P_05186,,-0.024943322,0.939985922,0.953948578
P_05187,,0.109003217,0.369389039,0.462966519
P_00518,,0.11345112,0.240597759,0.325128923
P_05188,,0.385226306,0.001491671,0.003386353
P_05189,,0.174947541,0.152219144,0.220157678
P_05190,draG_1,0.037968685,0.779373658,0.829376122
P_05191,,-0.340427071,0.023544621,0.042907784
P_05192,rbsK_2,-0.216341424,0.22498602,0.307867137
P_05193,,0.637416196,4.60915E-19,3.57458E-18
P_05194,,0.75443687,1.44468E-21,1.24303E-20
P_05195,,0.724582794,8.73089E-17,5.96507E-16
P_05196,,1.015854615,4.3345E-16,2.84294E-15
P_05197,,-0.082328862,0.458963661,0.549337335
P_00519,,0.058559469,0.856184363,0.885996762
P_05198,ycdF,0.25605189,0.020208424,0.037399595
P_05199,araF_2,0.315576896,0.000535784,0.001311243
P_05200,,-0.909301382,0.013531128,0.02597162
P_05201,,0.691235751,0.349321247,0.442151294
P_05202,,0.079999648,0.609130708,0.688420862
P_05203,,0.138754714,0.268155211,0.356649538
P_05204,,0.464195965,0.003986479,0.008408087
P_05205,chpB,-0.102040457,0.413622372,0.506352131
P_05206,chpS,0.341934336,0.003968259,0.008375814
P_05207,,0.428666045,0.000208531,0.000539809
P_00520,,0.50001367,0.227845002,0.310655981
P_05208,,0.24912351,0.015819566,0.029992894
P_05209,umuC_3,-0.060364365,0.628428705,0.7049555
P_05210,,-0.62837423,0.005011343,0.010377949
P_05211,rep_5,-0.364883973,2.41251E-06,7.81785E-06
P_05212,recF_5,-0.216266843,0.005101335,0.010557721
P_05213,,-0.698419298,0.002793606,0.006079826
P_05214,,-0.342861905,0.000649286,0.001569609
P_05215,,-0.706682285,4.76032E-06,1.50355E-05
P_05216,,-0.81935228,1.95342E-16,1.30966E-15
P_05217,,0.441345337,0.056017228,0.092800548
P_00521,,0.307950613,0.4766906,0.567329176
P_05218,,-0.109775037,0.514635865,0.603986755
P_05219,mshD_3,-0.479946684,0.000121617,0.000323131
P_05220,,-2.568637742,1.4386E-103,7.5746E-102
P_05221,,0.25717604,0.228162381,0.31077493
P_05222,aroQ_2,0.311545916,0.026463247,0.047445353
P_05223,proP_9,0.298812235,0.0002982,0.000757914
P_05224,afr,0.007040198,0.972450306,0.979447579
P_05225,dmlR_17,0.104889303,0.25137832,0.337296506
P_05226,dmlR_18,0.161556926,0.234579506,0.318714911
P_05227,ydhP_3,0.75006649,1.32565E-07,4.83349E-07
P_00522,,0.664202372,3.12873E-19,2.44296E-18
P_05228,,0.541005282,2.35979E-12,1.23905E-11
P_05229,cbs,-0.06606012,0.370432551,0.463970408
P_05230,metC,-0.015065984,0.834340243,0.869489496
P_05231,,0.227305951,0.001890675,0.004212182
P_05232,rutB_2,0.190577512,0.117780791,0.176302545
P_05233,rppH_5,-0.727255566,7.76976E-05,0.000212033
P_05234,,-0.146438014,0.281439907,0.371094532
P_05235,,0.470376937,1.29773E-12,6.94746E-12
P_05236,tkt,0.394729903,6.46235E-10,2.83543E-09
P_05237,uvrA_2,-0.137950518,0.080373827,0.126860669
P_00523,,0.695670877,0.174036594,0.247287946
P_05238,rcsC_20,0.265779728,0.000723415,0.001728426
P_05239,dnaE2,0.150952405,0.099439467,0.15250751
P_05240,imuB,0.122213525,0.355190667,0.448304209
P_05241,sulA_2,0.586905687,2.79072E-08,1.07997E-07
P_05242,lexA_2,0.367858044,4.61239E-05,0.000130076
P_05243,nudK,0.151592514,0.139415154,0.204264378
P_05244,menH_4,-0.123526438,0.312655503,0.403764611
P_05245,lldD_4,0.132905887,0.144586873,0.210765574
P_05246,glpR_2,-1.006887899,1.14368E-07,4.21471E-07
P_05247,pepN,-0.288615776,0.000112466,0.000300626
P_00524,,0.559740275,0.407791556,0.50049524
P_05248,,-0.716920437,9.82636E-09,3.9326E-08
P_05249,,-0.302904494,0.034711341,0.060549661
P_05250,glpG,-0.526006289,2.93864E-07,1.04426E-06
P_05251,apaH_2,-0.338512835,0.000518945,0.001272202
P_05252,nadK,-0.27402944,0.003182792,0.006846344
P_05253,,-0.427892174,4.91851E-05,0.000138166
P_05254,,-1.273978387,1.34693E-17,9.66253E-17
P_05255,,-1.122394843,9.29375E-22,8.04477E-21
P_05256,cobN,-0.990528362,2.48035E-38,3.91064E-37
P_05257,,-0.670059487,3.31447E-14,1.961E-13
P_00052,,0.831932019,1.61212E-27,1.76228E-26
P_00525,,0.58385277,0.163659839,0.234576378
P_05258,,0.19895566,0.016684024,0.031496584
P_05259,,0.010745094,0.898077498,0.920862384
P_05260,cbiG,-0.581141901,2.74374E-07,9.78641E-07
P_05261,cobM,-0.60792876,5.35573E-06,1.68327E-05
P_05262,hemE,-0.036958052,0.687040145,0.756218525
P_05263,gltD,0.02370741,0.787815121,0.83510731
P_05264,gltB,0.010877454,0.873019589,0.900477969
P_05265,damX,-0.357289923,3.45472E-06,1.10386E-05
P_05266,aroB,-0.707409451,2.11485E-21,1.80612E-20
P_05267,aroK,-0.370447336,9.97728E-05,0.000268951
P_00526,,0.281173572,0.415453538,0.508160242
P_05268,pilQ,0.159296583,0.329364122,0.421246494
P_05269,,-1.457469757,3.82802E-17,2.67588E-16
P_05270,,-0.087593828,0.410175092,0.502793741
P_05271,,0.610045239,2.3847E-08,9.29109E-08
P_05272,mrcA,-0.234398531,0.003110519,0.006708481
P_05273,ycaD_3,0.322188322,1.05609E-05,3.21191E-05
P_05274,ycgR,0.0958214,0.184609841,0.260377458
P_05275,,0.479992933,2.40132E-09,1.02007E-08
P_05276,,0.801900859,2.77369E-35,3.97955E-34
P_05277,,0.343043688,2.05695E-05,6.03519E-05
P_00527,,-0.732651905,0.176657942,0.250454529
P_05278,cheV_3,0.421616783,3.40941E-09,1.42926E-08
P_05279,cheR2,-0.264246836,0.004164382,0.008751149
P_05280,flgB,0.056294043,0.535352392,0.623581769
P_05281,flgC,-0.221316356,0.042152682,0.0720841
P_05282,flgD,-0.159298503,0.085905532,0.134372267
P_05283,flgE,0.014593,0.847431842,0.879777739
P_05284,,0.412816274,0.060083773,0.098632944
P_05285,,0.325107372,7.33438E-06,2.26911E-05
P_05286,rstA_1,-0.185690321,0.109324413,0.165500608
P_05287,sasA_20,-0.312616579,0.015227166,0.028927494
P_00528,,0.29127738,0.040046102,0.068974963
P_05288,opuE,0.708118588,1.10722E-13,6.36067E-13
P_05289,gbuA,0.551102012,9.38982E-12,4.71875E-11
P_05290,cmpR_5,0.296475866,0.01888821,0.035171783
P_05291,,-0.598420452,0.017104473,0.03218445
P_05292,cysM,-0.441889592,1.29899E-05,3.91333E-05
P_05293,rlmD,-0.075407309,0.332036868,0.42402305
P_05294,relA,0.44143734,3.01139E-12,1.56685E-11
P_05295,mazG,-0.090570033,0.505643421,0.595625532
P_05296,,0.224813195,0.086348717,0.134972702
P_05297,iutA,-0.592573112,6.31814E-13,3.45661E-12
P_00529,,0.229161504,0.004801259,0.009976258
P_05298,mdtG_2,-1.565145174,8.418E-30,1.00438E-28
P_05299,,-1.540997673,4.02605E-48,8.19344E-47
P_05300,,0.086461759,0.35394977,0.447032951
P_05301,sotB_1,-0.427590101,0.000758499,0.001806984
P_05302,,0.194671957,0.019869793,0.036844182
P_05303,,2.09628606,1.47006E-61,4.156E-60
P_05304,nimR_3,0.272479319,0.070353912,0.112940168
P_05305,,-1.160687392,6.466E-05,0.000178406
P_05306,,0.251840736,0.000415173,0.001031016
P_05307,gshA_2,0.13043218,0.105977704,0.161327864
P_00530,,0.075463508,0.347598313,0.440562438
P_05308,prmC_3,0.644327478,6.89835E-20,5.52157E-19
P_05309,,0.7140607,8.70944E-29,9.99669E-28
P_05310,relE2,-0.07477308,0.562302777,0.647873045
P_05311,,0.844586304,8.14717E-21,6.80591E-20
P_05312,,0.379539186,1.98092E-08,7.77599E-08
P_05313,,0.373777925,0.000828287,0.001962651
P_05314,sugB_2,0.108347885,0.366750872,0.460263122
P_05315,araP,-1.374999243,2.76513E-17,1.94474E-16
P_05316,sugC,-1.181222586,4.98285E-15,3.10495E-14
P_05317,ugpC_2,-2.611506828,1.93134E-55,4.65713E-54
P_00531,,-0.666776056,0.000641938,0.001553155
P_05318,hpd,1.18735065,1.66328E-51,3.6295E-50
P_05319,,0.383972942,0.000681654,0.001636826
P_05320,rarD_2,0.078145542,0.40720383,0.500201793
P_05321,gpr_2,-0.009366398,0.919584987,0.937222206
P_05322,dmlR_19,0.267166192,0.109050537,0.165207252
P_05323,fabG_8,0.338969557,0.196371151,0.274336425
P_05324,nicT_2,0.366038865,0.000976635,0.002291458
P_05325,cdaR,0.213550062,0.049500918,0.083138943
P_05326,garK,0.133114019,0.22067915,0.302767785
P_05327,,-0.112858361,0.566204596,0.650931125
P_00532,rhaR_1,0.149276398,0.140051618,0.204987563
P_05328,,0.769259861,0.002892652,0.006273972
P_05329,,0.242369144,0.314999438,0.406060597
P_05330,,0.359397123,0.009897784,0.019486581
P_05331,aaaT,0.151684028,0.182855625,0.258284132
P_05332,hisC_5,0.204691613,0.202570897,0.281694785
P_05333,,0.077230635,0.779309195,0.829376122
P_05334,,-0.176501981,0.122508421,0.182132681
P_05335,,-0.735043489,0.008421089,0.016792435
P_05336,ampR_2,0.044289504,0.821736161,0.860416681
P_05337,ampC,0.037803996,0.80370777,0.846833145
P_00533,,0.010448921,0.989484599,0.993118593
P_05338,pnuC,0.046182442,0.766866373,0.821124974
P_05339,,-0.713312044,0.000244511,0.000627572
P_05340,rstB,-0.589905968,3.18305E-08,1.22931E-07
P_05341,rstA_2,-0.483249159,0.000289893,0.000737128
P_05342,,0.067068874,0.515748486,0.605132485
P_05343,,-0.586788892,5.655E-05,0.000157774
P_05344,uspE,1.025626219,1.92573E-44,3.57663E-43
P_05345,,0.138469061,0.155404246,0.224199339
P_05346,acnB,-0.470146018,1.79821E-11,8.86591E-11
P_05347,ycaC_3,-0.449672472,9.05426E-09,3.63374E-08
P_00534,,0.0557385,0.901133009,0.923500418
P_05348,hdfR_5,0.204339715,0.049901128,0.083737594
P_05349,ibpB,-0.293549071,5.94367E-05,0.000165265
P_05350,,0.395997159,0.001422121,0.003242572
P_05351,,0.215634157,0.003213693,0.006907635
P_05352,rhaS_9,0.743141569,8.47449E-09,3.42019E-08
P_05353,yveA,1.640210502,1.54435E-17,1.10374E-16
P_05354,,1.026665991,0.000691508,0.001657019
P_05355,dapA_3,0.958445685,1.83149E-05,5.40409E-05
P_05356,,0.235965647,0.110944285,0.167510984
P_05357,dadA1_3,-0.109126576,0.47056362,0.561681493
P_00053,,-0.369268971,0.043761729,0.074546916
P_00535,,0.263470657,0.473736706,0.564529683
P_05358,draG_2,-0.118260835,0.272400744,0.361041078
P_05359,cdhR_13,-0.053389075,0.597134329,0.678470384
P_05360,,-0.050978868,0.558796092,0.644868444
P_05361,purN_2,-0.199539393,0.090698891,0.141024366
P_05362,purM,-0.109674201,0.201309886,0.280348807
P_05363,,0.081446483,0.280652559,0.370267824
P_05364,,0.035599089,0.649415692,0.724391965
P_05365,hda,-0.294898552,0.00028755,0.000731493
P_05366,mepS,-0.558187595,3.39855E-13,1.88812E-12
P_05367,,-1.853931798,4.02327E-96,1.97346E-94
P_00536,,0.283818838,0.511290635,0.600797902
P_05368,,0.452500509,2.70998E-10,1.22848E-09
P_05369,cobO_2,-0.984668089,1.52091E-11,7.53107E-11
P_05370,cbiA,-0.40391497,0.000834674,0.001974524
P_05371,bluB,-1.269289402,2.17919E-11,1.06892E-10
P_05372,cobD,-0.326028313,0.003222792,0.006924598
P_05373,hisC_6,-0.517043624,3.45091E-07,1.21576E-06
P_05374,cobQ,0.140719737,0.096153662,0.148340286
P_05375,livF_3,0.063347261,0.569846672,0.653939222
P_05376,lptB_4,-0.07345978,0.5932431,0.674717034
P_05377,,-0.208406075,0.06930907,0.111490843
P_00537,,-0.473659582,0.078158695,0.123772834
P_05378,livH_2,-0.387102225,0.010409389,0.02040283
P_05379,braC_2,0.993415038,5.39969E-45,1.01937E-43
P_05380,,-0.51362677,0.024081784,0.04370821
P_05381,,0.060471407,0.474208361,0.564739943
P_05382,,0.693757572,3.92748E-26,4.05392E-25
P_05383,,0.313037483,0.542806572,0.63028202
P_05384,sotB_2,-0.099856224,0.410631987,0.503228054
P_05385,,0.047002975,0.575590658,0.659344268
P_05386,,-0.453714119,0.00770955,0.015459505
P_05387,,-0.203436697,0.040473449,0.069627436
P_00538,,-0.379423801,0.064427889,0.104715846
P_05388,rsbQ,-0.335494288,0.003798082,0.008052157
P_05389,sasA_21,-0.470368513,4.29177E-05,0.000121594
P_05390,dapF_2,0.397070284,0.000156559,0.000411021
P_05391,cysC,0.720081195,1.96706E-14,1.18706E-13
P_05392,,0.347959652,8.33174E-05,0.000226615
P_05393,fabG_9,0.317987718,6.3858E-05,0.000176447
P_05394,pld1,0.052884521,0.593876356,0.67530343
P_05395,hcaR_3,-0.171088639,0.329983551,0.421682387
P_05396,puuB_6,0.365926002,0.001554177,0.003514351
P_05397,spuE_2,0.528287389,0.000426586,0.001057072
P_00539,,0.0516546,0.823024514,0.860666488
P_05398,puuA_5,0.2425015,0.172515427,0.245308731
P_05399,rhaS_10,0.344322921,1.36633E-05,4.09521E-05
P_05400,,0.310288969,2.57297E-05,7.45019E-05
P_05401,,-0.397182583,0.0010415,0.002435685
P_05402,sstT,-0.924785016,1.00737E-19,8.02956E-19
P_05403,pbuE,0.140180705,0.273743034,0.362568953
P_05404,nhaR,-0.03962722,0.790416502,0.837246273
P_05405,,0.761032477,1.29146E-07,4.72384E-07
P_05406,,0.507938798,6.95442E-08,2.61543E-07
P_05407,selD,0.064312888,0.422972946,0.515587864
P_00540,,-0.095295035,0.710181596,0.774854026
P_05408,selU,-0.323282796,0.002649851,0.005777923
P_05409,,-0.141642105,0.192130318,0.269461362
P_05410,,0.371005308,8.71475E-05,0.000236473
P_05411,yfcG_2,-0.026573309,0.812852449,0.853909641
P_05412,phzF,-0.29538537,0.014960229,0.028448229
P_05413,hemB_2,0.275084594,0.001592738,0.003587412
P_05414,,0.285427457,0.656277004,0.730200412
P_05415,,0.707423081,0.034404854,0.060069808
P_05416,,-0.670037281,0.34618315,0.439177508
P_05417,uup,-0.148487478,0.064957182,0.105419211
P_00541,,0.343647921,0.000105056,0.000281606
P_05418,slt,-0.534197009,4.86697E-10,2.15854E-09
P_05419,msbA_2,-0.209359964,0.083759478,0.131409416
P_05420,,1.608835402,3.0732E-154,2.6324E-152
P_05421,pdxB,0.383625744,1.61623E-06,5.35539E-06
P_05422,norM,0.098679409,0.516776557,0.606003404
P_05423,tusA_2,0.422185099,0.000673936,0.001619648
P_05424,rlmM,-0.047862462,0.642107701,0.717635072
P_05425,acnA,0.625061718,4.49072E-23,4.12356E-22
P_05426,aam,0.066730032,0.752522471,0.809963702
P_05427,hyuC_3,-2.676361595,2.15058E-39,3.5063E-38
P_00542,,-0.557353537,0.224267182,0.307103163
P_05428,lutR_8,-1.824074101,1.49931E-53,3.46956E-52
P_05429,,-1.036869472,3.63519E-07,1.27521E-06
P_05430,oprM_5,-0.75073722,1.82732E-11,9.0017E-11
P_05431,macB_2,-2.219044641,1.11414E-72,3.85183E-71
P_05432,macA_3,-2.987275125,4.2586E-115,2.6565E-113
P_05433,fecI_9,-0.398397611,0.002345504,0.00513969
P_05434,pvdA,-5.258872606,4.4097E-145,3.4199E-143
P_05435,,-0.576701395,2.52736E-06,8.17616E-06
P_05436,,-0.073204326,0.694225424,0.761862888
P_05437,qorA_2,0.615180129,1.02961E-14,6.31298E-14
P_00543,tyrC,-0.127835842,0.357414892,0.450616007
P_05438,hemF,0.01094685,0.923666101,0.940546443
P_05439,aroE_3,0.022502119,0.841138015,0.874888501
P_05440,dauA_2,-0.225765101,0.115674226,0.173556702
P_05441,,-0.510185378,9.99039E-05,0.000269178
P_05442,betC,-1.031950617,7.46516E-16,4.85743E-15
P_05443,perR,0.334985645,0.048488239,0.081725112
P_05444,,-0.393781933,0.032211637,0.056723714
P_05445,dgoK1,0.366677844,0.000791804,0.001883982
P_05446,dgoA,0.455657399,4.75113E-05,0.000133857
P_05447,dgoD,0.603721097,8.47472E-11,3.98986E-10
P_00544,slyA_1,0.347226695,0.00063738,0.00154408
P_05448,dgoT,0.261154858,0.005632619,0.011544857
P_05449,rcsC_21,0.121175587,0.147739017,0.21447121
P_05450,ybaN_2,-0.477688816,0.051725566,0.086344684
P_05451,,0.134035387,0.100328415,0.153665539
P_05452,recQ,-0.13697019,0.080912362,0.127570343
P_05453,slyA_5,0.481366935,5.17303E-09,2.12361E-08
P_05454,bamA_2,-0.683647264,9.80738E-10,4.25753E-09
P_05455,,-0.204330881,0.289995515,0.379973575
P_05456,,0.095452462,0.521657054,0.610603678
P_05457,rhaR_6,0.474168961,9.94604E-07,3.36956E-06
P_00054,,-0.307779456,0.379082313,0.472227782
P_00545,accD5,-0.144922754,0.315110006,0.406111908
P_05458,lpxH_2,0.224781009,0.205838113,0.285610137
P_05459,gatA_4,0.211764578,0.00998171,0.019624882
P_05460,,-0.411562279,0.000183261,0.00047828
P_05461,fsr,-0.157567307,0.097409801,0.149995934
P_05462,nimR_4,-0.223555567,0.076933228,0.121966795
P_05463,nepI_3,0.42164358,0.027461379,0.049020484
P_05464,,0.222465512,0.13623,0.200057311
P_05465,rhaS_11,0.409509649,3.59781E-05,0.000102777
P_05466,,-0.109370145,0.430628571,0.52314792
P_05467,proP_10,0.118924787,0.093576756,0.144910146
P_00546,mvaA,-0.159076242,0.303229076,0.393673476
P_05468,,-0.546495886,0.000518525,0.001271716
P_05469,exuT_2,0.44762269,0.005194625,0.010727582
P_05470,ybiT,-0.309497426,0.000641253,0.001552806
P_05471,,0.02013315,0.842240351,0.875767709
P_05472,cmoB_2,0.194403139,0.039698839,0.068479602
P_05473,,-0.236016708,0.237676579,0.322296859
P_05474,wzzE,-0.679415387,2.69972E-16,1.78704E-15
P_05475,,0.348695189,1.51665E-05,4.52393E-05
P_05476,ligD,0.625074394,3.16099E-23,2.91654E-22
P_05477,ku,0.766264553,2.3381E-27,2.53655E-26
P_00547,accA1_1,-0.176517865,0.149195757,0.216384749
P_05478,,0.760001619,8.09217E-19,6.16746E-18
P_05479,yliI,0.37157678,3.66672E-07,1.28548E-06
P_05480,zapE_2,-0.033232865,0.804958118,0.847487551
P_05481,,0.37644516,0.000450137,0.001112069
P_05482,,-0.474464874,0.277737438,0.367096996
P_05483,fpvA_3,-1.138611186,1.77494E-24,1.72067E-23
P_05484,cptA,-0.661715931,4.00503E-09,1.67041E-08
P_05485,,0.60107892,2.94867E-10,1.33143E-09
P_05486,,-0.058589095,0.372650015,0.466340697
P_05487,zwf_2,-0.433930444,3.49301E-10,1.56125E-09
P_00548,,-0.158983765,0.564464432,0.649972186
P_05488,yigL,-1.113550728,2.34466E-41,4.06525E-40
P_05489,,0.646083735,2.86729E-12,1.49594E-11
P_05490,atoC_4,0.329958846,0.002154661,0.004754172
P_05491,,0.393023965,2.84395E-08,1.09983E-07
P_05492,glpT_2,0.31947865,0.004907391,0.010171006
P_05493,argP_7,0.208468571,0.110546419,0.167042101
P_05494,cysL_2,0.056087903,0.672973172,0.743730605
P_05495,phnW,0.199547863,0.078672956,0.124518503
P_05496,phnX_2,0.375994937,0.15185474,0.21974139
P_05497,yodB,1.199769804,1.98364E-53,4.57193E-52
P_00549,,-0.149799789,0.393038175,0.486970226
P_05498,dcyD_2,0.392023307,0.004735455,0.009853798
P_05499,fadH,0.673476277,2.38622E-13,1.34656E-12
P_05500,,-0.114136528,0.23775178,0.322296859
P_05501,,-0.061437815,0.436133615,0.528164342
P_05502,,0.090905232,0.711497606,0.775994824
P_05503,,0.037497703,0.856201397,0.885996762
P_05504,pyrD,-0.397509472,4.63806E-07,1.61418E-06
P_05505,rlmL_2,0.297309976,5.26597E-05,0.00014735
P_05506,,-0.462277509,7.50177E-09,3.04906E-08
P_05507,,-0.596065944,1.24463E-08,4.94663E-08
P_00550,,0.000705378,0.992883624,0.995151536
P_05508,,-0.146855062,0.038452615,0.066549926
P_05509,ydcO,0.263658195,0.032270504,0.056809946
P_05510,,0.709271707,0.002370839,0.005191242
P_05511,nanR_2,0.228404496,0.000814802,0.001934691
P_05512,metH,-0.683471844,2.2673E-24,2.1869E-23
P_05513,,-0.588042419,2.50979E-07,8.98544E-07
P_05514,,0.040287519,0.643286386,0.718812416
P_05515,,0.393262421,9.06206E-09,3.63432E-08
P_05516,nfuA,0.74673471,4.23478E-33,5.67836E-32
P_05517,fatA,-0.180583644,0.194272525,0.271862887
P_00551,,-0.354195585,0.435912836,0.528008393
P_05518,ydhC_2,0.271888623,0.276934103,0.3661521
P_05519,nimR_5,-0.362917154,0.014714822,0.028027999
P_05520,,-0.090735162,0.499414871,0.590105404
P_05521,,0.307230447,2.04281E-06,6.67255E-06
P_05522,,0.561526249,5.22114E-06,1.64277E-05
P_05523,mdtA_8,0.387587257,0.008106001,0.016209177
P_05524,cnrA,0.316267716,0.028218613,0.050309605
P_05525,,-1.873241101,0.514284828,0.603821732
P_05526,kgtP_2,0.205731592,0.372186817,0.465964255
P_05527,,0.936155316,1.57908E-17,1.12576E-16
P_00552,mhpA,-0.114699415,0.359060635,0.451995829
P_05528,,0.781286339,8.53655E-17,5.83925E-16
P_05529,,-0.20065803,0.262580429,0.350208943
P_05530,,0.539662502,0.000172125,0.000450035
P_05531,rhaS_12,0.294091518,0.017280863,0.0324844
P_05532,,0.97127809,3.18229E-31,3.97025E-30
P_05533,sasA_22,-1.022690588,1.3429E-15,8.61109E-15
P_05534,ompR_5,-0.188294835,0.05079611,0.085040511
P_05535,glk,-0.359525397,1.55105E-05,4.61934E-05
P_05536,edd,-0.93063758,1.58619E-29,1.87694E-28
P_05537,gapA,-0.748266319,1.82827E-25,1.83434E-24
P_00553,,-0.122446073,0.349391204,0.442151294
P_05538,,-0.423337171,1.77275E-06,5.8336E-06
P_05539,dgcN,-0.270534852,0.003494621,0.007469509
P_05540,,0.160238455,0.052537676,0.087547538
P_05541,recD,-0.332124932,0.001087101,0.002533037
P_05542,recB,-0.263070499,0.000734664,0.001753841
P_05543,recC,-0.176721251,0.029135784,0.051799957
P_05544,smc_4,0.180364625,0.028894215,0.051400317
P_05545,,-0.244812462,0.437791602,0.529809129
P_05546,,-0.599039646,0.007041979,0.014220238
P_05547,,0.385074015,0.008570839,0.017061411
P_00554,aroH_1,-0.174032414,0.170129585,0.242577314
P_05548,,-0.011178721,0.885873933,0.910300895
P_05549,,-0.375924406,1.11567E-06,3.74872E-06
P_05550,,0.625456778,2.77898E-18,2.05259E-17
P_05551,,0.479134025,0.058473376,0.096347604
P_05552,yhjX,0.347648754,0.003485566,0.00745293
P_05553,,0.429140561,2.81948E-06,9.06499E-06
P_05554,cobS,-0.18153323,0.270159262,0.358528916
P_05555,cobC,-1.922815687,1.0422E-08,4.16518E-08
P_05556,cobT,-1.380558397,2.12257E-19,1.66413E-18
P_05557,cobP,-0.904201139,7.11109E-05,0.000195172
P_00055,,-0.173181401,0.669948138,0.741432565
P_00555,,0.187125191,0.040764625,0.069981508
P_05558,,-1.221573176,3.84193E-28,4.3318E-27
P_05559,yabJ_5,-1.160685846,1.32452E-17,9.51365E-17
P_05560,spoT,-0.753167838,1.13016E-22,1.01502E-21
P_05561,rpoZ,0.243132794,0.005658853,0.011590348
P_05562,gmk,0.048349807,0.693275993,0.761225436
P_05563,,-0.441347693,0.00043678,0.001080932
P_05564,rph,0.347039847,9.41238E-07,3.19631E-06
P_05565,,0.074752638,0.373627469,0.466952972
P_05566,exoA,-0.071413514,0.321574276,0.412959224
P_05567,pyrE,0.210507822,0.014312361,0.027339535
P_00556,fabG_1,0.156601429,0.068621821,0.110530629
P_05568,argB,0.03495099,0.622721609,0.70060759
P_05569,algC,-0.031383378,0.681983177,0.752094822
P_05570,,0.142187592,0.227944299,0.310655981
P_05571,araG_3,0.414018419,0.044102432,0.075038203
P_05572,rbsC_5,0.321269846,0.00304556,0.006580749
P_05573,kdgR_3,-0.142290875,0.193270163,0.270907942
P_05574,adhc1,0.281907388,0.052769089,0.087882124
P_05575,rhaS_13,0.497056842,1.17716E-06,3.94841E-06
P_05576,,-0.182598345,0.023824864,0.043296673
P_05577,etfB_2,-0.507099908,7.07177E-09,2.8804E-08
P_00557,nanT_1,0.237820547,0.064761425,0.105168596
P_05578,etfA_2,-0.284785167,5.1948E-05,0.000145571
P_05579,,-0.785301021,1.16767E-05,3.53441E-05
P_05580,,-0.554740596,0.01019511,0.02001017
P_05581,,-0.588192802,4.95708E-06,1.56397E-05
P_05582,btuB_8,0.135738285,0.374028736,0.467250962
P_05583,,0.173524133,0.523790122,0.612351092
P_05584,tcyC,0.66197173,0.00419215,0.008796618
P_05585,,0.449151378,0.11622311,0.174198075
P_05586,rebO,0.320591506,0.021876173,0.040136623
P_05587,,0.149045359,0.482783458,0.573759647
P_00558,,0.548649951,0.136739432,0.200702711
P_05588,,0.685141358,5.45829E-15,3.39384E-14
P_05589,,0.018214067,0.892163684,0.915944076
P_05590,hel,-0.157726178,0.348503183,0.441454693
P_05591,,-0.050823027,0.874319682,0.901656902
P_05592,,-1.192610008,1.02258E-09,4.43247E-09
P_05593,,-0.850269753,3.77226E-07,1.32006E-06
P_05594,phoP_2,0.005340874,0.948949367,0.961005896
P_05595,phoQ,-0.786378726,2.65619E-11,1.29845E-10
P_05596,,-0.544992721,2.47422E-07,8.86364E-07
P_05597,,-0.497543178,0.003521343,0.007521023
P_00559,hupB_1,0.027913724,0.775238156,0.826968732
P_05598,,0.624096996,8.30944E-07,2.83856E-06
P_05599,dmlR_20,-0.035297812,0.756307451,0.81266588
P_05600,,-0.171749755,0.641949852,0.717598402
P_05601,,0.096141479,0.494555171,0.585967429
P_05602,,0.253920125,0.485591609,0.576382677
P_05603,,0.48889204,0.198955433,0.27767637
P_05604,tdh_2,1.097069369,6.13434E-10,2.70184E-09
P_05605,,0.835281095,0.034201672,0.059763959
P_05606,nimR_6,0.202913061,0.039419578,0.068038785
P_05607,,0.238845646,0.183689678,0.259270798
P_00560,,-0.037508331,0.777048102,0.827848784
P_05608,,0.261192403,0.521333458,0.610349392
P_05609,dmlR_21,0.309847382,0.087872844,0.137172813
P_05610,mntH,-0.612586146,2.43801E-06,7.89155E-06
P_05611,,-0.633891667,1.11251E-10,5.1908E-10
P_05612,,0.269456235,0.520225769,0.609425533
P_05613,rhaS_14,-0.086375122,0.494675192,0.585967429
P_05614,,-0.325933848,0.000231096,0.000595803
P_05615,,0.374689641,0.000579864,0.001413095
P_05616,,0.220309978,0.035137496,0.061237196
P_05617,ssuB_2,-0.326162865,0.091859017,0.142601723
P_00561,,0.29829852,0.282116556,0.371771967
P_05618,,0.29748281,0.047107599,0.079608513
P_05619,ssuA_4,0.497250623,0.032077815,0.056540104
P_05620,argP_8,0.473874346,0.111744527,0.168630513
P_05621,atsK,0.082932355,0.816088771,0.856065337
P_05622,,0.32294084,0.005747113,0.011733433
P_05623,,-1.158970758,6.64051E-19,5.10172E-18
P_05624,proS,-0.239656242,0.000502256,0.001234452
P_05625,,-0.338112718,0.000398346,0.00099292
P_05626,ogt_2,0.311244985,0.002052706,0.004544939
P_05627,,-1.329287603,1.98432E-32,2.59408E-31
P_00562,,-0.119061409,0.541215902,0.62913471
P_05628,,-0.723914516,4.00767E-15,2.51092E-14
P_05629,,-0.140069606,0.104969334,0.160047557
P_05630,groS,-1.151427822,5.48595E-21,4.6029E-20
P_05631,groL,-0.082839724,0.23631416,0.320824825
P_05632,,0.326051865,4.47208E-06,1.41485E-05
P_05633,,0.341465684,1.48662E-06,4.9488E-06
P_05634,bepC,-0.118553983,0.079096778,0.125051352
P_05635,ltxB,-0.710061124,5.14098E-24,4.90101E-23
P_05636,prsE_3,-0.774095366,2.84824E-21,2.42523E-20
P_05637,nadA,0.663391585,1.21293E-23,1.13742E-22
P_00563,,0.190617749,0.608165246,0.687600541
P_05638,shlB_2,0.390561128,1.0394E-06,3.51304E-06
P_05639,shlA,-1.196048371,1.0222E-38,1.62504E-37
P_05640,,0.194771833,0.417810816,0.510499526
P_05641,emrB_3,-0.228745513,0.021749548,0.03994261
P_05642,,0.030658148,0.744958182,0.80478637
P_05643,,-0.09925639,0.383540117,0.476681093
P_05644,yigZ,-0.886372354,9.3531E-05,0.000252838
P_05645,rutR_3,-0.154388503,0.278012515,0.367375967
P_05646,xanP_2,0.441139831,0.015521942,0.029448074
P_05647,hdfR_6,0.450778768,0.000594977,0.001448079
P_00564,,0.670990392,2.06551E-16,1.37997E-15
P_05648,,2.050835083,3.1261E-178,3.7376E-176
P_05649,bauC_2,2.273145643,5.3677E-172,6.0402E-170
P_05650,dhaL-2,-0.097537747,0.629712324,0.706119388
P_05651,dhaK-2,-0.411684428,0.007729731,0.015494561
P_05652,eltD_2,-0.954645181,9.99081E-10,4.33388E-09
P_05653,golD_2,-0.988342995,0.000115356,0.000307777
P_05654,thpA_3,-0.599848745,9.33311E-05,0.000252416
P_05655,rbsC_6,-0.84579763,1.09E-07,4.02024E-07
P_05656,rbsA_3,-1.109216603,2.68887E-16,1.78192E-15
P_05657,rpiB,-1.491301584,1.9821E-06,6.49274E-06
P_00056,tcpE,-0.075197012,0.828064055,0.864518758
P_00565,,-0.230588799,0.521278451,0.610349392
P_05658,lsrR,-0.282198924,0.003760126,0.007983486
P_05659,prmB,-0.649465354,7.77519E-12,3.9349E-11
P_05660,sttH,0.557986198,2.82054E-11,1.37295E-10
P_05661,,-0.444164471,0.000423379,0.001050486
P_05662,smrA,-0.310752574,0.031575465,0.055740263
P_05663,folE_2,-0.827229897,1.39164E-18,1.04264E-17
P_05664,,0.33484239,0.03370982,0.059017894
P_05665,,0.039148927,0.877368855,0.90368692
P_05666,,0.368159344,0.059459375,0.097719746
P_05667,citN_2,0.246154767,0.30106858,0.391798771
P_00566,traC_1,-0.107481667,0.576200274,0.659910871
P_05668,cynR_6,0.439066915,0.013530869,0.02597162
P_05669,amn,0.560515507,3.55108E-18,2.61277E-17
P_05670,rluE,-0.512368979,6.10234E-07,2.10465E-06
P_05671,,-0.116401639,0.562445049,0.647906893
P_05672,lrp_4,0.194510289,0.101979356,0.155986013
P_05673,,0.125482131,0.125254944,0.185842328
P_05674,fieF,0.144373216,0.160916954,0.231028741
P_05675,,0.568874041,1.14419E-07,4.21471E-07
P_05676,srmB,-0.197571148,0.057203264,0.094444629
P_05677,gltR_6,-0.191291645,0.065378027,0.105981565
P_00567,,-1.221253807,2.09561E-05,6.14548E-05
P_05678,,-0.255146101,0.320147845,0.411587922
P_05679,glpE_4,0.180718334,0.233904511,0.317948363
P_05680,ssuA_5,0.460451753,0.012735609,0.024551448
P_05681,moxC_2,0.107978246,0.446082987,0.537554155
P_05682,ydbM,0.039672735,0.87296084,0.900477969
P_05683,ghrA_2,0.046464811,0.820609385,0.859550513
P_05684,fhuA_7,-1.112993919,7.46342E-59,1.92939E-57
P_05685,degS,0.077141394,0.37805971,0.471056161
P_05686,,-0.089505349,0.328902567,0.420863285
P_05687,cysD,-1.020819346,3.37701E-21,2.86696E-20
P_00568,,0.121476087,0.447105904,0.538384554
P_05688,cysNC,-0.820750513,2.77915E-23,2.56836E-22
P_05689,ghrB_2,-0.1905137,0.104684902,0.159698738
P_05690,dmlR_22,-0.31618443,8.88027E-05,0.000240623
P_05691,oprM_6,-0.25930962,0.358090559,0.451368706
P_05692,aaeB_3,-0.149813069,0.419871749,0.512703657
P_05693,aaeX_2,0.558767099,0.537020801,0.625271328
P_05694,aaeA_2,0.25170058,0.281473166,0.371094532
P_05695,,0.21797679,0.012129703,0.023478033
P_05696,fadA_4,1.699599927,1.69937E-80,6.72598E-79
P_05697,lcfB,1.596395763,1.63457E-67,5.12612E-66
P_00569,lpd,1.250002395,1.06624E-69,3.45715E-68
P_05698,proP_11,0.808054978,1.06108E-22,9.55969E-22
P_05699,,0.274470804,0.032146717,0.056626767
P_05700,cysG_3,0.207372212,0.022167004,0.040579406
P_05701,estB_2,0.2478674,0.01072957,0.020980239
P_05702,,0.180611442,0.306016484,0.396529375
P_05703,,0.054634574,0.787505505,0.834933326
P_05704,sbcD,-0.607469541,0.00050346,0.001236881
P_05705,,-0.763488693,3.0784E-14,1.82699E-13
P_05706,,0.246809681,0.013199532,0.025360601
P_05707,cpxR,-0.120900854,0.214203736,0.294913253
P_00570,pdhC,1.035502736,1.23803E-41,2.1728E-40
P_05708,yciI,-1.075392127,7.75952E-12,3.93044E-11
P_05709,yciB,-1.1859111,8.86276E-17,6.04796E-16
P_05710,yciV,0.549458322,1.77216E-14,1.0717E-13
P_05711,yciO,0.492274106,1.70562E-10,7.84968E-10
P_05712,scpA,-0.076238911,0.433748394,0.525608537
P_05713,scpB,-0.26610135,0.008222438,0.016424841
P_05714,,-0.044116098,0.774779283,0.826769273
P_05715,,0.676622388,6.14842E-26,6.3123E-25
P_05716,,0.518958429,5.1433E-10,2.27407E-09
P_05717,,-0.134289436,0.098162643,0.150963942
P_00571,,1.066544638,4.41128E-25,4.36488E-24
P_05718,,0.109922903,0.380805759,0.474168854
P_05719,gpmA_2,-0.092702515,0.44156785,0.533619265
P_05720,sohB,0.219213148,0.00137161,0.003148667
P_05721,,0.066702316,0.382492697,0.475856403
P_05722,cyoD_2,0.186473901,0.330773185,0.422597353
P_05723,cyoC_2,0.199709986,0.516125406,0.60536352
P_05724,cyoB_2,0.128892741,0.358631305,0.451862081
P_05725,cyoA_2,0.3107202,0.248882074,0.334582858
P_05726,,1.182413717,0.070104973,0.112603538
P_05727,,1.193472859,5.99554E-35,8.49591E-34
P_00572,dxs_1,1.35076499,5.75902E-94,2.7774E-92
P_05728,comM,-0.553635914,3.90649E-05,0.000111207
P_05729,,-0.62624011,2.53717E-06,8.20327E-06
P_05730,gcvA_7,0.059042767,0.804168824,0.846967311
P_05731,mdtK,0.571298485,6.53044E-09,2.6637E-08
P_05732,ndoR,0.316890628,0.000903147,0.002126862
P_05733,fumA,0.314757893,4.43176E-05,0.00012529
P_05734,dctB_3,-0.280544474,0.066240795,0.107086176
P_05735,dctD_5,0.199004282,0.049043461,0.082470837
P_05736,amiD_2,-0.405569856,0.126253232,0.187129985
P_05737,sasA_23,-0.174036836,0.062276564,0.101795842
P_00573,baiA,1.435025036,2.36357E-89,1.05151E-87
P_05738,qseB_2,0.256045474,0.011199,0.021816381
P_05739,dsbD,-0.224142804,0.016355222,0.030916542
P_05740,resA_2,-0.092457875,0.408007917,0.500546694
P_05741,dsbG,-0.816534182,1.72959E-05,5.1192E-05
P_05742,,-0.862372855,1.48719E-11,7.3896E-11
P_05743,purL,-0.623225555,1.41044E-18,1.05397E-17
P_05744,mltF_4,0.204613023,0.004814271,0.009999674
P_05745,sugE,0.091385956,0.344362948,0.437234282
P_05746,panS,-0.12991672,0.530851122,0.619470229
P_05747,rdgC,-0.068719325,0.587025265,0.669766093
P_00574,aroE_1,1.047567295,4.25639E-36,6.27954E-35
P_05752,intA_5,0.166802162,0.244189092,0.329353983
P_05753,,0.273978162,0.183968194,0.259600065
P_05754,,-0.972638527,3.00291E-21,2.55314E-20
P_05755,,-0.757970925,1.50865E-13,8.61506E-13
P_05757,,0.431417913,4.30914E-06,1.36555E-05
P_05758,yheS,-0.502823168,1.59256E-06,5.28002E-06
P_05759,,-0.579604278,0.000147711,0.000389396
P_05760,rhtB_6,0.862002982,3.19467E-26,3.32745E-25
P_05761,,-0.965059856,7.48376E-11,3.52911E-10
P_05762,,-0.814231595,3.41809E-11,1.654E-10
P_00057,,-0.173338586,0.325611829,0.417117475
P_00575,fabG_2,0.40033696,1.36776E-05,4.09686E-05
P_05763,rimO_2,0.6330989,2.08107E-15,1.32116E-14
P_05764,,-0.282316114,0.003843127,0.008132634
P_05765,,-0.082947221,0.484842301,0.575612322
P_05766,,-0.473308503,0.000905374,0.002128759
P_05767,,-0.475791355,1.22464E-05,3.70297E-05
P_05768,polC_4,-0.846594788,0.000203831,0.000529075
P_05769,,0.333283195,0.084077229,0.131871883
P_05770,exbD_5,0.417468635,0.01095867,0.021399049
P_05771,tolQ_4,-0.093349466,0.794174433,0.839522393
P_05772,,0.365253007,0.049045647,0.082470837
P_00576,,0.591096088,9.43994E-12,4.73979E-11
P_05773,dnaB_2,-0.159606715,0.074786376,0.118990578
P_05774,rplI,-0.269399802,5.96933E-05,0.000165898
P_05775,,-0.567620643,1.53274E-14,9.29854E-14
P_05776,rpsR,-0.459278156,0.000143479,0.000378934
P_05777,rpsF,-0.404351042,5.11503E-05,0.000143476
P_05778,rlmB,-0.762341643,2.64116E-25,2.63611E-24
P_05779,rnr,-0.253754044,6.24062E-05,0.000172685
P_05781,sutA,0.665194451,3.03871E-14,1.80529E-13
P_05782,,-0.124188566,0.108590129,0.164606115
P_05783,amtB_3,-0.064163428,0.437347003,0.529410346
P_00577,,-0.184731907,0.340719972,0.433126189
P_05784,glnK,0.304667962,0.000151984,0.000400293
P_05785,,-0.033284135,0.726049173,0.789913973
P_05786,,-1.011820604,1.52239E-42,2.74747E-41
P_05787,,-0.226717726,0.02210117,0.040484715
P_05788,aroP_2,0.287868859,0.027334028,0.048823525
P_05789,,-3.452382479,1.7422E-167,1.7854E-165
P_05790,,-3.843681918,1.1039E-212,1.6244E-210
P_05792,ykfA,-0.13763094,0.108548434,0.164586384
P_05793,,-0.454346027,3.63809E-09,1.52068E-08
P_05794,,0.200056835,0.307669774,0.39822211
P_00578,,0.134389273,0.431925742,0.524174632
P_05795,sotB_3,-0.163650282,0.257604589,0.34469404
P_05796,,0.296676492,0.000805341,0.001913017
P_05797,rutR_4,-0.910510496,2.67242E-10,1.21241E-09
P_05798,pcoC,0.110158803,0.62170519,0.699875654
P_05799,yebZ,-1.004360323,1.04029E-06,3.51396E-06
P_05801,,-0.400094774,5.98063E-05,0.000166051
P_05802,,0.379296356,0.000188213,0.000490311
P_05803,,-0.564607114,0.000114109,0.000304874
P_05805,dinB,-0.282959154,0.018403783,0.034414894
P_05806,,-0.179452941,0.056273003,0.093176793
P_00579,,0.703812374,1.55111E-06,5.15152E-06
P_05807,,-0.281179676,0.001462445,0.003325267
P_05808,,-0.049846056,0.809887748,0.851460971
P_05811,,0.949051027,0.79153305,0.838177171
P_00580,,0.497034471,2.3223E-07,8.32979E-07
P_00581,ycaD_1,0.448437916,2.95636E-05,8.53043E-05
P_00582,,0.335605555,0.048004234,0.081004499
P_00583,proC_1,0.487393078,6.80931E-08,2.56253E-07
P_00584,,0.01534402,0.916459385,0.934866764
P_00058,,-0.600235587,0.207486783,0.28727784
P_00585,proC_2,0.492528853,0.074102635,0.118051607
P_00586,,0.56473142,1.48284E-05,4.43692E-05
P_00587,,-0.048430834,0.7652848,0.820009235
P_00588,lvr,0.540270251,0.001375876,0.003153415
P_00589,benC,0.744092468,3.31362E-12,1.71943E-11
P_00590,cbdB,0.480068253,0.137801516,0.202106542
P_00591,cbdA,0.628482297,5.08654E-07,1.76598E-06
P_00592,rhaS_1,1.157621428,4.14602E-26,4.27181E-25
P_00593,btuD_1,0.457290842,1.89853E-07,6.8483E-07
P_00594,nikA,0.102077041,0.451703703,0.542668526
P_00059,,-0.160908207,0.510311977,0.599893576
P_00595,gsiC_2,0.158764759,0.516886962,0.606009045
P_00596,ddpC_2,-0.442259361,0.212886553,0.293409205
P_00597,gsiA_2,0.39085359,0.017410339,0.032706363
P_00598,,0.332589678,0.006079807,0.012377443
P_00599,,0.096740956,0.88144532,0.906896972
P_00600,nphR,-0.09080207,0.544886767,0.63237718
P_00601,oxd,0.101321372,0.474010657,0.564621661
P_00602,,0.296700836,0.24397656,0.329144682
P_00603,,0.362201631,0.026881677,0.048090382
P_00604,nthA,0.477683846,0.136507218,0.20041313
P_00006,,0.833769661,4.06946E-18,2.99035E-17
P_00060,bfpB,0.092758869,0.564792914,0.650219967
P_00605,nthB,0.248441067,0.471140643,0.562161614
P_00606,yciC_1,-0.027448123,0.901461039,0.923506766
P_00607,,0.084792213,0.623269102,0.700948731
P_00608,acsA_1,0.174953926,0.251701698,0.337503749
P_00609,slmA_1,-0.289883818,0.16600368,0.237461395
P_00610,,-0.036732619,0.725659829,0.789640076
P_00611,dmlR_2,0.374399904,0.000848974,0.002007052
P_00612,bepF_1,0.93249815,1.07386E-06,3.62097E-06
P_00613,oqxB18,0.538559774,4.36278E-06,1.38179E-05
P_00614,oprM_1,0.665680894,8.08115E-05,0.000220008
P_00061,,-0.503194273,0.011125463,0.021687851
P_00615,,0.980658542,0.045362748,0.07704552
P_00616,,-1.826527237,1.19415E-63,3.5326E-62
P_00617,efeU,-3.168658125,2.6962E-251,5.3356E-249
P_00618,efeO_1,-3.018571317,1.1535E-213,1.7421E-211
P_00619,efeB,-2.926059016,1.2972E-121,8.9692E-120
P_00620,efeO_2,-2.232054751,1.30581E-57,3.27251E-56
P_00621,pssA,-0.671101841,1.93189E-12,1.01904E-11
P_00622,nemR_1,0.542327153,0.00311409,0.006713173
P_00623,,0.565234007,1.5894E-05,4.72621E-05
P_00624,yedZ,-0.08655043,0.804760411,0.847434862
P_00062,,-0.694886509,5.03792E-11,2.40938E-10
P_00625,msrP,0.747066632,4.51798E-13,2.49554E-12
P_00626,,-0.432856421,6.28067E-05,0.00017371
P_00627,ilvC,-0.750269416,1.5159E-17,1.08475E-16
P_00628,ilvH,-0.549103237,0.000132621,0.000351066
P_00629,ilvI,0.745027619,0.590412468,0.672364278
P_00630,yqcC,-0.834269181,0.000364546,0.000913194
P_00631,,-0.279286913,0.008901615,0.01767083
P_00632,mrcB,-1.047646825,2.5591E-28,2.89678E-27
P_00633,,-0.219692046,0.005818226,0.011861741
P_00634,,0.885589806,5.87205E-42,1.03373E-40
P_00063,rapA_1,-0.229646388,0.099590145,0.152616246
P_00635,,0.671111635,9.7196E-25,9.5189E-24
P_00636,hmuV,-0.646265814,0.000193447,0.00050349
P_00637,hmuU,-1.643006237,0.001289539,0.002973349
P_00638,hmuT,-1.246024346,7.13792E-24,6.73759E-23
P_00639,,-0.183078246,0.387333032,0.480939912
P_00640,sfsA,-0.499270611,0.000304351,0.000772521
P_00641,aspC_1,0.037195261,0.695846561,0.762839238
P_00642,dksA_1,0.616140494,7.41631E-17,5.10951E-16
P_00643,gluQ,-0.195994397,0.114254391,0.171785682
P_00644,,0.153348229,0.555097091,0.641761121
P_00064,,-0.422905006,0.013639251,0.026161651
P_00645,sasA_2,0.146905284,0.06731054,0.108601403
P_00646,zraR,0.637688375,9.51306E-24,8.93542E-23
P_00647,,0.6171242,1.29533E-20,1.07271E-19
P_00648,pcnB,-0.377438691,9.82536E-05,0.000265229
P_00649,folK_2,-0.421605151,0.001555851,0.00351675
P_00650,panB,0.279028179,0.010176159,0.019979806
P_00651,panC,0.040314825,0.694300158,0.761862888
P_00652,pgi,0.266174399,0.000152089,0.000400386
P_00653,acsA_2,0.791266235,2.9604E-31,3.70147E-30
P_00654,rlmI_1,0.260274738,0.030545595,0.054138719
P_00065,topA_1,-0.043762452,0.750524823,0.808571797
P_00655,,0.264039867,5.82434E-05,0.000162183
P_00656,osmY_2,0.64820257,2.01396E-19,1.58114E-18
P_00657,pnp,-0.596278668,3.27355E-13,1.8222E-12
P_00658,rpsO,0.511841428,7.566E-17,5.20638E-16
P_00659,truB,-0.20858818,0.01402836,0.026847173
P_00660,rbfA,-0.832163555,6.00419E-05,0.000166625
P_00661,infB,0.207373723,0.551198229,0.637896075
P_00662,nusA,-0.202851833,0.001979571,0.004394878
P_00663,rimP,0.143930416,0.089557237,0.139400321
P_00666,tpiA,-0.358464056,2.22015E-06,7.21487E-06
P_00066,,0.281561952,0.38601884,0.479515611
P_00667,glmM,-0.114609304,0.115621256,0.173522592
P_00668,folP,-0.738662418,7.53161E-07,2.58053E-06
P_00669,ftsH,0.287981655,1.27866E-05,3.85613E-05
P_00670,rlmE,-0.359916095,0.102029865,0.156021688
P_00671,,-0.414312177,3.52815E-05,0.000100887
P_00672,,-0.600082307,1.30061E-07,4.75427E-07
P_00673,greA_1,-0.119161589,0.189144879,0.265989331
P_00674,carB,-0.417777058,2.35691E-08,9.18906E-08
P_00675,carA,-1.582244924,0.224801942,0.30768861
P_00676,dapB,-0.213979778,0.012682417,0.024465342
P_00067,,-0.270631751,0.225101969,0.307952371
P_00677,dnaJ,-0.713787833,8.25141E-17,5.65769E-16
P_00678,dnaK_1,-0.766864173,4.49757E-27,4.80662E-26
P_00679,grpE,-0.785998541,4.88492E-18,3.58498E-17
P_00680,recN,0.430351754,1.28816E-08,5.11256E-08
P_00681,fur,0.20612591,0.227718332,0.310643097
P_00682,bamE,0.182120429,0.010119898,0.01988295
P_00683,rnfH,0.013993334,0.912887652,0.931986753
P_00684,ratA,0.33621573,0.000257395,0.000659166
P_00685,smpB,-0.286757342,9.55593E-05,0.000258199
P_00686,pdhR,-0.429297074,0.650093585,0.725007206
P_00068,,-0.249837271,0.611002655,0.689857217
P_00687,glcA,-8.535613892,0.001276193,0.002944942
P_00688,lutA_2,0.237374532,0.02411035,0.043732395
P_00689,,1.134413767,3.51659E-60,9.43072E-59
P_00691,intA_2,0.185266634,0.080957309,0.127606152
P_00692,,0.43630168,0.108100232,0.163993453
P_00693,,0.04407805,0.835030108,0.870050434
P_00694,,-0.391066955,0.600391203,0.680957533
P_00695,,-0.605679568,0.438206292,0.529955677
P_00696,,0.5444049,4.0106E-09,1.67152E-08
P_00697,,0.149617278,0.144894641,0.211160575
P_00069,,0.30170218,0.464991195,0.555723546
P_00698,queC_1,-0.124383579,0.225569935,0.308445522
P_00699,,-0.130208675,0.207425064,0.28726169
P_00700,,-0.5574219,0.012500761,0.024155511
P_00701,rep_1,-0.500227958,1.2149E-07,4.45514E-07
P_00702,rhlE_1,-0.79579885,2.98131E-24,2.86595E-23
P_00703,,-0.567645894,4.53409E-09,1.87874E-08
P_00704,,0.480642055,0.565610801,0.650639485
P_00705,rapA_3,-0.557634755,5.89546E-08,2.23033E-07
P_00706,,0.189527311,0.186730923,0.262981293
P_00707,ytfF_1,-0.026604063,0.855063802,0.885139098
P_00007,,-0.264798931,0.142650016,0.208515043
P_00070,,0.432411622,0.119883707,0.178843929
P_00708,,0.668566312,5.90494E-05,0.000164268
P_00709,yecD,0.12481277,0.545401163,0.632846194
P_00710,,-0.046411894,0.830409824,0.866270029
P_00711,,0.238301523,0.637294357,0.713366942
P_00712,,-0.403273922,0.007984037,0.015987575
P_00713,arnT_1,-0.237882637,0.030589479,0.054199759
P_00714,,-1.231193438,7.90067E-05,0.000215504
P_00715,,-0.028698635,0.747676227,0.80686609
P_00716,,0.861660344,2.28933E-31,2.87494E-30
P_00717,cheV_1,0.160599447,0.09612005,0.148328305
P_00071,,-0.012818845,0.957302969,0.968098985
P_00718,mshD_1,-0.294663685,0.092469829,0.143389449
P_00719,,0.113647545,0.433454895,0.52536381
P_00720,hisJ_1,-0.196563169,0.246529618,0.332042591
P_00721,,-0.058441954,0.698960075,0.76425149
P_00722,mdtA_2,0.519145757,0.000683634,0.001640893
P_00723,mdtB_1,0.010501942,0.925450487,0.942029149
P_00724,czcR_1,0.955398502,4.25825E-13,2.35889E-12
P_00725,sasA_3,0.388176498,0.001472085,0.003345859
P_00726,oprD_3,0.605111516,1.78697E-08,7.03391E-08
P_00727,,-0.440525591,1.58014E-06,5.24186E-06
P_00072,,-0.269731958,0.122048269,0.181648085
P_00728,lpxC,-0.525178194,1.2561E-13,7.20878E-13
P_00729,ftsZ,-1.507639409,6.15364E-76,2.27843E-74
P_00730,ftsA,-1.601885033,6.56742E-63,1.93284E-61
P_00731,ftsQ,-1.547334269,1.03334E-46,2.03791E-45
P_00732,ddl_1,-1.644564235,1.24358E-45,2.38692E-44
P_00733,murC,-1.494787713,4.80863E-50,1.01833E-48
P_00734,murG,-1.59317052,3.75938E-38,5.81538E-37
P_00735,ftsW,-1.524697521,1.07276E-31,1.36509E-30
P_00736,murD,-1.610026663,5.77411E-50,1.21383E-48
P_00737,mraY,-1.713234138,2.42772E-40,4.09785E-39
P_00073,,-0.272851776,0.10680827,0.162376864
P_00738,murF,-0.95607699,1.82264E-22,1.62424E-21
P_00739,murE,-1.463817766,7.48518E-56,1.82798E-54
P_00740,ftsI,-1.296167078,1.11833E-47,2.23626E-46
P_00741,ftsL,-1.142842245,1.64262E-06,5.43657E-06
P_00742,rsmH,-1.584465695,3.177E-46,6.18061E-45
P_00743,mraZ,-1.287518637,2.33711E-31,2.92853E-30
P_00744,rsmI,-0.029620606,0.680786702,0.751055136
P_00745,lpoA,-0.1420265,0.098115482,0.15096106
P_00746,,-0.47179043,0.000184622,0.000481393
P_00747,gmhA,-0.553638459,0.000111576,0.000298386
P_00074,,-0.342075189,0.542861827,0.63028202
P_00748,osmY_3,-0.676209879,1.04504E-07,3.86438E-07
P_00749,yiaD,0.635472817,2.47828E-21,2.11335E-20
P_00750,gloC,-0.12882869,0.33223158,0.424177316
P_00751,yebS_1,0.528565961,8.51151E-07,2.90241E-06
P_00752,pqiA_1,0.090844863,0.595794309,0.677350146
P_00753,pqiB_1,-0.005970089,0.944874356,0.957893293
P_00754,,-0.14111805,0.225762008,0.308525218
P_00755,malT_1,0.054069105,0.447422347,0.53865258
P_00756,,-1.149724599,1.27432E-55,3.09886E-54
P_00757,,-1.223375419,1.21816E-69,3.92752E-68
P_00075,yejK_1,-0.281545028,0.227178495,0.309980357
P_00758,,-1.731412788,2.06036E-39,3.36877E-38
P_00759,,0.20042492,0.646729247,0.721675899
P_00760,rhtC_1,0.495885428,7.36512E-09,2.99564E-08
P_00761,hprA_1,0.21053507,0.02675817,0.047929194
P_00762,rsmC,-0.356336261,0.001960708,0.00435637
P_00763,mneA,-1.150970765,3.19277E-10,1.43487E-09
P_00764,loiP,-0.043865756,0.575513239,0.659344268
P_00765,,-0.354251859,0.038637359,0.066829356
P_00766,,0.07408431,0.677314081,0.748052451
P_00767,,0.616858919,2.45466E-08,9.55072E-08
P_00076,,0.378901716,0.372890959,0.466540486
P_00768,,0.170904356,0.024568499,0.044493095
P_00769,,-0.793000106,3.986E-20,3.22647E-19
P_00770,,-3.610915005,1.64262E-11,8.12674E-11
P_00771,,0.247289183,0.003867839,0.008175886
P_00772,,0.173747808,0.338422039,0.430839639
P_00773,,-1.422480944,1.3537E-20,1.11943E-19
P_00774,mqo_2,-0.42639154,2.12389E-06,6.92557E-06
P_00775,,0.598284256,1.74284E-12,9.2271E-12
P_00776,,-0.228130661,0.155985469,0.224924776
P_00777,hpt,-0.087659133,0.505807079,0.595696045
P_00077,dnaB_1,-0.134894503,0.471990817,0.562916729
P_00778,upp,-0.494394559,6.87989E-06,2.13425E-05
P_00779,uraA,-0.446131762,3.4464E-06,1.1025E-05
P_00780,hisC_2,0.252257355,0.02865682,0.050995812
P_00781,hisD,0.042320965,0.669429257,0.741241463
P_00782,hisG,-0.900076537,1.51699E-11,7.51814E-11
P_00783,murA,-0.509032705,6.04646E-09,2.47332E-08
P_00784,,-0.813944326,9.86596E-13,5.34158E-12
P_00785,,-0.957341078,1.94701E-10,8.93198E-10
P_00786,mlaC,-0.369158131,5.60061E-07,1.9386E-06
P_00787,mlaD,-0.451152477,2.0038E-06,6.56007E-06
P_00078,,0.106180578,0.90484265,0.926474928
P_00788,mlaE,-1.396325192,3.70174E-38,5.7537E-37
P_00789,mlaF,-0.736569324,1.40113E-24,1.36521E-23
P_00790,kdsD,-0.690211381,7.73008E-12,3.91898E-11
P_00791,kdsC,0.030426978,0.755578639,0.812364687
P_00792,lptC,-0.022407855,0.803746322,0.846833145
P_00793,lptA,-0.146554513,0.063500551,0.10350175
P_00794,lptB_1,-0.737333724,1.32931E-14,8.09004E-14
P_00795,rpoN,-0.642382647,0.086900039,0.135742875
P_00796,hpf_1,0.735098172,1.05847E-27,1.1727E-26
P_00797,ptsN,-1.157468329,4.01202E-20,3.23856E-19
P_00079,,0.152259817,0.68277089,0.752529698
P_00798,rapZ,-0.890632738,2.90036E-15,1.83115E-14
P_00799,ptsO,-1.278758757,2.20765E-08,8.63649E-08
P_00800,zupT,-1.142697042,1.54202E-23,1.44366E-22
P_00801,sodB_1,-0.743134822,5.82537E-13,3.19615E-12
P_00802,,-3.571697915,5.6135E-115,3.4641E-113
P_00803,fumC_1,-3.718598108,5.726E-159,5.2161E-157
P_00804,,-2.67707228,2.98364E-42,5.3286E-41
P_00805,pmbA,0.536517953,5.67698E-13,3.12205E-12
P_00806,,0.386810914,5.04096E-07,1.75121E-06
P_00807,tldD,0.731272661,1.14465E-27,1.26574E-26
P_00008,,0.081052323,0.836680981,0.871295981
P_00080,,0.434511042,0.153054358,0.221254146
P_00808,nit1,0.57763439,4.6323E-15,2.89279E-14
P_00809,,0.088465832,0.237747867,0.322296859
P_00810,rng,0.409589215,1.07296E-06,3.62006E-06
P_00811,yhdE,0.22046499,0.029830976,0.052986683
P_00812,mreD,-1.079331505,1.73372E-06,5.71829E-06
P_00813,mreC,-0.825510057,2.74652E-17,1.93639E-16
P_00814,mreB,-0.823441127,3.30923E-26,3.44052E-25
P_00815,gatC,-0.206387811,0.219323688,0.301196134
P_00816,gatA_1,-0.322993934,0.001535458,0.003477502
P_00817,gatB,-0.073275108,0.363544851,0.456739032
P_00081,,-0.135060481,0.797849641,0.842476373
P_00818,rlpA_1,-0.525458515,0.27906873,0.368517129
P_00819,,-0.277580341,0.099119504,0.152098084
P_00820,,-0.791589758,0.003226603,0.006930061
P_00821,,0.144497479,0.240727784,0.325220516
P_00822,garD,0.332479907,0.016523353,0.0312138
P_00823,gudP,0.184772063,0.373083868,0.466578409
P_00824,aldHT,0.970784355,4.81838E-09,1.98654E-08
P_00825,,0.672937143,8.40006E-05,0.000228257
P_00826,,-0.415474264,0.021984854,0.040297374
P_00827,,-0.204005573,0.542783541,0.63028202
P_00082,soj_1,-0.147664812,0.393651275,0.48729868
P_00828,iorA_1,0.135075731,0.576690973,0.660251402
P_00829,iorB_1,0.153533158,0.142695977,0.208515043
P_00830,,0.059055241,0.626422114,0.703529651
P_00831,pucA_1,-0.139763805,0.181715561,0.256863449
P_00832,,-0.063558357,0.73685874,0.799250105
P_00833,moaA_1,-0.267541118,0.089293708,0.139141079
P_00834,pucB,-0.094560033,0.672098888,0.743050572
P_00835,,-0.506906019,0.001540044,0.003485139
P_00836,ssuD_1,-0.043875549,0.74276537,0.804157462
P_00837,nemA_1,0.151973108,0.35293007,0.446039567
P_00084,ndh,-0.219654506,0.031293957,0.055311371
P_00838,aldA,0.249984095,0.040882879,0.070121591
P_00839,,0.795952538,1.80237E-19,1.4189E-18
P_00840,,0.562358183,3.56223E-08,1.36747E-07
P_00841,,0.093825367,0.797292303,0.842042791
P_00842,,-0.177469893,0.442554966,0.534249674
P_00843,,0.954735104,7.81236E-18,5.67534E-17
P_00844,,-0.565248658,0.25125117,0.337214795
P_00845,,0.192701491,0.122339168,0.181986647
P_00846,,0.658737021,0.012645314,0.024401968
P_00847,,0.957360732,4.17026E-31,5.15799E-30
P_00085,,0.625872936,2.26451E-05,6.61038E-05
P_00848,,0.121279736,0.407413935,0.500245737
P_00849,oprD_4,0.036445956,0.657771641,0.731013061
P_00850,,-0.020570014,0.971269225,0.978601489
P_00851,,0.686991496,1.77531E-16,1.19443E-15
P_00852,,0.188598774,0.154743137,0.223414053
P_00853,ohrB_1,0.066343658,0.600531149,0.680981677
P_00854,adhT,0.460102997,6.21569E-05,0.000172078
P_00855,gabD1,0.461439107,7.71803E-09,3.13252E-08
P_00856,namA_1,0.245149627,0.00312602,0.006731794
P_00857,frp,0.172966668,0.111462179,0.168248671
P_00086,,-0.224946843,0.023757186,0.043214736
P_00858,,0.606775702,0.014565036,0.027751907
P_00859,hchA_1,0.212801526,0.008810169,0.01749535
P_00860,yqhD,0.26379997,0.040147406,0.069107967
P_00861,nemR_2,0.985923232,1.24809E-19,9.93453E-19
P_00862,,0.622937466,2.22951E-13,1.26185E-12
P_00863,,0.352271285,0.009471814,0.018692827
P_00864,,0.663131301,0.299592335,0.390320184
P_00865,intA_3,0.49014068,0.007688044,0.01542177
P_00866,,0.494290084,0.001908083,0.004244374
P_00867,aaeB_1,0.430081617,1.13217E-06,3.79971E-06
P_00087,,0.636990089,1.41446E-12,7.56159E-12
P_00868,proP_1,0.597544274,0.008448701,0.016835798
P_00869,naiP_1,0.262261389,0.422093795,0.514905119
P_00870,,0.414308598,1.03092E-06,3.4864E-06
P_00871,pcaJ,0.551416107,3.41535E-11,1.654E-10
P_00872,pcaI,-0.02265205,0.903116005,0.924872012
P_00873,hcaR_1,0.271769142,0.049142411,0.082609344
P_00874,yjhB,0.33123233,1.57655E-05,4.69042E-05
P_00875,carC,0.229656802,0.250817997,0.33671216
P_00876,tsaQ1,0.935223467,1.72957E-12,9.16527E-12
P_00877,paaF,0.359593914,0.027170271,0.048561253
P_00088,,0.254497369,0.167748127,0.239598432
P_00878,paaH,0.505617743,2.43468E-05,7.07476E-05
P_00879,paaJ,0.263436408,0.051151997,0.085561443
P_00880,uctC_1,0.42852038,0.001876178,0.004184758
P_00881,,-0.081957692,0.743726069,0.80478637
P_00882,,0.327974149,0.001919297,0.004266013
P_00883,ytfF_2,-0.226707823,0.169204337,0.241438014
P_00884,gcvA_1,0.004624324,0.964176082,0.973848386
P_00885,,-0.272437626,0.215244905,0.296090726
P_00886,,0.617720831,1.64446E-13,9.36263E-13
P_00887,,0.15238747,0.318647783,0.410026822
P_00089,yacG,0.026370675,0.902671895,0.924582189
P_00888,,-0.355479031,0.006497358,0.013171436
P_00889,,0.057007475,0.616733524,0.694960474
P_00890,traC_2,-0.45453089,0.003156246,0.006791787
P_00891,,0.062987852,0.8030376,0.8466347
P_00892,,0.589059627,4.2277E-12,2.17214E-11
P_00893,,0.234651273,0.201392706,0.280396103
P_00894,,-0.203687776,0.746656182,0.805916838
P_00895,,-0.288871474,0.303284539,0.393673476
P_00896,,-0.805789602,0.006246029,0.012702325
P_00897,,0.091912161,0.671224656,0.742370072
P_00090,coaE,-0.501072596,8.32784E-05,0.000226615
P_00898,,-0.243758951,0.045746257,0.077582083
P_00899,,-0.64528406,0.39371646,0.48729868
P_00900,,-0.242382632,0.329772442,0.421506469
P_00901,,0.3640686,0.245818657,0.33116274
P_00902,,0.506883028,0.515822986,0.605132485
P_00903,,-1.322225126,0.112690429,0.169834657
P_00904,,0.615086157,0.581024078,0.664376793
P_00905,,0.704619303,0.020965955,0.038614768
P_00906,,0.218332271,0.645480658,0.720562827
P_00907,,-1.156591608,8.82121E-07,3.00445E-06
P_00009,,-0.080016786,0.475942528,0.566570041
P_00091,outO,-0.499433247,9.84833E-05,0.000265599
P_00908,,0.001239545,0.996013665,0.997056065
P_00909,,-0.295934162,0.174850231,0.248259643
P_00910,,-0.993778259,0.037937252,0.065737286
P_00911,,-0.159159574,0.640939556,0.716887957
P_00912,,0.132984408,0.541558778,0.629405798
P_00913,,0.246168784,0.680909544,0.751055136
P_00914,,0.125039536,0.767445287,0.821169177
P_00915,,-0.298439835,0.506027312,0.595833144
P_00916,,0.208065095,0.759153597,0.814656413
P_00917,,-0.20828392,0.646216821,0.721244328
P_00092,epsF_1,-0.040843087,0.652037509,0.726610343
P_00918,,-0.186695248,0.432249321,0.524191772
P_00919,topB_2,-0.351401219,0.020525073,0.037900062
P_00920,,-0.607261493,8.5502E-06,2.62826E-05
P_00921,,-0.370015804,0.700769094,0.765894845
P_00922,,-0.59140181,0.347050751,0.440062805
P_00923,,-0.288388782,0.095022746,0.146832402
P_00924,,-0.18794517,0.370106431,0.463764368
P_00925,,-0.036252039,0.8254909,0.862931197
P_00926,,0.212147372,0.800148092,0.844282019
P_00927,soj_2,0.164003123,0.210607425,0.290826759
P_00093,pilA,0.537674721,1.43553E-09,6.19903E-09
P_00928,,-0.211900652,0.626030598,0.703507214
P_00929,,-0.173470926,0.554360033,0.641038128
P_00930,,0.109718335,0.758196263,0.813943462
P_00931,gcvA_2,0.111557576,0.352069439,0.445049893
P_00932,glnH_2,-0.319981821,0.422134272,0.514905119
P_00933,artQ_2,0.348042284,0.62615697,0.703507214
P_00934,yecS_2,-0.351033404,0.52471198,0.613178997
P_00935,tcyN_1,-0.479986419,0.334696921,0.426755305
P_00936,cdhR_3,-0.21340908,0.285079036,0.374729406
P_00937,fabB_1,0.293900647,0.003548692,0.007568169
P_00095,,-0.286212054,0.002522544,0.005515003
P_00938,,-0.235418058,0.704940686,0.769867668
P_00939,,-0.058094855,0.686629066,0.756056065
P_00940,lamB,-0.154799447,0.406452232,0.499600502
P_00941,treA,-0.368413101,0.058101132,0.095844322
P_00942,treP,-0.212737249,0.233438374,0.317389915
P_00943,treR,-1.582747687,1.93499E-18,1.43474E-17
P_00944,neo,-1.141360463,1.27285E-07,4.65875E-07
P_00945,pgrR_2,0.308625273,0.008933781,0.017728551
P_00946,fabG_3,0.116141897,0.415026923,0.507854906
P_00947,trkI_1,0.557549256,0.002332626,0.005115376
P_00096,nadC,0.176249022,0.0325462,0.057277719
P_00948,guaA,-0.253603634,0.005652064,0.011580577
P_00949,guaB_2,-0.103700699,0.139753862,0.20465614
P_00950,,-0.053465309,0.827999864,0.864518758
P_00951,,-0.056112189,0.754992454,0.812057628
P_00952,catM_1,-0.361565953,0.098169965,0.150963942
P_00953,xseA,-0.520637077,2.5924E-06,8.3724E-06
P_00954,,-0.35878385,0.026251079,0.047109112
P_00955,,-0.322041895,0.002003714,0.00444504
P_00956,,-0.008929261,0.932611234,0.947637371
P_00957,leuA,0.06979297,0.402253298,0.495925172
P_00097,,-0.324985692,0.000451253,0.001114347
P_00958,yafV,-0.114842198,0.221883292,0.304274364
P_00959,ybdL,-0.153393056,0.096466219,0.148742512
P_00960,der_1,-0.098395732,0.182244098,0.257547126
P_00961,,0.313135011,0.23317816,0.31718641
P_00962,bamB,-1.128901578,1.97969E-51,4.30358E-50
P_00963,,-1.061119364,5.69938E-37,8.49578E-36
P_00964,hisS,-0.869497459,1.11131E-31,1.41102E-30
P_00965,ispG,-0.790798061,7.31927E-26,7.47425E-25
P_00966,rodZ,-0.623341446,9.05601E-14,5.23388E-13
P_00967,ycf3_1,-0.344969253,0.00014378,0.000379555
P_00098,ampD,-0.163832796,0.129739467,0.191604426
P_00968,rlmN,0.303959424,1.32673E-05,3.99271E-05
P_00969,ndk,0.271559178,0.001377198,0.003155185
P_00970,iscX,0.255830543,0.112661924,0.169834657
P_00971,fdx_1,0.313967955,0.070866216,0.113698969
P_00972,hscA,0.148803844,0.047068812,0.079566396
P_00973,hscB,0.280998574,0.002741555,0.005971075
P_00974,iscA,0.719779149,1.51106E-20,1.24419E-19
P_00975,iscU,0.93099179,1.46814E-40,2.50019E-39
P_00976,iscS_1,0.97646966,8.55804E-46,1.64814E-44
P_00977,iscR,0.757872036,9.17294E-27,9.71282E-26
P_00099,,-0.160583497,0.116046504,0.174024271
P_00978,cysE,0.002904533,0.973776989,0.98038577
P_00979,trmJ,-0.277267639,0.003797122,0.008052157
P_00980,suhB,-0.266889837,0.00571322,0.011676699
P_00981,,0.876487285,3.0948E-35,4.4292E-34
P_00982,secF,-0.695629229,6.88782E-13,3.7611E-12
P_00983,secD,-1.683458556,2.73115E-68,8.65972E-67
P_00984,yajC,-0.980759784,4.27871E-19,3.3273E-18
P_00985,tgt,-0.648301026,7.04212E-11,3.32906E-10
P_00986,queA,-0.588139565,2.42603E-09,1.02981E-08
P_00988,,-1.763272353,0.00446057,0.00931897
P_00100,,-0.277785306,0.021265704,0.039129168
P_00989,,0.606528024,0.010916962,0.021339389
P_00990,,-0.254586665,0.621671658,0.699875654
P_00991,,0.864699308,0.070002065,0.112469724
P_00992,,-0.426725059,0.123788202,0.183903829
P_00993,,0.025394324,0.894961083,0.918063632
P_00994,,-1.996208137,2.3589E-33,3.21562E-32
P_00995,,-0.8029564,2.02827E-12,1.06889E-11
P_00996,,0.069391424,0.518130276,0.607303215
P_00997,,-0.498150325,0.14432995,0.210444507
P_00998,argO_1,-0.046325349,0.874538423,0.90166387
P_00101,,-0.435253613,0.078723766,0.124564569
P_00999,,0.195559892,0.195766161,0.273624451
P_01000,,0.037861459,0.725566453,0.789640076
P_01001,rhtB_2,-0.192027263,0.405103297,0.498581991
P_01002,,-0.360016244,0.145523968,0.211755085
P_01003,,-0.159409568,0.587274824,0.669787404
P_01004,,0.029599709,0.835545222,0.870429121
P_01005,,-0.180328577,0.319804374,0.411238472
P_01006,dctD_2,0.448727657,1.69696E-06,5.6067E-06
P_01007,,0.203822276,0.032642045,0.057411186
P_01008,cph1,-0.177875979,0.137024353,0.201069486