locus_tag,gene_name,logFC,Pvalue,q.value
P_00001,,0.269355121,0.534997209,
P_00010,,-0.161906614,0.759508112,
P_00102,yjjV,0.226475251,0.43176815,0.788089811
P_01009,,-0.047363081,0.882112788,
P_01010,,0.090469465,0.733892668,0.931044996
P_01011,,0.035749598,0.895958133,0.969410089
P_01012,davT_1,0.152737661,0.650568836,
P_01013,,0.324391762,0.304417993,
P_01014,mdtG_1,-0.125725931,0.709025982,
P_01015,,-0.304432415,0.315173964,
P_01016,pat,-0.412542012,0.168967882,
P_01017,,-0.141588687,0.605046555,0.876589947
P_01018,,0.612736524,0.065584562,
P_00103,cra,0.230018965,0.316971625,0.700706487
P_01019,queC_2,0.35877352,0.138414454,0.476477407
P_01020,cyoE,0.842379522,0.00023876,0.008917701
P_01021,cyoD_1,0.839974566,0.000439926,0.013579541
P_01022,cyoC_1,0.740576921,0.001465351,0.03127478
P_01023,cyoB_1,0.609326788,0.005797212,0.076510912
P_01024,cyoA_1,0.611617164,0.004995178,0.069099966
P_01025,dsbB_1,-0.195129255,0.404429626,0.769631267
P_01026,hmp,0.101575008,0.744189237,0.935074931
P_01027,norR2,0.059090356,0.82666432,0.95592068
P_01028,,-0.490878758,0.217638235,
P_00104,,0.574795479,0.0123292,0.121824241
P_01029,rhaS_2,0.16374286,0.544848685,0.845608645
P_01030,malT_2,0.37762959,0.207329496,0.580727743
P_01031,acoR_1,-0.108602994,0.725046919,
P_01032,btuB_2,0.052297921,0.837525426,0.95614808
P_01033,,-0.118306964,0.766018079,
P_01034,,0.187023644,0.507276834,0.829029116
P_01035,,-0.128219081,0.663153601,0.901995156
P_01036,,-0.680106189,0.511313908,
P_01037,,-0.312415631,0.409994797,
P_01038,,0.374011828,0.633151181,
P_00105,lacC,0.694347703,0.005211229,0.070777962
P_01039,,0.153564221,0.754189635,
P_01040,,0.028383217,0.963265119,
P_01041,,0.23691339,0.49380002,
P_01042,,0.074003187,0.808643911,
P_01043,,0.109473469,0.66904132,0.904083575
P_01044,,0.102654938,0.761679261,
P_01045,,0.131835824,0.73676986,
P_01046,,0.157810184,0.5576027,0.854243677
P_01047,,0.14382863,0.614930799,0.882357441
P_01048,,0.259654253,0.590707368,
P_00106,fruA,0.417705946,0.078923994,0.36622532
P_01049,,0.091871996,0.735040294,0.93126713
P_01050,,0.107359891,0.710915453,0.92198932
P_01051,,0.035020889,0.942941471,
P_01052,,-0.079189545,0.781815239,0.943197645
P_01053,,-0.373409129,0.273220832,
P_01054,,0.168044958,0.660914567,
P_01055,,0.217265256,0.439949831,0.793056386
P_01056,,0.068314232,0.806086794,0.952558679
P_01057,,-0.395638151,0.434309303,
P_01058,,0.447807141,0.884363128,
P_00107,phoD_1,-0.108835823,0.768953272,
P_01059,,0.075713055,0.759644095,0.938289081
P_01060,,-0.29358368,0.412074588,
P_01061,,-0.405830275,0.153280514,0.504852486
P_01062,,-0.348182118,0.443004146,
P_01063,,-0.324098,0.311153309,
P_01064,,-0.309892549,0.527481687,
P_01065,,-0.138697887,0.700027853,
P_01066,,0.408695335,0.187972755,0.555491511
P_01067,,0.359795457,0.22943105,0.60261953
P_01068,gpmA_1,0.14752839,0.560611669,0.855620664
P_00108,,0.09596519,0.704643763,0.918987564
P_01069,,0.066982155,0.862697964,
P_01070,,-0.087910375,0.845549815,
P_01071,,0.173696952,0.566415968,
P_01072,hxpA,-0.488688271,0.096968377,
P_01073,,-0.207734086,0.658658119,
P_01074,fdhA_2,-0.623811239,0.011434279,0.116685884
P_01075,hcaB_1,-0.509939339,0.067587225,0.338843337
P_01076,,-0.161060726,0.540770261,0.843682926
P_01077,,-0.030864828,0.931269097,
P_01078,,0.1050988,0.720030401,
P_00109,bfrD,0.091656317,0.777207164,
P_01079,,-0.0186122,0.959699408,
P_01080,,0.079458708,0.775160687,0.943048187
P_01081,gfo,-0.713311511,0.003574487,0.055637533
P_01082,lig_1,-0.760623429,0.003040269,0.049371326
P_01083,,-1.24361178,0.000159847,0.007105962
P_01084,ibpA,-1.313339525,8.47192E-09,2.8766E-06
P_01085,,-0.640527632,0.052462732,
P_01086,,0.291531638,0.361799029,
P_01087,,0.024528484,0.945373114,
P_01088,,0.231072893,0.560579514,0.855620664
P_00110,,-0.154077182,0.652109179,
P_01089,,0.046072001,0.870375545,0.963757813
P_01090,,-0.089358522,0.818395852,
P_01091,,-0.067364288,0.833069719,0.95592068
P_01092,,-0.413742823,0.453076974,
P_01093,,0.033546847,0.917209408,
P_01094,,0.097697783,0.72804481,0.929208855
P_01095,umuD_1,-0.149678754,0.703716341,
P_01096,umuC_1,-0.119637231,0.738184225,
P_01097,,-1.873631226,0.022148081,
P_01098,,-0.091454645,0.795224116,
P_00111,,-0.309811451,0.401214496,
P_01099,,-0.056951454,0.847955989,
P_01100,,0.295287193,0.417100744,
P_01101,recF_1,-0.144536649,0.553708059,0.850803786
P_01102,,0.238328984,0.497575372,
P_01103,,0.212431478,0.834634992,
P_01104,,0.59162035,0.230015286,
P_01105,,0.115518982,0.682642795,0.9096826
P_01106,,0.006924915,0.987052339,
P_01107,,0.235665286,0.578699074,
P_01108,,0.622850825,0.050980682,
P_00011,,-0.014490486,0.958474215,0.984352242
P_00112,ldc,-0.289615667,0.197764337,0.567319355
P_01109,,0.359257763,0.365485896,
P_01110,,0.571051946,0.189785524,
P_01111,,0.449347343,0.117731372,0.446147927
P_01112,,0.177972843,0.551314387,
P_01113,xerC_3,-0.253618852,0.78826121,
P_01115,yccA,-0.203844966,0.373599199,0.747859959
P_01116,murB,0.361617142,0.147293297,0.494730635
P_01117,yfkJ,0.363321319,0.165970743,0.522838126
P_01118,kdsB,0.373014845,0.109896458,0.432799819
P_01119,,0.403076519,0.292557993,
P_00113,osmV,-0.284113866,0.211029884,0.582370712
P_01120,lpxK,0.316380496,0.185750563,0.551813912
P_01121,,0.369491521,0.169235934,0.52587971
P_01122,tolQ_2,0.296480124,0.199848768,0.572419593
P_01123,comEC,0.155674473,0.57191335,0.859042634
P_01124,,0.128654639,0.65608695,0.901397631
P_01125,pfeS,0.255845397,0.407900107,
P_01126,ompR_2,0.80155159,0.00286122,0.048893765
P_01127,barA,-0.168389379,0.465125787,0.809526941
P_01128,ldhA,-0.300402445,0.246675693,0.625056794
P_01129,,0.149609209,0.585732328,0.86686259
P_00114,osmW,-0.096178685,0.698542251,0.917636962
P_01130,,0.424104429,0.116641259,0.44420383
P_01131,resA_1,-0.271438744,0.269563717,0.651914769
P_01132,yfgD,0.014075232,0.96080322,0.986150048
P_01133,,0.055136521,0.820776009,0.955510056
P_01134,,0.503927521,0.107057688,
P_01135,,-0.391292608,0.636362894,
P_01136,cmpR_1,-0.280433116,0.361029654,
P_01137,cfiB,-0.233141828,0.292195715,0.676177817
P_01138,cfiA,-0.286685582,0.191292291,0.559410322
P_01139,,-0.118646662,0.721738744,
P_00115,osmX,0.122062732,0.599453433,0.875466342
P_01140,,-0.223357822,0.380991279,0.753708912
P_01141,,-0.325154791,0.232626087,0.606744716
P_01142,,0.436218958,0.436814734,
P_01143,artQ_3,0.316988521,0.29175804,
P_01144,fliY_2,0.054626851,0.813609581,0.954536593
P_01145,mmuM,0.18122087,0.434562746,0.790064991
P_01146,,0.59523315,0.035777605,0.230395436
P_01147,phnO,0.705054598,0.010113483,0.108235269
P_01148,paiB,0.597444474,0.02625392,0.191895088
P_01149,gabR_1,-0.154876051,0.545555347,0.845608645
P_00116,osmY_1,0.155442187,0.508974834,0.829029116
P_01150,,-0.18297508,0.476894637,0.818349356
P_01151,spuD_1,0.127628487,0.744596136,
P_01152,aphA_1,0.518276503,0.182255772,
P_01153,,0.407434158,0.463372725,
P_01154,,0.027434179,0.911565319,0.972770419
P_01155,ansA,-0.014574904,0.952747063,0.984352242
P_01156,alsT,0.543024885,0.018280119,0.155173279
P_01157,aspA,0.819790493,0.001005395,0.024543455
P_01158,yjiE,-0.053225458,0.830778736,0.95592068
P_01159,purE,0.369434981,0.100521277,0.4167003
P_00117,prfC,0.563729241,0.014115942,0.131478908
P_01160,purK,0.342292878,0.130911329,0.467659413
P_01161,,-0.490071308,0.042062591,0.258820059
P_01162,,0.211794772,0.38972635,0.762907713
P_01163,yeaD_1,0.16341799,0.470604366,0.814695306
P_01164,,0.034317348,0.883997327,0.966633691
P_01165,proP_2,-0.224517948,0.374030094,0.747859959
P_01166,pstS_1,-0.501066377,0.040390457,0.251850344
P_01167,,-0.150501404,0.613282021,0.882357441
P_01168,,-0.227743718,0.413051663,0.777632094
P_01169,pstB,-0.148506593,0.582779657,0.865479928
P_00118,,-0.501445134,0.178524617,
P_01170,phoU,-0.445261925,0.128807972,0.464380091
P_01171,cheB_1,-0.096533613,0.689224472,0.912532224
P_01172,,0.396479406,0.135978016,0.474209048
P_01173,phoR,-0.065714765,0.813780042,0.954536593
P_01174,phoB,-0.431170365,0.106657091,0.427307316
P_01175,,-0.468282743,0.0557834,0.30195797
P_01176,ubiA,0.220349406,0.394528876,0.764969232
P_01177,ubiC,0.259734346,0.335238326,0.717955932
P_01178,rubA1,-0.251765398,0.525036353,
P_01179,alkT,-0.096604008,0.675428973,0.905826648
P_00119,pfeA_1,-0.407890258,0.235509255,
P_01180,hupB_2,-0.460914707,0.075780446,0.36312485
P_01181,,0.093036557,0.840008746,
P_01182,,0.207784598,0.574263943,
P_01183,rhsA,0.240540151,0.361082621,0.736201854
P_01184,,0.370827678,0.514268304,
P_01185,vgrG1_1,0.504164974,0.077465972,0.36622532
P_01186,clpV1,0.12570426,0.644887183,0.895077528
P_01187,,0.346142291,0.424286121,
P_01188,,0.170933249,0.628172742,
P_01189,,0.434903891,0.472246789,
P_00120,ddpF,-0.304874158,0.244792358,0.623649654
P_01190,hcp1,-0.052554065,0.857773248,
P_01191,,-0.087693171,0.756271555,0.937540765
P_01192,,-0.047467435,0.879143946,
P_01193,,0.304011577,0.23705549,0.613159456
P_01194,,0.011370289,0.963841122,0.987639668
P_01195,,-0.460628195,0.399372849,
P_01196,,-0.790761966,0.021678949,
P_01197,,-0.556872623,0.190115351,
P_01198,,0.335037847,0.225668759,0.599242041
P_01199,,0.39819283,0.339503737,
P_00121,dppD,-0.291766752,0.276811306,0.657696402
P_01200,prpC_1,0.331849957,0.359326128,
P_01201,pknD_1,0.319679362,0.211405553,0.582370712
P_01202,yknY_1,0.442020846,0.273263588,
P_01203,,0.593688651,0.024599906,0.18412956
P_01204,,0.26682603,0.350910764,0.728578193
P_01205,,0.504671571,0.028275234,0.201158097
P_01206,,-0.035874248,0.898673209,0.970099548
P_01207,,-0.046240808,0.842135831,0.95787105
P_01208,recG,-0.177980959,0.448496116,0.799083988
P_01209,oxyR_1,-0.181678041,0.436643915,0.792066548
P_00012,,-0.052611718,0.861375448,
P_00122,dppC,-0.058584456,0.826665144,0.95592068
P_01210,,0.333758782,0.205876476,0.579634089
P_01211,exbD_2,0.038779516,0.899509292,
P_01212,,0.036042661,0.882918096,0.966633691
P_01213,,-0.333281213,0.184230317,0.550857117
P_01214,tauD_2,0.130412791,0.570013701,0.857579262
P_01215,nodD2_1,-0.448076786,0.075880631,0.36312485
P_01216,emrY,0.010717241,0.975910891,
P_01217,emrA_1,-0.107589417,0.729117921,
P_01218,srpC_1,-0.039621724,0.920224623,
P_01219,fecI_2,0.097550881,0.806129811,
P_00123,dppB,-0.005726278,0.98237412,0.992740081
P_01220,fecR_2,-0.019713685,0.952404361,
P_01221,fhuA_2,0.143853552,0.590447841,0.868921469
P_01222,,-0.254450309,0.423081098,
P_01223,,-0.207540349,0.517097055,
P_01224,,0.069244304,0.878003054,
P_01225,,0.233609609,0.350887369,0.728578193
P_01226,,0.044636109,0.856820512,0.959292568
P_01227,,-0.976148989,0.148700715,
P_01228,,0.00500328,0.989544099,
P_01229,slyA_2,-0.237853484,0.376587433,0.748963824
P_00124,dppA_1,0.208612031,0.459618434,0.802663204
P_01230,aaeB_2,0.234993946,0.345912027,0.72602519
P_01231,aaeX_1,0.787331653,0.157915976,
P_01232,aaeA_1,0.495748417,0.047849694,0.274529352
P_01233,oprM_2,0.589508583,0.017762396,0.152987891
P_01234,,0.02893083,0.909515439,0.97216211
P_01235,ydgA,-0.290429741,0.190053617,0.558937211
P_01236,pgaA,-0.469334035,0.034677733,0.22564692
P_01237,pgaB,0.002946921,0.989805709,0.995402349
P_01238,pgaC,0.055247936,0.81906514,0.955510056
P_01239,pgaD,-0.081229332,0.778768747,0.943048187
P_00125,oprD_1,0.018118453,0.954973235,
P_01240,,1.014742449,3.20174E-05,0.00225632
P_01241,,0.144846514,0.572005095,0.859042634
P_01242,,-0.07487312,0.886707832,
P_01243,,-0.373795994,0.691788498,
P_01244,,-0.036151052,0.960223673,
P_01245,,-0.142216679,0.620742563,0.883146147
P_01246,,-0.35337488,0.191831748,0.559410322
P_01247,,-0.088598826,0.771362229,
P_01248,,0.144958089,0.619017939,
P_01249,,-0.22419082,0.640231008,
P_00126,dppA_2,-0.47164222,0.062351416,0.321428373
P_01250,,-0.265002504,0.429805948,
P_01251,,-0.222802058,0.445039757,0.797229492
P_01252,rpoE_1,0.0045036,0.989349023,
P_01253,,-0.557045199,0.110249368,
P_01254,rhtC_2,0.054085056,0.895459955,
P_01255,fcl,-0.418495796,0.289787993,
P_01256,argP_2,-0.063225166,0.830849688,
P_01257,,0.042144665,0.880861323,0.966633691
P_01258,,0.117796499,0.763362906,
P_01259,,-0.103461079,0.765621578,
P_00127,dppA_3,-0.357942993,0.118028013,0.446147927
P_01260,,0.502551772,0.122946046,0.45629892
P_01261,,0.147764731,0.723770529,
P_01262,,-0.036983662,0.871817038,0.963757813
P_01263,,-0.241683385,0.429171679,0.785671047
P_01264,,-0.473181182,0.096599891,0.407224146
P_01265,,-0.053268268,0.85304318,0.959292568
P_01266,,-0.170803648,0.717973012,
P_01267,,-0.47057288,0.2293291,
P_01268,,-0.395506814,0.375883196,
P_01269,,-0.153170914,0.765628714,
P_00128,dppA_4,-0.512302697,0.042464269,0.259174987
P_01270,,0.259242166,0.758712175,
P_01271,,0.04117429,0.893033056,
P_01272,traC_3,-0.827099425,0.175772067,
P_01273,,0.265342733,0.908751903,
P_01274,,-1.466320035,0.333485097,
P_01275,,-0.41733106,0.427683035,
P_01276,,-0.286293217,0.582339083,
P_01277,,-0.715255469,0.333905417,
P_01278,,0.039851835,0.970197938,
P_01279,,-0.265540631,0.68391308,
P_00129,,0.114494924,0.665638016,0.903667626
P_01280,,0.063249667,0.814195093,0.954536593
P_01281,intS_1,-0.206939004,0.372929516,0.747859959
P_01283,,-0.324084816,0.517920497,
P_01284,,0.122685617,0.792174454,
P_01285,,-0.327776002,0.526546722,
P_01286,,-0.391490818,0.22712781,
P_01287,,-0.104063344,0.704680156,0.918987564
P_01288,,0.268485817,0.383750219,
P_01289,,0.065299905,0.822067424,0.955510056
P_01290,,0.023843466,0.939412064,0.979927199
P_00130,,-0.221169803,0.351546649,0.728578193
P_01291,davD,-0.465610592,0.031884207,0.214959413
P_01292,davT_2,-0.559474966,0.01150495,0.117087166
P_01293,rssB_3,-0.177092387,0.45732667,0.800882416
P_01294,,0.322927862,0.195109825,0.563164758
P_01295,,0.213136555,0.351524228,0.728578193
P_01296,,0.150392488,0.562996508,0.855620664
P_01297,,-0.305438991,0.231902983,0.606128509
P_01298,sbp_1,-0.207928626,0.364013716,0.739310075
P_01299,cysT,-0.288666869,0.220474978,0.59328101
P_01300,cysW_1,-0.161627691,0.513024269,0.829029116
P_00131,regB,0.641188209,0.006814853,0.084563047
P_01301,cysA_1,-0.146555029,0.500136184,0.829029116
P_01302,maeB,-0.307083031,0.167242533,0.522838126
P_01303,,0.459217289,0.093384774,0.401621769
P_01304,rpmE,-0.194008106,0.396312388,0.765766564
P_01305,priA,0.123491047,0.618576961,0.883146147
P_01306,argS,0.100175629,0.655992106,0.901397631
P_01307,ftsN,0.08889792,0.714426098,0.92198932
P_01308,hslV,-0.650491228,0.003007896,0.049371326
P_01309,hslU,-0.700845603,0.001280569,0.028987433
P_01310,,-0.207805615,0.446722645,0.797377652
P_00013,,0.064756928,0.892567231,
P_00132,regA,0.404893652,0.078791946,0.36622532
P_01311,phaC_1,-0.31899045,0.167097945,0.522838126
P_01312,catD_1,-0.19641647,0.535057498,
P_01313,phaC_2,-0.248615401,0.365152809,0.740817893
P_01314,,-0.729903205,0.159774177,
P_01315,,-0.508551297,0.022220595,0.173264971
P_01316,,-0.393926538,0.101528769,0.418554032
P_01317,,-0.13635673,0.621970429,0.883146147
P_01318,ubiE_1,-0.058755387,0.795979426,0.949228339
P_01319,,-0.048766442,0.845181586,0.95787105
P_01320,ubiB,0.328596192,0.160908846,0.515654504
P_00133,bacA,0.063685331,0.777710771,0.943048187
P_01321,hisI,-0.241990061,0.322022576,0.70542011
P_01322,hisE,-0.020961615,0.934408165,0.978545531
P_01323,tatA,-0.051125841,0.831098185,0.95592068
P_01324,tatB,0.114194609,0.698596491,0.917636962
P_01325,tatC,0.319400893,0.202661741,0.577331251
P_01326,,0.338366477,0.246992669,
P_01327,mcpQ_1,-0.279280915,0.229012502,0.602367391
P_01328,mcpQ_2,-0.129970825,0.737694925,
P_01329,glnQ_2,0.137682011,0.720159449,
P_01330,,0.613409196,0.072640887,
P_00134,,-0.069562571,0.763937216,0.939844193
P_01331,fliY_3,0.405076939,0.144708652,0.488499421
P_01332,pheC_1,-0.522788643,0.219386795,
P_01333,opgH,0.095083905,0.669992696,0.904083575
P_01334,mdoG,0.450519895,0.043591604,0.261486345
P_01335,dtd,-0.127307569,0.6426355,0.894456999
P_01336,pip_2,-0.299788149,0.203922329,0.578411434
P_01337,,-0.181204843,0.529476562,0.835245802
P_01338,hutI,-0.278290511,0.296133009,0.678188777
P_01339,proY_1,-0.123861275,0.680319982,0.909332876
P_01340,hutH_1,-0.087965552,0.749056148,0.935074931
P_00135,,-0.208390575,0.450538313,0.799100698
P_01341,hutH_2,-0.147138454,0.584339973,0.866358478
P_01342,opuAA,0.048957893,0.860879437,0.960362394
P_01343,opuAB_1,0.090842042,0.715736589,0.92198932
P_01344,,0.363478979,0.254905806,0.637947874
P_01345,,0.725416508,0.040977208,0.254658687
P_01346,hutU_1,0.247966103,0.482078204,0.82005245
P_01347,ves,-0.025552239,0.92666848,0.976679019
P_01348,yvoA_1,-0.023013085,0.928418656,0.976801037
P_01349,,-0.010913824,0.961178269,0.986211323
P_01350,blc,0.776059894,0.00290169,0.048988558
P_00136,,-0.088211405,0.699467853,0.917636962
P_01351,,0.754218764,0.000894069,0.022632974
P_01352,fbp_1,0.109181417,0.625534074,0.883767267
P_01353,malP,-0.660987711,0.003595596,0.055724271
P_01354,,0.620803876,0.048277719,
P_01355,typA,0.672914954,0.003142723,0.050756061
P_01356,,1.001151799,0.142633621,
P_01357,thiI,0.869772812,0.000196354,0.008001141
P_01358,glnA,-0.591014103,0.015225246,0.137358196
P_01359,,-0.41677604,0.158681706,
P_01360,glnL,-0.490145594,0.049359466,0.280399497
P_00138,cdhR_1,-0.065562514,0.804988212,0.952558679
P_01361,glnG,-0.800400248,0.000586415,0.017111392
P_01362,,0.260041927,0.344609851,0.725136785
P_01363,trmL_1,0.10202392,0.701236597,0.918163191
P_01364,secB,0.028648519,0.900857604,0.970388343
P_01365,grxC,0.078544391,0.76367281,0.939844193
P_01366,yibN,0.089529123,0.709976435,0.92198932
P_01367,gpmI,-0.165540606,0.450659195,0.799100698
P_01368,envC,0.203594787,0.388887551,0.76230392
P_01369,,0.123922275,0.581283943,0.863949005
P_01370,,0.103372044,0.709046195,0.92198932
P_00139,mmgC_1,-0.100799679,0.661342225,0.901482938
P_01371,,-0.21049087,0.466053427,0.810315494
P_01372,hisF,0.316363081,0.219005715,0.591924707
P_01373,hisA,0.332294388,0.156386204,0.508812467
P_01374,,0.483878097,0.090836295,0.395885135
P_01375,hisH,0.395067621,0.08759868,0.386738853
P_01376,hisB,0.1632032,0.476410859,0.818284035
P_01377,,-0.665280397,0.003152719,0.050756061
P_01378,,0.060718362,0.783025956,0.943950481
P_01379,mutY,-0.085735807,0.7148619,0.92198932
P_01380,,-0.006008041,0.984564804,
P_00140,tas,-0.285047763,0.2121042,0.583709108
P_01382,,-0.096646114,0.718061208,0.922347349
P_01383,ydiF,-0.006919104,0.981154436,0.992670454
P_01384,,-0.373699827,0.422918374,
P_01385,,-0.403948938,0.187866607,
P_01386,dmlR_3,0.086992543,0.744004557,0.935074931
P_01387,,0.18756807,0.556291487,
P_01388,,-0.036309446,0.876239524,0.964845113
P_01389,,-0.15205845,0.577099015,0.862185928
P_01390,,-0.175609436,0.526122068,0.83523824
P_01391,,-0.294610995,0.248636325,0.627470726
P_00141,rplM,0.607848948,0.013052234,0.12580819
P_01392,,0.738291021,0.004425075,0.063990867
P_01393,aroC,0.106212223,0.639753356,0.893597152
P_01394,hcaT,-0.069651314,0.799506148,0.951004924
P_01395,mtnD,0.053521005,0.846041324,0.95787105
P_01396,,-0.094571597,0.738702516,0.933866312
P_01397,,-1.237368046,1.93839E-08,5.56913E-06
P_01398,,0.366608201,0.265571929,
P_01399,,-0.257246035,0.290580572,0.674529792
P_01400,,-0.487340096,0.038333464,0.242260888
P_01401,,-0.199812097,0.430493291,0.787410598
P_00142,rpsI,0.569239281,0.02061901,0.166611461
P_01402,,-0.38822732,0.126003483,0.460492179
P_01403,mdoB_1,-0.063330878,0.779748146,0.943048187
P_01404,,-0.994511268,0.006945215,
P_01405,hcaB_2,0.144105363,0.600886922,0.875712943
P_01406,csrA1_1,0.064948278,0.869819735,
P_01407,,-0.241647148,0.45999813,
P_01408,,-0.377252601,0.103986186,0.423756177
P_01409,gshAB,-0.211652714,0.343812498,0.724275059
P_01410,asnB_2,0.015446997,0.943412439,0.98097034
P_01411,mnmC_1,0.151622712,0.52984552,0.835245802
P_00014,,0.07215881,0.892293181,
P_00143,petA,0.213893634,0.334123813,0.716802091
P_01412,,-0.186014624,0.444686883,0.79697961
P_01413,fadA_2,0.015115869,0.954597904,0.984352242
P_01414,yhbE,-0.232371298,0.423663787,0.782583702
P_01415,,0.002024821,0.994096767,0.996765483
P_01416,fumC_2,-0.383758641,0.079389131,0.367432968
P_01417,,-0.168047669,0.45490511,0.799823229
P_01418,bolA,-0.091016307,0.702459969,0.918163191
P_01419,,0.329680111,0.154792059,0.506343337
P_01420,,-0.152769267,0.56133712,0.855620664
P_01421,,-0.049540308,0.83709064,0.95614808
P_00144,petB,0.118532398,0.619828043,0.883146147
P_01422,,0.220777123,0.356587483,0.733399916
P_01423,,-0.094117118,0.726694022,0.928567284
P_01424,,-0.18896107,0.426095112,0.784755308
P_01425,glpE_2,0.247068687,0.273666799,0.655726698
P_01426,,0.408203724,0.111696828,0.435023623
P_01427,bmrA,0.336056404,0.146697874,0.49317422
P_01428,,0.059099421,0.802631515,0.951993874
P_01429,,0.043353001,0.84788779,0.958412836
P_01430,,0.208633462,0.362265255,0.737362793
P_01431,lldD_2,0.347751745,0.241373244,0.618332693
P_00145,petC,-0.005532672,0.980477739,0.992670454
P_01432,cynR_2,-0.120120627,0.708201989,
P_01434,,0.652237781,0.167984692,
P_01435,,0.450616512,0.074628251,0.359660022
P_01436,,0.127890386,0.752864701,
P_01437,,-0.181261421,0.691844165,
P_01438,,-0.039253189,0.95154009,
P_01439,,0.188428741,0.597750529,
P_01440,,0.295093496,0.699364754,
P_01441,czcR_2,0.436476211,0.123684651,0.456935876
P_01442,sasA_4,0.627949374,0.020011468,0.163551055
P_00146,sspA,0.377260835,0.118256077,0.446147927
P_01443,,0.165260271,0.548193211,0.848250232
P_01444,,-1.093571612,0.106869701,
P_01445,,0.318261318,0.261132639,0.643782445
P_01446,,0.355925117,0.137811864,0.476477407
P_01447,,0.321793715,0.316175113,
P_01448,,-0.121805478,0.700742772,
P_01449,rhaS_3,-0.01637466,0.955020975,0.984352242
P_01450,,0.131256472,0.85534906,
P_01451,,0.309768548,0.17736057,0.541050462
P_01452,,0.514800921,0.069153268,0.343011229
P_00147,sspB,-0.045888647,0.845581823,0.95787105
P_01453,,0.038446263,0.883943308,0.966633691
P_01454,gbpA,-0.085924234,0.760177446,0.938289081
P_01455,chiD,-0.094156472,0.736073137,0.932259466
P_01456,gudD,0.169365855,0.633061989,
P_01457,ttuB_1,0.068503065,0.807411293,0.952831922
P_01458,lutR_2,-0.003710301,0.989036192,0.995343961
P_01459,trmK,0.210430771,0.533814244,
P_01460,,-0.086392265,0.803727869,
P_01461,cmk_2,-0.079334085,0.763363872,0.939844193
P_01462,gstB_1,-0.359351988,0.153519052,0.504958446
P_00148,lutR_1,0.109587031,0.637376385,0.890943413
P_01463,,-0.183530396,0.446951346,0.797377652
P_01464,,-0.516798086,0.059348184,0.312723944
P_01465,bauD,-0.105550336,0.711294771,0.92198932
P_01466,cdhR_4,-0.109456747,0.777232637,
P_01467,,0.197296792,0.690911992,
P_01468,ubiG_2,-1.187741103,0.000443739,0.013584959
P_01469,,-0.521250946,0.076974312,0.365958073
P_01470,,-0.001455713,0.995303158,0.997150046
P_01471,,-0.121946138,0.67277062,0.904083575
P_01472,,0.353730957,0.300751864,
P_00149,tyrS,0.045758635,0.842827006,0.95787105
P_01473,mltF_2,0.187163918,0.421202066,0.782292251
P_01474,,-0.550998375,0.013069231,0.12580819
P_01475,serA,-0.002723398,0.990366544,0.995698262
P_01476,,0.252754713,0.261641391,0.643961088
P_01477,ycgM,-0.441101066,0.052877157,0.291292304
P_01478,yjiK_1,0.046320605,0.87803786,0.966255571
P_01479,yjiK_2,-0.298106278,0.345402687,
P_01480,,-0.322143719,0.308337772,
P_01481,rpiA,0.311223708,0.235089603,0.610187399
P_01482,ilvA,0.110796754,0.627433325,0.885000121
P_00150,,0.378858782,0.092125835,0.399345032
P_01483,,-0.149518399,0.56425177,0.855620664
P_01484,,-0.392239347,0.125475293,0.459911895
P_01485,rppH_1,-0.169236003,0.495619561,0.828705023
P_01486,ptsP,-0.407641111,0.069085969,0.343011229
P_01487,,-0.465487561,0.050937565,0.28438237
P_01488,lgt,0.009108262,0.968455787,0.988618514
P_01489,thyA,-0.08630577,0.715846032,0.92198932
P_01490,zntR,-0.444555027,0.165237962,
P_01491,cadA_1,-0.231744106,0.416910114,0.7798619
P_01492,cmpR_2,-0.20996879,0.403138409,0.769631267
P_00151,anmK,0.322973979,0.17059819,0.52834514
P_01493,cysA_2,0.416815749,0.455717111,
P_01494,,0.035225102,0.923350015,
P_01495,,-0.305772134,0.344676372,
P_01496,mnmC_2,-0.187014534,0.599537809,
P_01497,,-0.09711092,0.823835346,
P_01498,,0.423744022,0.483784932,
P_01499,der_2,-0.243673996,0.331193925,0.714621208
P_01500,,-0.055034981,0.820382781,0.955510056
P_01501,folA,0.015378963,0.953477879,0.984352242
P_01502,tcyP,0.545506725,0.022444744,0.173937152
P_00152,erpA,-0.616259094,0.011196642,0.115205119
P_01503,,0.035852891,0.929602525,
P_01504,ilvD,-0.553981778,0.011806945,0.119509318
P_01505,,-0.049208557,0.91601988,
P_01506,rlmI_2,0.359599779,0.135538014,0.47311634
P_01507,,0.055125619,0.830821868,0.95592068
P_01508,mutM,0.152929289,0.568618339,0.857579262
P_01509,fdx_2,0.090655317,0.753767714,0.935673095
P_01510,coaD,0.122099523,0.610258739,0.880384855
P_01511,,0.050741163,0.863048849,0.96223506
P_01512,,-0.043109196,0.872744555,0.963757813
P_00015,,-0.301481259,0.618541009,
P_00153,argC,-0.220666814,0.322464245,0.705567636
P_01513,calB,-0.084851568,0.71632511,0.92198932
P_01514,,0.127103189,0.589157899,0.868414927
P_01515,sseB,-0.037667759,0.874485412,0.963757813
P_01516,,0.166125051,0.509790871,0.829029116
P_01517,rsmD,-0.047061815,0.864701601,0.963598777
P_01518,,0.379031058,0.096290399,0.407152794
P_01519,,0.688818394,0.004734823,0.066734205
P_01520,ftsY,0.432732275,0.052302636,0.289407918
P_01521,ftsE,0.371090606,0.100511106,0.4167003
P_01522,ftsX,0.30679251,0.172796303,0.531626189
P_00154,,-0.295241398,0.23667445,0.613006399
P_01523,rpoH,0.14609031,0.504975213,0.829029116
P_01524,mtgA,0.057390914,0.80875647,0.952831922
P_01525,,0.077195385,0.777955999,0.943048187
P_01526,thiS,0.494476357,0.044860094,0.264718214
P_01527,thiG,0.447258143,0.055765118,0.30195797
P_01528,trmB,0.5371947,0.021378513,0.170253189
P_01529,,0.369572561,0.181790511,0.547259289
P_01530,kptA,0.717486707,0.012179452,0.121006161
P_01531,,0.956472459,0.000547415,0.016226949
P_01532,hemN_1,0.111106452,0.690118992,0.91321619
P_00155,,-0.239934252,0.312555344,0.698202279
P_01533,rdgB,0.06793124,0.798300492,0.950176016
P_01534,,0.251644644,0.392083354,0.764929152
P_01535,,0.101570341,0.710130005,0.92198932
P_01536,metXS,0.231234204,0.327969385,0.711250655
P_01537,,-0.426864417,0.08087914,0.371110058
P_01538,proC_3,-0.529386527,0.029218258,0.206295263
P_01539,yggS,-0.624697605,0.009200348,0.10288413
P_01540,pilT,-0.405886297,0.23291423,
P_01541,,0.336914797,0.152468165,0.504400884
P_01542,,-0.710129904,0.002007255,0.038845073
P_00156,,-0.139189516,0.583524609,0.865897662
P_01543,pyrC',-0.195695707,0.410960515,0.776397331
P_01544,pyrB,0.051927235,0.825347532,0.95592068
P_01545,pyrR,0.038781896,0.888662612,0.967623585
P_01546,yqgF,0.092898387,0.744952389,0.935074931
P_01547,,-0.099676171,0.689155312,0.912532224
P_01548,,-0.250213777,0.367675924,0.743815431
P_01549,gshB,-0.505951996,0.030975021,0.211502201
P_01550,walR,-0.202307424,0.407392718,0.773963276
P_01551,pleD,-0.314422368,0.276813586,0.657696402
P_01552,,-0.391243606,0.175724748,0.537536392
P_00157,ephD,0.085638798,0.729861564,0.929832799
P_01553,,-0.182679148,0.470279218,0.814695306
P_01554,rcsC_1,-0.379490246,0.096265193,0.407152794
P_01555,,-0.000899164,0.998625699,
P_01556,,-0.202307564,0.577290275,
P_01557,,0.032172944,0.928281996,
P_01558,,-0.260386697,0.469153973,
P_01559,rluF,0.477773269,0.056351575,0.303353261
P_01560,,0.662204341,0.023574439,
P_01561,trmO,0.791936812,0.003575103,0.055637533
P_01562,fpr_1,0.108433161,0.62561731,0.883767267
P_00158,,-0.031791049,0.910875865,0.972312476
P_01563,cmpR_3,0.375588655,0.115545986,0.442813675
P_01564,dgkA,0.083473383,0.801060215,
P_01565,degU_1,0.153445355,0.51809384,0.831510256
P_01566,,0.38418826,0.197232959,
P_01567,,0.21390139,0.415258589,0.778324147
P_01568,,-0.294510372,0.192963187,0.559410322
P_01569,recX,-0.450684947,0.164434013,0.521802073
P_01570,recA,-0.400902156,0.215728912,0.588996701
P_01571,pncC_1,-0.455062746,0.056397153,0.303353261
P_01572,,-0.035217794,0.939825933,
P_00159,coq7,-0.209882464,0.347963105,0.726995942
P_01573,,-0.227354974,0.556292678,0.852936434
P_01574,,0.042041554,0.949021787,
P_01575,,-0.155040253,0.763898773,
P_01576,,-0.100882745,0.913456423,0.972842811
P_01577,,-0.10075306,0.746856468,0.935074931
P_01578,,-0.374159983,0.325966213,0.709903094
P_01579,gpFI,-0.399621193,0.671980678,0.904083575
P_01580,,-0.517923575,0.309174891,
P_01581,,-0.36567311,0.750400301,
P_01582,,-0.351706093,0.765237041,0.939875156
P_00160,yhfA,0.142966414,0.548894563,0.848250232
P_01583,,-0.488107288,0.337631452,
P_01584,,-0.21770323,0.596889478,0.874953767
P_01585,,-0.258670202,0.793213844,0.948449794
P_01586,,-0.135954494,0.797062859,
P_01587,,0.059567521,0.956146107,0.984352242
P_01588,,-0.252118722,0.555959744,0.852936434
P_01589,,-0.366844101,0.749988789,0.93507929
P_01590,,-0.999135556,0.3335384,0.716340362
P_01591,prtR_1,-0.858124258,0.002151957,0.04059373
P_01592,,-0.298182944,0.20314342,0.577867994
P_00161,vfr,0.087263789,0.76092435,0.9383816
P_01593,,-0.201079823,0.657871143,
P_01594,mutS,0.20518144,0.353290901,0.729834909
P_01595,fdxA,0.187806965,0.483350157,0.820969912
P_01596,apbC,-0.151038069,0.517096811,0.831406194
P_01597,metG,0.269178484,0.219865525,0.59328101
P_01598,rsxB,0.332082215,0.211232432,0.582370712
P_01599,nth,0.166812346,0.565169897,0.855728361
P_01600,,0.174830354,0.568410393,
P_01601,bvgA_1,0.146515902,0.57853004,0.862314799
P_01602,argG,-0.121167087,0.597442505,0.875077551
P_00162,,-0.127878683,0.597997137,0.87520349
P_01603,,-0.317811991,0.191879727,0.559410322
P_01604,pyrC_1,0.044882992,0.848330076,0.958412836
P_01605,rnt,0.231175951,0.344320528,0.724936399
P_01606,ahpC_1,-0.480024118,0.033489169,0.221801571
P_01607,,-0.286832295,0.471490978,
P_01608,bfr_1,-0.564193026,0.013947896,0.131478908
P_01609,grxD,-0.493002162,0.028108826,0.200738939
P_01610,napA,0.13077112,0.623228384,0.8836272
P_01611,,0.401627472,0.35224595,
P_01612,argF,0.051654627,0.824863751,0.95592068
P_00016,,-0.063100238,0.901310773,
P_00163,trpC_2,-0.405296739,0.074851564,0.359807713
P_01613,btuD_2,0.220339381,0.401132957,0.768518923
P_01614,ybaK,0.034366859,0.900060523,0.970388343
P_01615,glpF,0.103021425,0.678854098,0.908690036
P_01616,glpK,0.086099538,0.718772743,0.922749853
P_01617,glpR_1,0.126673379,0.601848736,0.875712943
P_01618,glpD,0.09311601,0.671984668,0.904083575
P_01619,gltI_1,-0.710042196,0.001361729,0.029917988
P_01620,glnM,-0.760473316,0.001680544,0.034549961
P_01621,gltK,-0.739668312,0.002317992,0.042859907
P_01622,glnQ_3,-0.655136,0.008879611,0.101423075
P_00164,trpD_2,-0.41445236,0.078432799,0.36622532
P_01623,dctB_2,-0.138498389,0.628645518,0.88503242
P_01624,dctD_3,-0.012414614,0.96798354,
P_01625,ydgC,-0.091849299,0.828961181,
P_01626,atoC_1,0.144799933,0.515871161,0.830321006
P_01627,sasA_5,0.270982579,0.238305883,0.613843084
P_01628,,-0.035794078,0.896948578,0.969639056
P_01629,,-0.255415777,0.318114767,0.700849848
P_01630,davT_3,-0.320089384,0.167420187,0.522838126
P_01631,mtnX,-0.256822399,0.288878826,0.672250727
P_01632,,-0.023362682,0.924232849,0.97514398
P_00165,trpG,-0.103140564,0.653590667,0.901002348
P_01633,arnE_1,0.119003404,0.615218761,0.882357441
P_01634,arnF_1,-0.104393599,0.669383163,0.904083575
P_01635,,-0.299754634,0.220160057,0.59328101
P_01636,,-0.498004466,0.034167064,0.223492089
P_01637,rutD_1,0.87655538,0.000952781,0.023539175
P_01638,metR_1,-0.339831636,0.159616174,0.513198517
P_01639,mshD_2,-0.178236537,0.545626997,0.845608645
P_01640,rppH_2,0.000443968,0.998644041,0.998911487
P_01641,,0.003310362,0.989481158,0.995343961
P_01642,rssB_4,-0.228874344,0.392250974,0.764929152
P_00166,estA,-0.351698053,0.157233227,0.510094488
P_01643,,-0.110323198,0.658448976,0.901482938
P_01644,ccp,8.99311E-05,0.999786222,
P_01645,sasA_6,-0.555673018,0.067727983,0.339093858
P_01646,sasA_7,-0.590178099,0.031672969,0.213921409
P_01647,rpmE2,-0.896728692,0.00028841,0.0100674
P_01648,cusR,-0.368298169,0.127084212,0.462013283
P_01649,sasA_8,-0.258861626,0.247737315,0.626209476
P_01650,,-0.066090662,0.774055843,0.943048187
P_01651,,0.068950573,0.764683592,0.939844193
P_01652,crnA,-0.185082324,0.450967828,0.799100698
P_00167,trpE,-0.269849541,0.244099164,0.62275299
P_01653,,-0.275927966,0.295866478,0.678188777
P_01654,,-0.549138404,0.018615838,0.156952943
P_01655,,-0.728590746,0.02824501,0.201158097
P_01656,yfcF,-1.373279994,0.14489078,0.488499421
P_01657,,-0.310965972,0.200052894,0.572450485
P_01658,,-0.294609171,0.223179715,0.596674576
P_01659,,-0.295371586,0.249518219,0.628846524
P_01660,metE,-1.160577911,0.000196955,0.008001141
P_01661,nspC,0.571967388,0.011964409,0.120126526
P_01662,,0.535258631,0.016154084,0.143314732
P_00168,gph_1,0.297913273,0.255102859,0.637947874
P_01663,,0.268478527,0.281616703,0.664931812
P_01664,,0.098312616,0.837612317,
P_01665,glsA2,0.129225733,0.673073864,
P_01666,,0.039017575,0.913509727,
P_01667,,-0.464270354,0.300292593,
P_01668,nimR_1,-0.570475595,0.022379891,0.173937152
P_01669,mtnB,-0.559150161,0.026943659,0.195028228
P_01670,,-0.916805258,0.000294338,0.010153598
P_01671,yfkM,-0.823282681,0.001141651,0.026484891
P_01672,,-1.015932444,0.011815195,
P_00169,rpe,0.366361759,0.138808584,0.477394164
P_01673,,-1.701793853,1.91913E-12,3.58397E-09
P_01674,,-1.574191653,5.46981E-12,6.80992E-09
P_01675,,-1.258339208,2.5279E-06,0.00026227
P_01676,,0.28238813,0.273383046,0.655726698
P_01677,,0.280645998,0.22870716,0.602367391
P_01678,,0.449638436,0.116619563,0.44420383
P_01679,rpfC,-0.036217581,0.881787906,0.966633691
P_01680,narL,-0.100977069,0.731799173,
P_01681,,-0.246829879,0.40211089,
P_01682,iolG_2,-0.200558669,0.413752878,0.777632094
P_00170,adh1,-0.192516692,0.412875851,0.777632094
P_01683,rppH_3,0.163949297,0.635684068,
P_01684,,0.768914272,0.011771933,
P_01685,,-0.164444162,0.631442801,
P_01686,,-0.217136534,0.527122634,
P_01687,,-0.277757778,0.520533831,
P_01688,ubiG_3,-0.275442943,0.361063173,
P_01689,purB_1,-0.68300219,0.028285873,
P_01690,pcaB_1,-0.773127476,0.024997342,
P_01691,,-1.150102098,0.000198943,
P_01692,,-1.372147941,1.88503E-05,0.001436557
P_00171,,-0.338465194,0.162321574,0.517663194
P_01693,,-0.162685372,0.502313912,0.829029116
P_01694,,0.312097822,0.258596556,0.639641149
P_01695,,0.435671383,0.134128969,0.471595094
P_01696,pknB,0.574162584,0.069696139,
P_01697,prpC_2,0.123105215,0.780232005,
P_01698,,-0.129226375,0.631882733,0.885509501
P_01699,,-0.183049994,0.706645098,
P_01700,,-0.236251144,0.595813207,
P_01701,,0.248469006,0.747329961,
P_01702,,-0.178805508,0.681025567,
P_00172,djlA,0.073441417,0.7707279,0.942898365
P_01703,,-1.896421577,0.565348846,
P_01704,norR_2,0.223277911,0.601748358,
P_01705,,0.104217757,0.883240049,
P_01706,,0.214279381,0.608554434,
P_01707,,0.911551213,0.405347013,
P_01708,,-0.070943068,0.877623348,
P_01709,,0.879234279,0.302558337,
P_01710,,-0.134836321,0.726494903,
P_01711,hcpA,0.144776164,0.779323292,
P_01712,,-0.185756823,0.57698255,
P_00017,,0.429670722,0.306360299,
P_00173,murU,0.344340484,0.1673507,0.522838126
P_01713,ppiC_1,-0.799269724,0.004167495,0.062014323
P_01714,,0.184764786,0.503679322,0.829029116
P_01715,yejB_1,0.427664967,0.190704215,
P_01716,yejE_1,0.20944123,0.529324084,
P_01717,yejF_1,-0.05378363,0.851971575,0.959292568
P_01718,norR_3,0.106612452,0.755051333,
P_01719,,0.096143852,0.815488582,
P_01720,bdhA,0.120048602,0.726601516,
P_01721,acsA_3,-0.219092548,0.470064188,
P_01722,rcsC_2,0.304854073,0.200260499,0.572450485
P_00174,amgK,0.199499005,0.399833663,0.768518923
P_01723,ppiC_2,0.075682187,0.837477687,
P_01724,kdgK_1,-0.267514485,0.442034396,
P_01725,,-0.583748258,0.023608206,0.179627264
P_01726,ttgV,-0.156295992,0.563639736,0.855620664
P_01727,yabJ_1,-0.056699224,0.870896073,
P_01728,glnQ_4,-0.708055091,0.020812727,0.166814454
P_01729,tcyB,-0.35661646,0.507769129,
P_01730,glnP_3,-0.849460045,0.091374016,
P_01731,peb1A,-1.198294141,0.014022691,
P_01732,,0.433611595,0.496863976,
P_00175,lptD,0.14055329,0.521401267,0.833255411
P_01733,,0.597129859,0.030124243,0.209511372
P_01734,trpA_2,-0.415762344,0.105773411,0.426634654
P_01735,trpB_2,-0.230281121,0.317527259,0.700706487
P_01736,trpI,-0.324621571,0.240670757,0.617804314
P_01737,yqjD_1,-0.659896373,0.004703971,0.066550493
P_01738,,-0.746551047,0.004623873,0.065840121
P_01739,,-0.795685094,0.00133083,0.029764369
P_01740,fgd_2,-1.315128501,4.65011E-09,1.99636E-06
P_01741,osmC,-0.800212575,0.000284498,0.010038845
P_01742,,0.223439336,0.511849093,
P_00176,surA,0.201938754,0.362829157,0.737994574
P_01743,,-0.094989688,0.728608724,0.929424038
P_01744,,0.002168197,0.99304782,0.996428277
P_01745,,-0.228445048,0.437782435,
P_01746,yrdA_1,-0.169870123,0.502341932,0.829029116
P_01747,prlC_1,-0.896352685,3.50635E-05,0.002381131
P_01748,,-0.923914792,0.000196484,0.008001141
P_01749,,-0.600415281,0.127899152,
P_01750,,0.038893849,0.87266755,0.963757813
P_01751,,0.20382448,0.398171204,0.768518923
P_01752,,0.393607053,0.097853465,0.410654709
P_00177,pdxA,0.267579108,0.286224659,0.668772083
P_01753,,-0.870685849,0.416413059,0.779600388
P_01754,cynT_1,-0.023121169,0.922511364,0.974704369
P_01755,,-0.113034852,0.68179454,0.9096826
P_01756,,0.468173693,0.044644892,0.264680429
P_01757,,-0.063836678,0.784906012,0.944466481
P_01758,ctaD,-0.54863401,0.051433036,0.28629268
P_01760,ctaG,-0.503643231,0.247547964,
P_01761,ctaE,-0.172118865,0.610683054,
P_01762,,-0.146438551,0.790769605,
P_00178,rsmA,0.392082492,0.153718274,0.504958446
P_01763,,-0.281127046,0.505910425,
P_01764,,-0.521574382,0.376111038,
P_01765,ctaA,0.132606238,0.683124913,
P_01766,ctaB,0.032545241,0.92914961,
P_01767,,0.015960618,0.948325196,0.981902032
P_01768,metQ_2,0.196669151,0.380374312,0.753286349
P_01769,metP,0.604432832,0.012687753,0.123408218
P_01770,metN_2,0.753391661,0.003478999,0.05482726
P_01771,katE,-0.618791384,0.00665197,0.083094012
P_01772,,0.378191427,0.114474716,0.440857763
P_00179,apaG,-0.09950473,0.715553874,0.92198932
P_01773,znuB_1,0.249198625,0.304091527,0.687935707
P_01774,znuC_1,0.360379524,0.129630247,0.466893898
P_01775,zur,0.163808673,0.499993328,0.829029116
P_01776,znuA,0.051476131,0.828003654,0.95592068
P_01777,thrB,0.324556989,0.169238932,0.52587971
P_01778,,0.308549941,0.249061025,0.628118116
P_01779,polA,0.007785302,0.972332037,0.990092737
P_01780,engB,0.377441015,0.097554754,0.409861651
P_01781,,0.126172734,0.597983875,0.87520349
P_01782,cc4,0.220490735,0.328516657,0.711250655
P_00180,apaH_1,-0.095659573,0.704273131,0.918987564
P_01783,dsbA,-0.21662839,0.360667428,0.736201854
P_01784,,-0.108155084,0.643275368,0.894459554
P_01785,,-0.062598439,0.793399612,0.948449794
P_01786,amiD_1,0.207795553,0.413922659,0.777632094
P_01787,kinB,-0.195058262,0.419246942,0.780601859
P_01788,algB,-0.008539045,0.969274564,0.988618514
P_01789,,-0.656327548,0.00317291,0.050861888
P_01790,,-0.912628708,0.000174825,0.007505421
P_01791,ivy,-0.981781448,8.61569E-06,0.000784868
P_01792,gltP_1,-0.159861345,0.499951422,0.829029116
P_00181,glpE_1,-0.148255057,0.56468673,0.855620664
P_01793,,-0.078114645,0.753799289,0.935673095
P_01794,,0.233584067,0.481398833,
P_01795,,0.023043869,0.939808285,
P_01796,mkl,-0.137190653,0.665665464,
P_01797,,0.165943886,0.579514847,0.862860998
P_01798,,-0.053099226,0.854380341,0.959292568
P_01799,,-0.340490762,0.16602298,0.522838126
P_01800,,-0.456490924,0.046141127,0.267604208
P_01801,,0.157878597,0.532297479,0.836717821
P_01802,citN_1,-0.005985881,0.988935498,
P_00182,,-0.76841964,0.000506074,0.015121497
P_01803,,0.178205593,0.467548841,0.812230196
P_01804,,0.290163015,0.246448295,0.624904536
P_01805,,0.002159889,0.994493886,
P_01806,,-0.251053701,0.320313668,0.703334246
P_01807,,-0.049271029,0.854828757,0.959292568
P_01808,cat1,0.287277687,0.258221994,0.639602021
P_01809,pntB,-0.234933032,0.305644772,0.68936185
P_01810,pntA,0.125452945,0.662052045,0.901482938
P_01811,pntAA,0.218699449,0.337071258,0.720044321
P_01812,gcvA_3,-0.50553816,0.040951002,0.254658687
P_00018,rhtB_1,0.060604304,0.793715558,0.948449794
P_00183,,-0.551638989,0.01587265,0.1421687
P_01813,mmgC_2,0.996674503,9.63972E-05,0.005000607
P_01814,uctC_2,0.995252075,6.57649E-05,0.003778951
P_01815,birA,0.157633889,0.626687424,
P_01816,coaX,-0.083078663,0.751631897,0.935469889
P_01817,,-0.326868373,0.26285052,
P_01822,secE,0.481999394,0.034106167,0.223492089
P_01823,nusG,0.589688338,0.007876885,0.092808094
P_01824,rplK,0.593165635,0.024703106,0.184163873
P_01825,rplA,0.615895875,0.017327496,0.151564867
P_01826,rplJ,0.444945346,0.064570027,0.328863239
P_00184,,-0.341193115,0.138027831,0.476477407
P_01827,rplL,0.320785478,0.172165208,0.530558622
P_01828,rpoB,0.202971724,0.35573901,0.733399916
P_01829,rpoC,0.180120664,0.403640002,0.769631267
P_01830,rpsL,0.403797688,0.062341836,0.321428373
P_01831,rpsG,0.386821404,0.073713396,0.356170161
P_01832,fusA,0.249225293,0.257844219,0.639602021
P_01833,tufA,0.06331332,0.769129668,0.94248665
P_01834,rpsJ,0.589923206,0.01112871,0.114974546
P_01835,rplC,0.725129865,0.00275262,0.04781877
P_01836,rplD,0.705445437,0.006873392,0.085007015
P_00185,cca,-0.30131638,0.208191285,0.580727743
P_01837,rplW,0.579345466,0.012214009,0.121006161
P_01838,rplB,0.532014799,0.019128757,0.159122292
P_01839,rpsS,0.517414772,0.020365374,0.165718238
P_01840,rplV,0.459123134,0.047615895,0.273608258
P_01841,rpsC,0.397051966,0.072436939,0.353159793
P_01842,rplP,0.360963116,0.097440559,0.409842891
P_01843,rpmC,0.386927929,0.106355869,0.426816692
P_01844,rpsQ,0.351459657,0.11407283,0.440601881
P_01845,rplN,0.339783125,0.125010694,0.459911895
P_01846,rplX,0.324938653,0.160979562,0.515654504
P_00186,folK_1,0.484015679,0.081490555,0.372229166
P_01847,rplE,0.18747123,0.390474348,0.763171999
P_01848,rpsN,0.147041468,0.497511791,0.828705023
P_01849,rpsH,0.620887984,0.004423167,0.063990867
P_01850,rplF,0.626949503,0.007043344,0.085690199
P_01851,rplR,0.506592555,0.020492931,0.166032753
P_01852,rpsE,0.484386791,0.030402989,0.209511372
P_01853,rpmD,0.386937577,0.084694955,0.380211126
P_01854,rplO,0.454920954,0.040242976,0.251350359
P_01855,secY,0.631324557,0.004338666,0.063482074
P_01856,rpsM,0.594730784,0.010702801,0.112923617
P_00187,folB,0.217448723,0.403716417,0.769631267
P_01857,rpsK,0.564369038,0.015147147,0.137316975
P_01858,rpsD,0.497568326,0.027060471,0.195231236
P_01859,rpoA,0.48677588,0.028350102,0.201307287
P_01860,rplQ,0.330654028,0.13360801,0.470779169
P_01861,cat,-0.814933952,0.000345431,0.011219014
P_01862,bfr_2,-0.334196957,0.130579878,0.467298002
P_01863,uvrA_1,-0.212328927,0.390351943,0.763171999
P_01864,yajR,0.360459132,0.119532298,0.449600337
P_01865,ssb,-0.211692381,0.338269264,0.720044321
P_01866,tam_2,0.066456704,0.792310747,0.948449794
P_00188,plsY,0.303259496,0.213436136,0.584555152
P_01867,rutB_1,0.140885468,0.635357401,0.888786477
P_01868,rhaR_2,-0.162071859,0.535370697,0.83903595
P_01869,,-1.332472313,4.89845E-09,1.99636E-06
P_01870,,-1.329069353,7.36125E-07,9.76797E-05
P_01871,ybhN,-0.133011903,0.697838469,
P_01872,clsB,-0.496785306,0.043808098,0.261674609
P_01873,,-0.591196309,0.058957644,0.312723944
P_01874,,-0.242565178,0.306656667,0.6903934
P_01875,,-0.053491673,0.81775147,0.955510056
P_01876,rmlD_2,-0.028243365,0.901945678,0.970524129
P_00189,tsaD,0.484760642,0.037726279,0.240456744
P_01877,,-0.65011267,0.803805222,
P_01878,ompW,1.181484023,1.48299E-07,2.76948E-05
P_01879,,-0.126203773,0.701670547,
P_01880,,-0.272647931,0.37999115,
P_01881,,-0.713968881,0.016834491,
P_01882,,-1.529366314,2.26347E-06,0.000256183
P_01883,,-0.451623033,0.116956776,0.444388157
P_01884,ybbN,-0.117718613,0.623664107,0.88365811
P_01885,prmA_1,-0.141337089,0.691505654,
P_01886,,-0.279871948,0.322731906,0.705739854
P_00190,rpsU,0.190187159,0.422813983,0.782583702
P_01887,nrdR,0.269810156,0.293163718,0.677159238
P_01888,ribD,0.296619543,0.235676292,0.611285383
P_01889,ribE,0.017457051,0.944066917,0.981240771
P_01890,ribBA,0.005604128,0.982039445,0.992670454
P_01891,ribH,0.4686819,0.065059535,0.330608655
P_01892,,0.489554193,0.038218592,0.242260888
P_01893,thiL,0.698614679,0.004437385,0.063990867
P_01894,,0.293185521,0.27012774,0.651978482
P_01895,ribA,-0.143338716,0.571763382,0.859042634
P_01896,,0.344194821,0.330122204,
P_00191,dnaG,0.400912032,0.093937214,0.402357219
P_01897,btuF_1,0.045183034,0.879483843,0.966475249
P_01898,btuB_3,0.369522288,0.169463118,0.526138608
P_01899,dxs_2,0.382479895,0.082339088,0.374778669
P_01900,ispA,0.165715175,0.519899101,0.833255411
P_01901,xseB,-0.093634907,0.787271896,
P_01902,,-0.527809401,0.044956487,0.264846181
P_01903,,-0.424214121,0.185963286,
P_01904,,-0.191418859,0.515456741,0.830321006
P_01905,,-0.051723624,0.843180836,0.95787105
P_01906,,-0.700295233,0.09269053,
P_00192,rpoD,-0.047415671,0.842859818,0.95787105
P_01907,,-0.774674424,0.142722097,
P_01908,,-1.192298762,0.002974389,
P_01909,,-0.819354567,0.109414401,
P_01910,,-1.661539215,0.000937296,
P_01911,,0.019221083,0.942192114,0.980872847
P_01912,,-0.448198219,0.052431772,0.289693295
P_01913,,-0.004187433,0.985939846,0.994490321
P_01914,dpkA,-0.116443068,0.645920225,0.89584554
P_01915,,-0.535457786,0.017497363,0.152139491
P_01916,,-0.019535734,0.945558538,0.981289564
P_00019,anoR_1,-0.002761942,0.990913271,0.995979835
P_00193,mltF_1,0.133139425,0.600856777,0.875712943
P_01917,nodD2_2,0.123710424,0.60366232,0.875943576
P_01918,,0.046724189,0.847798498,0.958412836
P_01919,,0.329514416,0.245223315,0.623649654
P_01920,xanP_1,0.497747898,0.072893123,0.353719853
P_01921,,-0.487610238,0.057081902,0.305445419
P_01922,ghrB_1,-0.391163313,0.15055411,0.500868513
P_01923,ttuB_2,-0.676843988,0.018794509,0.157393481
P_01924,kdgK_2,-0.418158358,0.116209474,0.443806121
P_01925,,0.232489425,0.483836528,
P_01926,kdgR_1,0.261397715,0.321160334,0.704778995
P_00195,xerC_2,-0.604065478,0.037809265,0.240575137
P_01927,eamB_1,0.047710282,0.938913283,
P_01928,yesS,0.498668436,0.444810365,
P_01929,,-0.011849694,0.976868963,
P_01930,,0.238532977,0.465061781,
P_01931,mexB,0.045461671,0.845456757,0.95787105
P_01932,mexA,0.013106052,0.957940347,0.984352242
P_01933,phoP_1,-0.18935619,0.441834045,0.793479753
P_01934,sasA_9,0.295037117,0.204885739,0.578469151
P_01935,,0.05976,0.843729009,
P_01936,sigK,-0.132280101,0.655136507,
P_00196,,0.59964076,0.420787262,
P_01937,,-0.076242074,0.818358121,
P_01938,,0.576120899,0.0231642,0.17802117
P_01939,ssuD_2,-0.127922261,0.668078115,
P_01940,map_1,-0.158974095,0.57250137,0.85944237
P_01941,,-0.117867571,0.818548949,
P_01942,,-0.171050073,0.529037684,0.835245802
P_01943,,-0.288415931,0.212825722,0.58443616
P_01944,pfkB,-0.355827403,0.22400856,0.597196269
P_01945,xylB_1,-0.538527419,0.043073189,0.261076964
P_01946,por,-0.279817152,0.416726936,
P_00197,,-1.779299441,0.334262645,
P_01947,malK,0.032343036,0.925536194,
P_01948,sugB_1,-0.133711647,0.742967202,
P_01949,lacF,-0.018905844,0.964474747,
P_01950,,0.205509161,0.471880091,0.814695306
P_01951,,0.003725907,0.994237866,
P_01952,rhaS_4,-0.270814722,0.370337699,
P_01953,,0.18697583,0.495606596,0.828705023
P_01954,,0.013986024,0.96928161,
P_01955,tpx,-0.456022211,0.050388627,0.283436025
P_01956,mdtA_3,-0.160665641,0.527804704,0.83523824
P_00198,,-0.385985021,0.547787695,
P_01957,mdtB_2,0.272383688,0.277625496,0.658787311
P_01958,mdtC_1,0.358579504,0.15713029,0.510094488
P_01959,oprM_3,0.166352574,0.567621796,0.857285648
P_01960,,0.101900975,0.681187614,0.909630225
P_01961,ygfF,-0.161786243,0.499738436,0.829029116
P_01962,,-0.398636281,0.284271268,
P_01963,norG_1,-0.029049221,0.913025804,0.972832448
P_01964,,0.111962127,0.650815971,0.898963628
P_01965,,-0.178076125,0.479780048,0.81992666
P_01966,srpB,-0.080729619,0.750066279,0.93507929
P_00199,,-0.165478833,0.848647583,
P_01967,,-0.171600769,0.5522081,0.850448531
P_01968,glgE2,-0.76459953,0.000778735,0.021230481
P_01969,acpP_1,-0.004898057,0.99434164,
P_01970,lrpC_1,-0.278866366,0.372902023,0.747859959
P_01971,yedA_1,0.039776161,0.893623477,
P_01972,rhlE_2,-0.020752546,0.929479728,0.977012762
P_01973,,0.364676001,0.148850912,0.49817039
P_01974,,-0.062948111,0.829226176,0.95592068
P_01975,,-0.182634491,0.462898674,0.806402307
P_01976,tesB_2,-0.353160442,0.127871192,0.462789634
P_00200,virB6,0.033896172,0.898063772,0.970099548
P_01977,gph_2,-0.454399618,0.116670404,0.44420383
P_01978,,0.178313384,0.478022109,0.81962579
P_01979,,0.142989844,0.55309263,0.850492048
P_01980,,0.487368705,0.050768388,0.284287748
P_01981,ribN,0.091033623,0.710362209,0.92198932
P_01982,exuT_1,-0.26655303,0.339804166,0.721426654
P_01983,,-0.645068331,0.014586814,0.1341915
P_01984,nicS,0.076197303,0.792529286,0.948449794
P_01986,aroE_2,-0.630011053,0.16182393,
P_00201,,-0.026126714,0.95225449,
P_01987,aroQ_1,-0.842514781,0.084542181,
P_01988,,1.547033303,0.245686847,
P_01989,fecI_3,-0.566545716,0.23873141,
P_01990,,-0.804451442,0.022587399,0.174666531
P_01991,btuB_4,-0.365267345,0.239167449,0.61521379
P_01992,hasA,-1.88172116,0.170143444,0.527812097
P_01993,prsD_1,0.094672101,0.804923121,
P_01994,prsE_1,-0.427544396,0.360395769,
P_01995,tolC_1,-0.112031756,0.766979904,
P_01996,,-0.181578899,0.605900058,
P_00202,,-0.228955078,0.714761208,
P_01997,,-0.259413214,0.362970826,0.737994574
P_01998,trmA,0.203423963,0.408368271,0.775028198
P_01999,adeQ,0.271096054,0.263279726,0.645367046
P_02000,,0.066764446,0.834114845,
P_02001,yagT,-0.56792432,0.024212839,0.182696876
P_02002,yagS,-0.735868218,0.002457575,0.04434321
P_02003,yagR,-0.634576445,0.006047371,0.078155469
P_02004,entS,0.072528912,0.812026161,
P_02005,cydA,0.405309973,0.068751399,0.342549336
P_02006,cydB,0.283281363,0.203763586,0.578411434
P_00203,,-0.06332902,0.893935095,
P_02007,,0.012095361,0.965310429,0.987844096
P_02008,rlmG,0.285972185,0.224619832,0.597972255
P_02009,anoR_2,-0.125158683,0.671725258,
P_02010,fpr_2,-0.129501209,0.604749086,0.876589947
P_02011,mscL,-0.360601441,0.111284799,0.434324685
P_02012,katB,-0.672050828,0.011361242,0.11642913
P_02013,,-0.277086969,0.571677362,
P_02014,radA,-0.375887399,0.118536111,0.446753155
P_02015,,-0.217481837,0.42357482,0.782583702
P_02016,btsT,-0.239810496,0.289479325,0.672853998
P_00002,,0.170060303,0.762840888,
P_00020,trpC_1,-0.407105477,0.216613057,
P_00204,,0.217302726,0.422328583,0.782583702
P_02017,,-0.629943313,0.155418973,
P_02018,yjiA,-0.276781421,0.426384406,
P_02019,glyA_2,0.027499748,0.903485298,0.971363727
P_02020,,0.257680492,0.273820835,0.655726698
P_02021,ettA_1,-0.001859788,0.993226901,0.996428277
P_02022,catM_2,-0.116171388,0.661535228,0.901482938
P_02023,ynfM_1,-0.804445334,0.006705737,0.083486423
P_02024,,-0.724013851,0.012936756,0.125178198
P_02025,mdtL_3,-0.323448215,0.220872394,0.593922528
P_02026,,-0.285313038,0.351352082,
P_00205,top6B,0.037604176,0.894922396,0.968805849
P_02027,,-0.488720513,0.175854036,
P_02028,pphA,-0.306428232,0.415146029,
P_02029,gdhA,-0.546541736,0.027647777,0.198585475
P_02030,greA_2,-0.325872511,0.20136036,0.57410759
P_02031,,-0.605732316,0.055993008,
P_02032,,-0.150129668,0.613942836,0.882357441
P_02033,pchB,-0.327735453,0.361980782,
P_02034,,-0.000748238,0.997542805,0.998612269
P_02035,,-0.646586825,0.003262671,0.052077246
P_02036,lon_1,-0.409084135,0.077439788,0.36622532
P_00206,,0.465245294,0.30148407,
P_02037,,1.387972998,0.213752824,
P_02038,,0.379865068,0.138367625,0.476477407
P_02039,,-0.010124119,0.974027869,
P_02040,,0.021949804,0.959054379,
P_02041,,-0.084666321,0.833400261,
P_02042,phaA,0.157727834,0.534799094,0.83903595
P_02043,scoB,0.157119354,0.546583803,0.846389098
P_02044,scoA,0.195868844,0.393245917,0.764969232
P_02045,cynR_3,-0.262080384,0.314710761,0.700086178
P_02046,,-0.868804506,0.000197083,0.008001141
P_00207,,0.348398837,0.418504875,
P_02047,cobB,-0.198446727,0.40354962,0.769631267
P_02048,hrp1,-0.275008783,0.303846835,0.687935707
P_02049,topB_3,-0.369664397,0.163302544,0.519535775
P_02050,nanT_2,0.263345042,0.493735091,
P_02051,alkJ,0.875388731,0.010862596,0.113646487
P_02052,gltR_1,-0.208498891,0.409245082,0.775510087
P_02053,,-0.272728861,0.401987301,
P_02054,puuA_1,-0.879499328,0.004461505,
P_02055,,-1.308649865,0.000707796,
P_02056,rcnB,-0.517847213,0.039869472,0.249434635
P_00208,lrp_1,-0.312156371,0.46144571,
P_02057,mdtH_1,-0.150526972,0.58065744,0.863701926
P_02058,,-0.545220195,0.108496712,
P_02059,malT_3,-0.24715954,0.269800963,0.651914769
P_02060,,-1.053633216,9.69652E-06,0.000862298
P_02061,,-0.151092323,0.57392542,0.860734943
P_02062,fbp_2,0.131654237,0.678525333,
P_02063,,0.220537492,0.452360864,
P_02064,mgtA_1,-1.027189728,0.000129098,0.006205156
P_02065,mgtC,-1.440650772,9.83271E-07,0.000122417
P_02066,bvgA_2,-0.829535549,0.004960738,0.068878655
P_00209,iaaM_1,0.109345728,0.67232569,0.904083575
P_02067,bvgS_1,-0.013363213,0.957068146,0.984352242
P_02068,,-0.363028433,0.305965909,
P_02069,aroF_1,-0.664577654,0.004765644,0.066767617
P_02070,,-0.328632105,0.345565882,
P_02071,,-0.34950865,0.13447089,0.471595094
P_02072,,-0.313491202,0.402978702,
P_02073,,-0.347479028,0.592111297,
P_02074,,-0.044592725,0.85414329,0.959292568
P_02075,gacA,0.077763964,0.73953272,0.933866312
P_02076,uvrC,0.386498303,0.105225383,0.424925304
P_00210,ramA_1,-0.218756465,0.407788724,0.774321751
P_02077,pgsA,0.399368478,0.153992641,0.505415215
P_02079,,0.096747442,0.695344581,0.917543339
P_02080,,0.478812275,0.082439484,0.374778669
P_02081,,0.076280195,0.811829269,
P_02082,,0.024136377,0.967370802,
P_02083,,-0.243722421,0.500080865,
P_02084,rclR_1,0.11010752,0.658186992,0.901482938
P_02085,nepI_1,-0.378386066,0.266865846,
P_02086,prlC_2,0.079107416,0.801782475,
P_02087,,-0.055964786,0.834698031,0.95592068
P_00211,,0.027443051,0.906123556,0.971934496
P_02088,,-0.142675448,0.624365759,0.883670371
P_02089,sacB,-0.237854479,0.460301941,0.803377454
P_02090,,-0.316027695,0.450154936,
P_02091,,-0.624243391,0.032489832,0.217318066
P_02092,rcsC_3,-0.184372965,0.418385179,0.780021176
P_02093,ydaD,-0.883940171,0.000271593,0.009753838
P_02094,rcsC_4,0.273923107,0.255436121,0.638163151
P_02095,purD,0.543226537,0.0243031,0.183008226
P_02096,purH,0.557675881,0.013537288,0.129313992
P_02097,fis,0.280830314,0.295858344,0.678188777
P_00212,pqqA,-0.172500839,0.605926741,
P_02098,dus,0.670361236,0.002486596,0.044514704
P_02099,,0.310616716,0.179580398,0.544425963
P_02100,prmA_2,0.291234457,0.234054893,0.608770909
P_02101,accC,-0.253441644,0.25517915,0.637947874
P_02102,accB,-0.082768544,0.715918629,0.92198932
P_02103,aroQ1,-0.149295144,0.613678382,0.882357441
P_02104,ctpL,0.226966603,0.526032545,
P_02105,rssB_5,0.485093535,0.036869388,0.235396865
P_02106,,-0.247754066,0.259388479,0.641175359
P_02107,yfcD,-0.133311878,0.602238312,0.875712943
P_00213,pqqB,0.238795122,0.294764546,0.678188777
P_02108,yciH,0.381138134,0.113801536,0.440009046
P_02109,speA,0.029284436,0.894432132,0.968600758
P_02110,dinF,0.267356488,0.338880015,0.720044321
P_02111,yfhM,0.15822425,0.48693494,0.823314622
P_02112,,-0.030000344,0.907736235,0.97216211
P_02113,pbpC,0.198728686,0.462687089,0.806402307
P_02114,,-0.516825265,0.125943326,
P_02115,cmoM,-0.400619193,0.099823943,0.415192011
P_02116,,-0.30033833,0.209013144,0.582150704
P_02117,,-0.314879587,0.189645999,0.558916802
P_00021,,-0.382636079,0.198150652,
P_00214,pqqC,0.297968047,0.214150736,0.585972893
P_02118,,-0.063366374,0.792436184,0.948449794
P_02119,sasA_10,-0.236124991,0.352273623,0.728578193
P_02120,,0.00972848,0.97330903,0.99081745
P_02121,,-0.032708123,0.920411128,
P_02122,rssB_6,-0.085414084,0.73931022,0.933866312
P_02123,,-0.361785009,0.598273019,
P_02124,,-0.414029235,0.29388935,
P_02125,,-0.017677513,0.95856564,
P_02126,,-0.310551807,0.457312235,
P_02127,,-0.380694133,0.302909845,
P_00215,pqqD,0.245660226,0.510760594,
P_02128,,0.247033319,0.510605607,
P_02129,,-0.223750955,0.389450582,0.762767659
P_02130,,-0.118518041,0.702685422,
P_02131,,0.845390394,0.013065983,
P_02132,atoC_2,0.768779104,0.048370197,
P_02133,hxuB,-0.461049684,0.104580404,0.424464406
P_02134,,-0.227707319,0.395490117,0.764969232
P_02135,,-0.791087832,0.001658634,0.034416663
P_02136,hcaB_3,-0.740738118,0.001077842,0.025479374
P_02137,fadI_1,-0.293928256,0.18996678,0.558937211
P_00216,mftC,0.041923735,0.854466869,0.959292568
P_02138,,-0.342116807,0.13514695,0.472634697
P_02139,hmrR,-1.524445763,1.12192E-05,0.000931194
P_02140,pacS,-2.257300858,0.054564545,0.297563014
P_02141,,-0.468063216,0.07749414,0.36622532
P_02142,copZ,-1.858038815,8.49967E-08,1.76368E-05
P_02143,bcr_1,-0.830361206,0.002622634,0.046205361
P_02144,,-0.326160734,0.327388167,
P_02145,,-1.021239278,0.000152039,0.0069596
P_02146,,-0.796214457,0.011091713,
P_02147,dmlR_4,-0.50374087,0.069599044,0.344382934
P_00217,,-0.449062517,0.091028588,0.396260813
P_02148,,-0.568811896,0.103382764,
P_02149,naiP_2,-0.121443008,0.695541402,
P_02150,,0.032176432,0.886547669,0.967072297
P_02151,chaA,0.026746043,0.915811073,0.973383778
P_02152,,-0.335518884,0.696186506,
P_02153,,-1.017330415,0.334233741,
P_02154,,-0.526003965,0.047508341,0.273608258
P_02155,,-0.237359327,0.338418732,0.720044321
P_02156,,0.178275326,0.55016916,0.848853318
P_02157,,-0.076445762,0.770717411,0.942898365
P_00218,,0.213172807,0.481253219,
P_02158,,0.592790566,0.009806084,0.106510321
P_02159,nadE,-0.463791968,0.038333651,0.242260888
P_02160,pncB2,-0.165672676,0.475463866,0.817613968
P_02161,gcvA_4,-0.152400424,0.636473586,
P_02162,gabD,-0.152011319,0.551522439,0.850448531
P_02163,puuB_1,-0.188619788,0.600563166,
P_02164,braC_1,-0.653400997,0.023709837,0.179627264
P_02165,livH_1,-0.194979311,0.600076549,
P_02166,,-0.243347481,0.490497962,
P_02167,glnQ_5,-0.395607811,0.415321004,
P_00219,argD_1,0.265469399,0.253241402,0.634377355
P_02168,livF_1,-0.162437351,0.714221261,
P_02169,isfD,-0.350642067,0.134327401,0.471595094
P_02170,zitB,0.080528916,0.752429764,0.935673095
P_02171,,0.009855179,0.96950439,0.988618514
P_02172,,-0.409126978,0.195920368,
P_02173,ureG,-0.753764827,0.013702394,
P_02174,ureF,-0.787472216,0.043290768,
P_02175,ureE,-0.561281448,0.072079226,
P_02176,,0.023393159,0.956361511,
P_02177,fabR,-0.158059544,0.564499924,0.855620664
P_00220,cynR_1,0.604575347,0.033492928,0.221801571
P_02178,,-0.874026676,0.000185574,0.007876344
P_02179,,-0.031285538,0.88883095,0.967623585
P_02180,,-0.674911579,0.002266274,0.042322659
P_02181,lips,-0.314680933,0.275432117,0.657075039
P_02182,,0.060841216,0.856030461,
P_02183,nimR_2,-0.252702783,0.394176556,
P_02184,psiF,-0.463388789,0.059176583,0.312723944
P_02185,,-0.128098567,0.60341747,0.875943576
P_02186,dnaK_2,0.687837235,0.013725972,0.130781902
P_02187,,0.023634693,0.923951507,0.9751226
P_00221,dmdC_1,-0.089084057,0.707266821,0.920753426
P_02188,cbpA,-0.554931327,0.010768687,0.113298723
P_02189,ureC,-0.278305838,0.240205944,0.617459876
P_02190,ureB,-0.05056255,0.928790614,
P_02191,ttr,-0.396393139,0.3170158,
P_02192,,-0.17505297,0.613245206,
P_02193,ureA,-0.262343852,0.492622416,
P_02194,ureD,-0.072050881,0.829329691,
P_02195,livF_2,-0.395589605,0.454089708,
P_02196,lptB_2,-0.09865611,0.844440841,
P_02197,,0.21709007,0.470817072,
P_00222,dmdC_2,0.149677723,0.553104467,0.850492048
P_02198,,-0.204025263,0.545918768,
P_02199,amiC_1,-0.833142149,0.011498909,
P_02200,,-0.012229658,0.976976922,
P_02201,pfeA_2,-0.013713494,0.971664533,
P_02202,,0.39600165,0.594907911,
P_02203,,0.114333375,0.733546851,
P_02204,,0.29433757,0.318524043,0.700849848
P_02205,,0.422789131,0.378030104,
P_02206,cobK,0.053049791,0.879869588,
P_02207,cobL,-0.031874339,0.900376704,0.970388343
P_00223,,0.127323135,0.631090501,0.885056958
P_02208,sir_1,0.312507331,0.24574899,0.623649654
P_02209,cobH,0.473143034,0.10619429,0.426816692
P_02210,cobI,0.668129795,0.029463886,0.206999327
P_02211,cysG_1,0.409714056,0.109550146,0.432535689
P_02212,,0.173397622,0.710427538,
P_02213,,0.302716417,0.38684252,
P_02214,norG_2,-0.197940046,0.380263015,0.753286349
P_02215,,-0.001302289,0.996206579,0.997541977
P_02216,,-0.160499478,0.496387922,0.828705023
P_02217,,-0.098244437,0.665148937,0.903393192
P_00022,wbpE_1,-0.270894208,0.314508996,0.70005429
P_00224,dmdC_3,-0.094331321,0.662446492,0.901482938
P_02218,,-0.198871016,0.398473428,0.768518923
P_02219,,-0.750214629,0.002519921,0.0448186
P_02220,,-0.373115542,0.184356465,0.550857117
P_02221,,-0.169407745,0.64731559,
P_02222,,-0.074457644,0.821995788,
P_02223,,0.303655475,0.323096571,
P_02224,,0.203233786,0.391739363,0.764843974
P_02225,fadA_3,0.228230525,0.305518611,0.68936185
P_02226,fadJ,-0.188822369,0.38840499,0.76230392
P_02227,,-0.1778502,0.42835815,0.785671047
P_00225,,-0.31659206,0.687779765,
P_02228,corA,0.141261478,0.569930043,0.857579262
P_02229,plsC,0.336003971,0.340740143,
P_02230,fadB_2,-0.199026909,0.38061132,0.75335627
P_02232,,0.022891376,0.935316612,0.978545531
P_02233,,0.033656537,0.916985458,
P_02234,,0.006345703,0.980420263,0.992670454
P_02235,,-0.030561865,0.906358192,0.971934496
P_02236,,-0.052287319,0.824876455,0.95592068
P_02237,bdcA,-0.196684321,0.595881484,
P_02238,dmlR_5,-0.442683244,0.078630668,0.36622532
P_00226,,-0.133184175,0.607570469,0.879147627
P_02239,hyuE,-0.459703819,0.316510014,
P_02240,pucI_1,-0.377122021,0.424083219,
P_02241,cysH,-0.22684474,0.33757032,0.720044321
P_02242,,-0.084232791,0.748067419,0.935074931
P_02243,,-0.120461815,0.78304455,
P_02244,higB_1,-0.353027695,0.382836857,
P_02245,pabB,0.435035235,0.11080455,0.433884714
P_02246,rimK_2,0.561473727,0.019585859,0.161486054
P_02247,,0.757486747,0.001018462,0.02459698
P_02248,,0.49593232,0.109408773,
P_00227,bioD1,-0.608561076,0.033828402,0.223015159
P_02249,gntR_1,-0.320663628,0.179853235,0.544810895
P_02250,prpB,-0.583420407,0.020358965,0.165718238
P_02251,prpC_3,-0.716577056,0.007754693,0.091756042
P_02252,acnD,-0.642469751,0.005240552,0.070918339
P_02253,,-0.77534299,0.001939783,0.037734843
P_02254,prpD,-0.872536234,0.00081808,0.021517808
P_02255,,-0.381612518,0.192720205,0.559410322
P_02256,dapH_1,-0.458174959,0.126816097,0.462013283
P_02257,cysK_1,-0.431665065,0.143187842,0.485305436
P_02258,glpE_3,-0.705267216,0.003470897,0.05482726
P_00228,bioC,-0.827530378,0.003809865,0.058319039
P_02259,yedA_2,-0.495867196,0.069614221,0.344382934
P_02260,tauR,-0.266444336,0.260763096,0.643296013
P_02261,ppsR,0.23333688,0.310722807,0.697026836
P_02262,ppsA,0.001979144,0.992716154,0.996428277
P_02263,,0.052610065,0.838977757,0.956526838
P_02264,,-0.102888889,0.642725037,0.894456999
P_02265,zntB_1,-0.096465075,0.674532835,0.904949762
P_02266,,-0.211621765,0.446090695,0.797377652
P_02267,,-0.048097675,0.831888735,0.95592068
P_02268,,-0.138826754,0.524667336,0.83523824
P_00229,bioH,-0.79805752,0.002666482,0.046558246
P_02269,oprF,-0.166302108,0.441884307,0.793479753
P_02270,sumT,0.161370403,0.693155509,
P_02271,nasA_1,0.01482518,0.963971732,
P_02272,hcaC,0.421624302,0.67917834,
P_02273,nasD,0.003276559,0.993017869,
P_02274,pknD_2,-0.136042285,0.775261186,
P_02275,nasA_2,-0.084262686,0.859257395,
P_02276,pdtaR,-0.136717428,0.823261425,
P_02277,nrtA,-0.455470529,0.188543188,
P_02278,,0.181373982,0.641929235,
P_00230,bioF,-0.945310912,0.000656375,0.018295232
P_02279,,0.31941324,0.852325426,
P_02280,,-0.676706718,0.117959459,
P_02281,cysS,-0.06295894,0.780551687,0.943048187
P_02282,glnS,0.056489689,0.805889834,0.952558679
P_02283,,-0.302709526,0.210132224,0.582170107
P_02284,lpxH_1,0.284457092,0.299679105,0.682130883
P_02285,emrB_1,0.731941284,0.001823706,0.03642535
P_02286,emrA_2,0.404772468,0.093442923,0.401621769
P_02287,ttgF,-0.017884502,0.939523239,0.979927199
P_02288,slyA_3,-0.235063296,0.37592985,0.748938546
P_00231,bioB,-0.891478684,0.001690372,0.034549961
P_02289,,0.340135511,0.421860652,
P_02290,rcsC_5,0.004689089,0.987840935,
P_02291,rcsC_6,0.126802083,0.731064933,
P_02292,rcsC_7,0.07631495,0.7649602,0.939844193
P_02293,rcsB_2,0.090206887,0.848866577,
P_02294,mrpA_1,0.33964554,0.366141305,
P_02295,lpfB,0.17751122,0.775113449,
P_02297,,0.154614562,0.511044759,0.829029116
P_02298,tamA,0.226127466,0.35833867,0.734977997
P_02299,,-0.389219805,0.123062912,0.45629892
P_00232,,-0.133248981,0.743498879,
P_02300,xthA,-0.509592938,0.035960235,0.231172941
P_02301,,0.027757786,0.937646258,
P_02302,bbsG,-0.083979744,0.730531677,0.929832799
P_02303,pcpR_1,0.086322088,0.739667964,0.933866312
P_02304,cueR,-0.144130947,0.636587496,
P_02305,liuE,-0.038789671,0.871044193,0.963757813
P_02306,,0.182540689,0.458982581,0.802574879
P_02307,fadD3,-0.305183158,0.273543584,0.655726698
P_02308,mmgC_3,-0.698209023,0.007144472,0.086079364
P_02309,,-0.266192936,0.304775632,0.688649114
P_00233,modE,-0.365908356,0.181697212,0.547259289
P_02310,menB_1,-0.00879291,0.977950002,
P_02311,accA1_2,-0.175180958,0.489877871,0.82567412
P_02312,,-0.099604792,0.783250767,
P_02313,,0.05599509,0.826855307,0.95592068
P_02314,,-0.296704284,0.221683826,0.594819749
P_02315,yceJ_1,-0.51938112,0.130764918,
P_02316,srpA,-0.347825409,0.171278105,0.528501816
P_02317,echA8_1,-6.34464E-05,0.999840742,
P_02318,,0.080651528,0.868411944,
P_02319,tycB_1,-0.159040508,0.680846294,
P_00023,wbpE_2,-0.167734742,0.497637139,0.828705023
P_00234,,-0.314820945,0.288834108,
P_02320,ecfG,0.032536865,0.936371328,
P_02321,,-0.436885609,0.178379529,
P_02322,,-0.029633496,0.936785384,
P_02323,,0.421155138,0.136490599,0.475497683
P_02324,,0.110219128,0.729971295,
P_02325,,-0.445894834,0.2675641,
P_02326,,-0.255167619,0.434912287,
P_02327,,-0.145130918,0.695230832,
P_02328,,-0.107028156,0.659954142,0.901482938
P_02329,zapE_1,0.045298805,0.883326381,
P_00235,rdoA,0.078422223,0.749095178,0.935074931
P_02330,kdkA_1,0.0106426,0.968554921,0.988618514
P_02331,,-0.048821889,0.937251923,
P_02332,azoR_1,-0.03733585,0.949639202,
P_02333,yhcG,-0.378822904,0.248674145,
P_02334,,-0.352032348,0.136602146,0.475497683
P_02335,,-0.622126029,0.010914777,0.113873439
P_02336,,-0.211844696,0.410910721,0.776397331
P_02337,,-0.278486369,0.297605857,0.678915952
P_02338,,-0.371496444,0.251123906,
P_02339,,-0.442338509,0.239452398,
P_00236,rarD_1,-0.168574022,0.513842678,0.829029116
P_02340,,-0.286206004,0.383874829,
P_02341,yjfC,-0.042973148,0.894313902,
P_02342,,-0.198579546,0.649183985,
P_02343,,0.130806626,0.7352169,
P_02344,ycaC_1,-0.206072455,0.63026037,
P_02345,,-0.093992804,0.82801401,
P_02346,,-0.159388645,0.730281819,
P_02347,,-0.186476324,0.558723173,
P_02348,recD2,-0.003574809,0.987473063,0.995200186
P_02349,nucS,0.323092108,0.323096781,
P_00237,purU_1,-0.397899334,0.098805051,0.411871504
P_02350,,0.008454676,0.973716975,0.990892451
P_02351,,-0.213152615,0.60047091,
P_02352,,-0.109510371,0.656307355,0.901397631
P_02353,,0.124244114,0.767934963,
P_02354,,-0.240504953,0.424221557,0.783226652
P_02355,intA_4,-0.323083464,0.187992793,0.555491511
P_02356,prtR_2,0.295516995,0.621169202,
P_02357,ppa_1,-0.205908675,0.355284808,0.733142959
P_02358,mtfA,0.084717113,0.79100033,
P_02359,dedA,0.06283445,0.810386059,0.953620646
P_00238,glcB,-0.38841033,0.073147945,0.354354831
P_02360,,-0.416451086,0.085470564,0.381319737
P_02361,eutC,-0.628965987,0.029997981,0.209034438
P_02362,eutB,-0.370448667,0.133381924,0.470426331
P_02363,,-0.156294325,0.675110628,
P_02364,ald1,-0.571532105,0.017786537,0.152987891
P_02365,acoR_2,-0.356106684,0.138077141,0.476477407
P_02366,,-0.461112705,0.137024099,
P_02367,mpl,-0.253684692,0.271242408,0.653606706
P_02368,ubiX,-0.282333123,0.256443076,0.638327126
P_02369,,-0.061351479,0.850225469,
P_00239,rssB_1,0.306525041,0.204898858,0.578469151
P_02370,,-0.329432215,0.147903901,0.496335195
P_02371,,-0.046231377,0.845236468,0.95787105
P_02372,,-0.454816401,0.078862212,0.36622532
P_02373,cidA,0.048309555,0.88464941,
P_02374,yohK,0.087060859,0.741955503,0.934323602
P_02375,,-0.161770989,0.548921234,0.848250232
P_02376,,-0.092705286,0.816915254,
P_02377,,0.404151881,0.080252988,0.369304432
P_02378,,0.061842394,0.813213798,0.954536593
P_02379,proA,0.270377122,0.234551584,0.609214302
P_00240,guaB_1,-0.303751019,0.274570045,0.656962921
P_02380,nadD,0.364352546,0.124794534,0.459672175
P_02381,rsfS,0.39484377,0.080386748,0.369304432
P_02382,rlmH,0.549634118,0.02614839,0.1914985
P_02383,mrdA_1,0.804303869,0.000794601,0.021491808
P_02384,mrdB,0.80101144,0.001934247,0.037734843
P_02385,mltB,0.515486209,0.032751115,0.21804887
P_02386,rlpA_2,0.242468649,0.283242794,0.665353355
P_02387,dacC_1,0.313328645,0.168201469,0.524484661
P_02388,,0.023025365,0.9255828,0.976016871
P_02389,lipB,-0.041119162,0.854067471,0.959292568
P_00241,polC_1,0.334088812,0.34301943,
P_02390,lipA,-0.051061928,0.816405635,0.955510056
P_02391,norG_3,0.080123022,0.788589019,0.947067519
P_02392,,-0.424275761,0.100370912,0.4167003
P_02393,tdh_1,-0.145407555,0.508601913,0.829029116
P_02394,nodD2_3,0.069194564,0.769594671,0.942660992
P_02395,intS_2,-0.106489317,0.667524238,0.904083575
P_02396,namA_2,0.240361396,0.35711028,0.73366716
P_02397,,-0.072407133,0.863210346,
P_02398,,0.049493372,0.933427383,
P_02399,,0.25865874,0.317589629,0.700706487
P_00242,fecI_1,0.163483221,0.687251449,
P_02400,,0.578989266,0.043005476,0.261076964
P_02401,,0.264668663,0.376870754,
P_02402,,-0.418260662,0.473460557,
P_02403,luxB,0.782651625,0.036861399,
P_02404,,-0.033593121,0.93016078,
P_02405,,0.005669378,0.989697311,
P_02406,mdtC_2,0.097097647,0.737705507,0.933693687
P_02407,hcf136_1,0.190970694,0.504471244,0.829029116
P_02408,tyrA_1,0.49082482,0.156589088,
P_02409,,-0.198218661,0.513803898,0.829029116
P_00243,fecR_1,0.016317727,0.95852515,
P_02410,kdgK_3,-0.067610262,0.829759916,
P_02411,amtB_1,-0.023730992,0.938348275,
P_02412,fni,-0.258634895,0.495582776,
P_02413,,-0.11937373,0.828352192,
P_02414,purF_1,0.008447179,0.986654062,
P_02415,,-0.505237903,0.31592349,
P_02416,,0.035883961,0.887148983,0.967207656
P_02417,,-0.058597875,0.806127433,0.952558679
P_02418,,0.019567269,0.944505022,0.981240771
P_02419,purU_3,-0.801544519,0.007095011,0.086038527
P_00024,iolE_1,0.030386021,0.917441149,
P_00244,fhuA_1,-0.06520685,0.81238453,0.954536593
P_02420,folD_1,-0.401944729,0.1843431,
P_02421,soxB_2,-0.233092336,0.447462974,0.797744251
P_02422,soxD_2,0.115677099,0.772300909,
P_02423,soxA_2,-0.217090487,0.368064608,0.743896813
P_02424,,0.114180729,0.641840821,0.894456999
P_02425,pcaR_1,-0.146969331,0.622434114,
P_02426,,-0.231302707,0.505740206,
P_02427,,-0.382046563,0.117848413,0.446147927
P_02428,lutR_3,-0.018813745,0.938299414,0.979927199
P_02429,,0.013414699,0.962052112,0.986618517
P_00245,,-0.395043197,0.32098855,
P_02430,pagL_1,-0.460711857,0.322664284,
P_02431,,-0.220494371,0.600285855,
P_02432,,-0.191547179,0.64913543,
P_02433,,-0.094921171,0.801455111,
P_02434,pqiB_2,0.239975047,0.398726935,0.768518923
P_02435,pqiA_2,0.039648817,0.946185374,
P_02436,yebS_2,0.31776412,0.529539376,
P_02437,sasA_11,0.169655731,0.491429903,0.826560972
P_02438,baeR,0.331884632,0.223493369,0.596674576
P_02439,cusC,0.262138828,0.291896896,0.675905087
P_00246,,0.029610329,0.978594767,
P_02440,,0.374912029,0.342487188,
P_02441,mdtA_4,0.070406989,0.793232358,0.948449794
P_02442,swrC,0.034187851,0.892513164,0.968292149
P_02443,,0.467941952,0.637757512,
P_02444,,0.489130227,0.272713858,
P_02445,,0.07016305,0.847831304,
P_02446,,0.357146586,0.741537327,
P_02447,soj_3,0.290418558,0.409581259,
P_02448,,-0.666798857,0.606070985,
P_02449,,0.050860315,0.854412213,0.959292568
P_00247,yibF_1,-0.391268618,0.154208243,0.505678478
P_02450,,0.297752947,0.461476029,
P_02451,,0.272373504,0.356846323,0.733528353
P_02452,tcyA_1,0.038809404,0.879531291,0.966475249
P_02453,,-0.03780028,0.887189673,0.967207656
P_02454,,0.131252925,0.714638675,
P_02455,ygjP,0.218092495,0.420913021,0.782144345
P_02456,,-0.164628541,0.493460375,0.827546399
P_02457,alyA,-0.098317449,0.759487526,
P_02458,,0.206413119,0.579936707,
P_02459,,-0.702712052,0.314696525,
P_00248,,-0.48154169,0.773682843,
P_02460,,0.422619603,0.571358246,
P_02461,,1.155280489,0.059848596,
P_02462,cbbA,-0.211473276,0.333391662,0.716340362
P_02463,mliC,0.099394687,0.669569793,0.904083575
P_02464,,-0.125634356,0.628385628,0.885000121
P_02465,pgk,0.111107777,0.616091904,0.882357441
P_02466,epd,0.09086782,0.69211084,0.915056279
P_02467,tktA,-0.089296638,0.682647523,0.9096826
P_02468,ubiG_4,0.259096222,0.266233833,0.648918856
P_02469,metK,0.222323994,0.350060615,0.728578193
P_00249,creD,-0.418308383,0.232284677,
P_02470,,0.317669105,0.401995067,
P_02471,ligB,0.438198887,0.108092654,0.429737473
P_02472,,0.243124774,0.326971131,0.710434657
P_02473,,0.225320882,0.367357896,0.74367574
P_02474,mltA,0.158722093,0.512017677,0.829029116
P_02475,,-0.04969878,0.850666234,0.959292568
P_02477,nhaP_1,-0.044728341,0.870510529,0.963757813
P_02478,,-0.391815459,0.121800828,0.454471622
P_02479,,-0.126851317,0.646967027,0.896631483
P_02480,,-0.268672816,0.32209801,0.70542011
P_00250,creC,0.256929792,0.313779701,0.699895316
P_02481,,-0.230235458,0.329657457,0.712269628
P_02482,,0.12555772,0.616350887,0.882357441
P_02483,recF_2,0.159696183,0.527778923,0.83523824
P_02484,,-0.48242262,0.288466698,
P_02485,,-0.296913822,0.348721505,
P_02486,,-0.321275277,0.350697711,
P_02487,,-0.110597609,0.709397714,0.92198932
P_02488,clcA,-0.024531805,0.923913659,0.9751226
P_02489,trkI_2,0.139755953,0.687683526,
P_02490,,0.169553019,0.47881239,0.81962579
P_00251,creB,0.17660651,0.476987028,0.818349356
P_02491,polC_2,0.12700938,0.668003954,
P_02492,guaB_3,0.036516814,0.884126668,0.966633691
P_02493,,0.290449733,0.228751873,0.602367391
P_02494,,-0.193430964,0.514001899,
P_02495,rppH_4,0.028892038,0.936457703,
P_02496,nhaA_1,0.685678358,0.003982925,0.059743881
P_02497,ppa_2,-0.289415065,0.314062798,0.699895316
P_02498,,-0.30973895,0.348102586,
P_02499,crcB_1,-0.009951012,0.97938703,
P_02500,,-0.33402614,0.359453398,
P_00252,,0.097991229,0.697163572,0.917636962
P_02501,,0.027280414,0.937216242,
P_02502,,-0.150529613,0.587307671,0.867376098
P_02503,,-0.201636666,0.489675438,0.82567412
P_02504,,0.422802867,0.34223222,
P_02505,,0.489750438,0.128390019,
P_02506,,0.578547858,0.055757154,0.30195797
P_02507,,0.124082005,0.695117527,
P_02508,,0.124787118,0.597425448,0.875077551
P_02509,,-0.073039251,0.832382095,
P_02510,,0.023496026,0.958166115,
P_00253,yihG_1,0.517782357,0.051909716,0.287659923
P_02511,,0.022759295,0.973074569,
P_02512,,-0.225720636,0.416970338,0.7798619
P_02513,,0.301315588,0.330982043,
P_02514,,0.030761071,0.92755803,
P_02515,,0.425060703,0.11020959,0.432842079
P_02516,xerD_1,0.260730349,0.480877449,
P_02517,yabJ_2,-0.39244385,0.122542135,0.45629892
P_02518,fabF_1,-0.988569514,0.000235364,0.008879626
P_02519,,-0.366744303,0.212493204,0.584004501
P_02520,,-0.097947968,0.677140709,0.907569565
P_00025,lysK,-0.217547878,0.459369829,
P_00254,,0.600848454,0.014756525,0.135419217
P_02521,,0.371526556,0.276517719,0.657696402
P_02522,rssB_7,0.435084011,0.159661761,0.513198517
P_02523,sasA_12,0.301707263,0.327856172,0.711250655
P_02524,ssuA_1,-0.642642623,0.016584719,0.146094165
P_02525,moxC_1,-0.325069317,0.221624555,0.594819749
P_02526,,-0.26000537,0.312321917,0.698098361
P_02527,dmlR_6,-0.291871621,0.330440733,
P_02528,,-0.179293089,0.697411842,
P_02529,,-0.538761031,0.438457348,
P_02530,,0.094379782,0.869397445,
P_00255,,0.302304612,0.183255571,0.549766713
P_02531,fmt_1,0.155677125,0.554888336,0.852182539
P_02532,tmk_1,0.094864439,0.726331188,0.928421283
P_02533,,-0.097435677,0.691000869,0.913912268
P_02534,cycA,-0.038015498,0.869625002,0.963757813
P_02535,aphB,0.032627909,0.916031026,
P_02536,decR_1,-0.105892044,0.740938323,
P_02537,,-0.173990295,0.683010198,
P_02538,,0.06083214,0.890572423,
P_02539,dhmA,-0.351322036,0.363369347,
P_02540,,-0.270437538,0.548688,
P_00256,,0.092932046,0.721919753,0.925315153
P_02541,pytH,-0.291263791,0.347894497,
P_02542,dipZ,-0.55385556,0.174297264,
P_02543,,-0.33529258,0.616597151,
P_02544,ompR_3,-0.196012602,0.508821299,
P_02545,sasA_13,-0.066641134,0.828352078,
P_02546,,0.340525176,0.494914564,
P_02547,,0.293635265,0.351276449,
P_02548,,-0.101456504,0.717310885,0.922347349
P_02549,,0.069690804,0.815979447,0.955386593
P_02550,,-0.147357858,0.618140655,0.883146147
P_00257,fdhA_1,-0.480384425,0.087413831,0.386379479
P_02551,,-0.118514898,0.668542439,0.904083575
P_02552,,-0.128677439,0.61818047,0.883146147
P_02553,,-0.187037884,0.565725218,
P_02554,recF_3,0.069222345,0.783775847,0.944018958
P_02555,rep_2,-0.124749302,0.615883659,0.882357441
P_02556,,-0.417907817,0.454235409,
P_02557,,-0.475588375,0.383156604,
P_02558,,-0.66244101,0.060821697,
P_02559,,-0.516118716,0.043467808,0.261436818
P_02560,bcr_2,-0.017724662,0.944986092,0.981240771
P_00258,purU_2,-0.074292554,0.826319146,
P_02561,xerC_4,0.045133312,0.883601034,0.966633691
P_02562,,-0.143664799,0.568316962,0.857579262
P_02563,arnC_2,-0.050917339,0.816628142,0.955510056
P_02564,arnA,-0.067697685,0.759042744,0.938289081
P_02565,arnD,-0.167850496,0.474313025,0.816386705
P_02566,arnT_2,0.040586808,0.858899991,0.959796055
P_02567,arnE_2,-0.090232948,0.761482997,
P_02568,arnF_2,0.023208176,0.931357248,0.977964386
P_02569,rkpK,-0.09985872,0.658570517,0.901482938
P_02570,,-0.044583768,0.852375295,0.959292568
P_00259,soxG,-0.399493108,0.254287721,
P_02571,,-0.138339268,0.690218612,
P_02572,,0.698537054,0.03991264,
P_02573,menB_2,0.237704331,0.342208894,0.723754372
P_02574,mmgC_4,-0.08469094,0.748284587,0.935074931
P_02575,gcd,0.102140191,0.64260809,0.894456999
P_02576,,0.049185393,0.917400338,
P_02577,ddc,0.114713547,0.760662858,
P_02578,,-0.406067841,0.088077401,0.387401238
P_02579,,1.417258841,0.070511333,
P_02580,lon_2,-0.878691214,0.000129586,0.006205156
P_00260,soxA_1,-0.021082504,0.948514734,0.981902032
P_02581,,-0.212118683,0.417379383,0.77997231
P_02582,,-0.176308847,0.541879019,0.844707068
P_02583,cmoA,0.34398628,0.221942582,0.595037932
P_02584,cmoB_1,0.548532954,0.055076733,0.299871132
P_02585,tadA,0.044123035,0.901509401,
P_02586,mmcO,0.270454476,0.252889008,0.633940621
P_02587,pdxJ,0.054389752,0.828740626,0.95592068
P_02588,recO,0.369993526,0.249127102,
P_02589,era,0.556047447,0.016259983,0.143912408
P_02590,rnc,0.729404548,0.001794032,0.036025323
P_00261,soxD_1,-0.431544733,0.471241867,
P_02591,lepB,0.6253386,0.004772946,0.066767617
P_02592,lepA,0.721569377,0.001088611,0.02557209
P_02593,lptG,0.325108249,0.154817695,0.506343337
P_02594,lptF,0.380690198,0.099714544,0.415192011
P_02595,,0.380725434,0.561184754,
P_02596,pepA,-0.372987473,0.092065705,0.399345032
P_02597,holC,0.113435009,0.726034016,
P_02598,,0.212035136,0.394853055,0.764969232
P_02599,valS,0.138344561,0.530442581,0.835245802
P_02600,rlmF,0.2322243,0.337406402,0.720044321
P_00262,soxB_1,0.053004821,0.874895945,
P_02601,hupB_3,-0.015725326,0.9429121,0.980872847
P_02602,yejK_2,0.119592993,0.607988841,0.879147627
P_02603,,0.121704947,0.672372811,0.904083575
P_02604,,0.029566123,0.913186228,0.972832448
P_02605,,0.215381132,0.525243542,
P_02606,,0.49750467,0.360332274,
P_02607,,-0.36208589,0.649649557,
P_02608,,0.439494111,0.244685235,
P_02609,,-0.415863242,0.584639475,
P_02610,fecI_4,0.027287828,0.95703495,
P_00263,glyA_1,0.293548497,0.399256292,
P_02611,fecR_3,0.277845513,0.540386243,
P_02612,fecA_1,-0.123561289,0.681415378,
P_02613,dmlR_7,0.131795055,0.622996266,0.8836272
P_02614,stp,-0.232920249,0.40089488,0.768518923
P_02615,,-0.81349733,0.000200806,0.008032839
P_02616,gcvA_5,0.393734771,0.173044419,0.531951361
P_02617,sdaA_1,0.10299107,0.773205,
P_02618,sdaC_1,0.355010824,0.330258622,
P_02619,,0.16181674,0.529176195,0.835245802
P_02620,psiE,-0.238197275,0.422454817,
P_00026,yjmC,-0.211416358,0.453841128,0.799823229
P_00264,,0.127962609,0.672347293,
P_02621,,-0.692478779,0.194390092,
P_02622,ldh,0.19582824,0.394055182,0.764969232
P_02623,,-0.189614435,0.44355134,0.795647849
P_02624,pcaK_1,-0.154019585,0.692660607,
P_02625,nagL_1,-0.489068437,0.109909888,0.432799819
P_02626,,-0.451471965,0.103604144,0.423073896
P_02627,hmgA,-0.194629255,0.438731562,0.793056386
P_02628,kdgR_2,-0.081810925,0.76619864,0.940128751
P_02629,dacC_2,0.032125821,0.906157704,0.971934496
P_02630,fhuA_3,0.178207673,0.499616732,0.829029116
P_00265,ltaE_1,-0.280989374,0.236832191,0.613006399
P_02631,sbp_2,-0.100464487,0.656544,0.901397631
P_02632,,-0.001855321,0.995037048,0.997150046
P_02633,,-0.01113355,0.974994805,
P_02634,ttuE,-0.347745787,0.370883131,
P_02635,ttuD,-0.097042179,0.790354425,
P_02636,glxR,-0.531198904,0.065350705,0.330738326
P_02637,hyi,-0.445708085,0.12065872,0.451563448
P_02638,gcl,0.295171733,0.210267061,0.582170107
P_02639,,0.00151746,0.997839587,
P_02640,,-0.145192576,0.775598132,
P_00266,,-0.016330991,0.969617196,
P_02641,rutR_1,0.136467974,0.595412066,0.873816922
P_02642,yedI,-0.174665679,0.507714051,0.829029116
P_02643,,-0.127993169,0.620199758,0.883146147
P_02644,,0.337697101,0.145045745,0.488499421
P_02645,,0.241706086,0.543753923,
P_02646,,0.515108686,0.049997702,0.282513489
P_02647,,0.448840014,0.09235073,0.399405907
P_02648,yjcH,-0.388872821,0.133903465,0.471375534
P_02649,actP,-0.294970702,0.232567873,0.606744716
P_02650,,-0.266233657,0.347587251,0.726995942
P_00267,iaaM_2,-0.345383753,0.222500066,0.595725984
P_02651,gltA,-0.268883211,0.219020066,0.591924707
P_02652,sdhC,0.278852202,0.209894604,0.582170107
P_02653,sdhD,0.313680954,0.158866517,0.51220346
P_02654,sdhA,0.156905207,0.471878673,0.814695306
P_02655,sdhB,-0.029508,0.892364014,0.968292149
P_02656,sucA,-0.092029717,0.671584441,0.904083575
P_02657,sucB,-0.302238359,0.166725874,0.522838126
P_02658,lpdG,-0.187558199,0.392405264,0.764929152
P_02659,sucC,-0.064647326,0.766885165,0.940662099
P_02660,sucD,-0.128372049,0.560798634,0.855620664
P_00268,,0.584505886,0.057608125,0.30714917
P_02661,brnQ,0.323925835,0.158940779,0.51220346
P_02662,,0.354437804,0.172440558,0.530969071
P_02663,,-0.595431712,0.0120316,0.120477286
P_02664,,0.055472861,0.879369432,
P_02665,,-0.054937771,0.912187655,
P_02666,htpG,-0.854640029,7.56007E-05,0.004249246
P_02667,,-0.926628025,2.56995E-05,0.00188211
P_02668,,-0.349989444,0.166310183,0.522838126
P_02669,,-0.721168928,0.004471659,0.064237101
P_02670,,0.155448804,0.577613953,0.862265434
P_00269,ramA_2,0.316162468,0.250903869,0.630636576
P_02671,,-0.436310518,0.115593931,0.442813675
P_02672,fabB_2,-0.325523226,0.137933849,0.476477407
P_02673,fabA,-0.141463993,0.530143507,0.835245802
P_02674,rcsC_8,-0.057669046,0.835660821,0.95592068
P_02675,,0.401761001,0.272774891,
P_02676,btuB_5,0.205469986,0.396748775,0.766213378
P_02677,gpsA,-0.257777132,0.266864622,0.648918856
P_02678,,-0.246118125,0.34310075,0.724275059
P_02679,sixA,-0.374882754,0.157558293,0.510094488
P_02680,,-0.244452576,0.415314598,0.778324147
P_00270,hcr,-0.062520387,0.802168415,0.951917866
P_02681,,-0.093537994,0.710966254,0.92198932
P_02682,,0.167691872,0.484004263,0.821333904
P_02683,menH_1,0.10920634,0.703101466,0.918163191
P_02684,,0.11150742,0.683178442,0.9096826
P_02685,ydiK_1,0.190865782,0.446845028,0.797377652
P_02686,sasA_14,0.264202192,0.419172619,
P_02687,ompR_4,-0.010570399,0.970007228,0.988630278
P_02688,pyrF,0.649807881,0.009034515,0.10287778
P_02689,bcp,-0.017507446,0.944823288,0.981240771
P_02690,gcvR,0.054586562,0.822161604,0.955510056
P_00271,hcaE,0.099566743,0.692961795,0.915634849
P_02691,dapA_1,0.416000703,0.059392888,0.312723944
P_02692,bamC,0.234465675,0.29829858,0.679771323
P_02693,yycJ,0.456169987,0.05072257,0.284287748
P_02694,purC,0.151696853,0.511081918,0.829029116
P_02696,intQ,0.021687467,0.941372651,
P_02697,,-0.895718393,0.206802579,
P_02698,,-0.505797621,0.695035354,
P_02699,,-0.47777733,0.537639566,
P_02700,,-0.465078676,0.662885309,
P_02701,,0.158267529,0.690467138,
P_00272,,0.010495994,0.984271663,
P_02702,,-0.132139115,0.784482849,
P_02703,,-0.003524739,0.9936543,
P_02704,,-0.594590338,0.106783224,
P_02705,,-0.653806842,0.230579677,
P_02706,,-0.877169164,0.24903905,
P_02707,,-0.629834832,0.316166201,
P_02708,,-0.345043004,0.681368824,
P_02709,,0.342222017,0.565353621,
P_02710,,0.084608729,0.926802774,
P_02711,prtR_3,0.137706698,0.565216029,0.855728361
P_00273,fixB,-0.169773593,0.6634551,
P_02712,,-0.026346007,0.952144609,
P_02713,,-0.320484742,0.409104194,
P_02714,,0.176371378,0.726239577,
P_02715,,-0.146941336,0.66879487,
P_02716,,-0.509942481,0.400381901,
P_02717,,-0.248040824,0.30540042,0.68936185
P_02718,,-0.183244217,0.574664301,
P_02719,,-0.319471242,0.699134267,
P_02720,,-0.409689209,0.60564777,
P_02721,,0.039171023,0.907233153,
P_00027,iolG_1,-0.217322552,0.502639914,
P_00274,lutA_1,0.283619541,0.342765099,0.724275059
P_02722,,0.619696758,0.246519116,
P_02723,,-0.302620975,0.392285016,
P_02724,,-2.088075673,0.421269056,
P_02725,,0.338443615,0.390432666,
P_02726,,-0.164398918,0.642216135,
P_02727,,-0.651251248,0.340714364,
P_02728,,-0.201742694,0.636852171,
P_02729,,-1.041801819,0.276129185,
P_02730,,-1.738562507,0.269759203,
P_02731,,-0.281834038,0.738819386,
P_00275,stcD,0.181394978,0.584629504,
P_02732,,-0.541745183,0.435655605,
P_02733,,-0.648017064,0.188957468,
P_02734,,-0.497021817,0.526248731,
P_02735,,-0.377810731,0.561963341,
P_02736,,-0.383618399,0.53047144,
P_02737,,-0.13980708,0.651647474,
P_02738,,-0.035291689,0.946056556,
P_02739,,0.061160678,0.891553511,
P_02740,,0.267369219,0.674449424,
P_02741,,0.072204014,0.80803101,
P_00276,,0.056888062,0.913537962,
P_02742,,0.076734956,0.783213532,0.943950481
P_02743,,-0.625170724,0.043163521,0.261076964
P_02744,,0.428409163,0.547572245,
P_02745,,0.314710414,0.462085163,
P_02746,,0.112102628,0.697972179,0.917636962
P_02747,,0.118715068,0.730934708,
P_02748,,0.400760068,0.195039132,
P_02749,,0.001446705,0.996451258,
P_02750,relE,-0.429280675,0.197683902,
P_02751,relB,-0.121667792,0.723080467,
P_00277,,0.378267303,0.297494171,
P_02752,,-0.117245229,0.745191927,
P_02753,nepI_2,-0.110528205,0.671835265,0.904083575
P_02754,,-0.391152193,0.47841459,
P_02755,argP_3,0.008442542,0.98090364,
P_02756,proP_3,-0.35643031,0.243164876,
P_02757,hyuC_1,-0.134485321,0.702656044,
P_02758,aphA_2,-0.436214155,0.197695022,
P_02759,cynR_4,0.256557262,0.332923463,0.716340362
P_02760,ais_1,-0.303802262,0.400522212,
P_02761,proP_4,0.004990245,0.986849183,0.994839865
P_00278,,0.115273129,0.694651949,0.917117366
P_02762,,-0.366653282,0.287293943,
P_02763,nodD2_4,-0.28982653,0.267289228,0.649066079
P_02764,,-0.318885281,0.204903531,0.578469151
P_02765,pcpR_2,0.049900284,0.834918929,0.95592068
P_02766,yycB_2,-0.064080184,0.876970309,
P_02767,aruI,-0.063671938,0.840316123,
P_02768,ampR_1,-0.260079375,0.316970062,0.700706487
P_02769,yhdN,-0.51346862,0.030380603,0.209511372
P_02770,nagL_2,-0.85913958,0.004123866,0.061610557
P_02771,dmlR_8,-0.611529242,0.034480823,0.224757194
P_00279,,0.240649836,0.520278601,
P_02772,dmlR_9,0.191734538,0.641592874,
P_02773,,-0.932778987,0.028382822,
P_02774,feaB,-0.334984145,0.36208402,
P_02775,C2-hpah,-0.166374269,0.710607586,
P_02776,C1-hpah,-0.10915347,0.870879298,
P_02777,,0.190156796,0.642070366,
P_02778,steT_1,-0.193105274,0.533743653,
P_02779,,0.050774968,0.925934527,
P_02780,feaR,-0.749695382,0.017775382,
P_02781,ucpA_1,0.189062157,0.681681801,
P_00280,,-0.073508135,0.849808406,
P_02782,ucpA_2,0.34062769,0.499669642,
P_02784,,-0.184098159,0.700716115,
P_02785,puuB_2,0.077478632,0.824116342,
P_02786,slyA_4,0.329080722,0.32190635,
P_02787,hpcH,0.384142868,0.477577428,
P_02788,hpcG,-0.141089484,0.752395722,
P_02789,nicT_1,-0.27691236,0.528074618,
P_02790,hpcD,-1.434972649,0.071694637,
P_02791,hpcB,-0.767928269,0.031035911,
P_02792,betB_1,-0.565616128,0.045712761,0.267194308
P_00281,cdhR_2,-0.07725117,0.7785063,0.943048187
P_02793,hpcE_1,-0.477531498,0.244738488,
P_02794,hpcE_2,-0.873366499,0.024211297,
P_02795,rhaR_3,-0.222468542,0.550087962,
P_02796,,0.215855576,0.581647254,
P_02797,,0.170115387,0.653979571,
P_02798,ttgC,-0.339793189,0.336346476,
P_02799,,0.151197434,0.624460708,
P_02800,tycC_1,-0.148690483,0.560851633,0.855620664
P_02801,,-0.261077422,0.862299861,
P_02802,,0.095915761,0.941385808,
P_00282,,0.098618114,0.800589348,
P_02803,lptB_3,-0.041322924,0.945508883,
P_02804,,-0.299357805,0.375857707,
P_02805,arnT_3,-0.310263333,0.207499893,0.580727743
P_02806,arnT_4,-0.195524333,0.399319092,0.768518923
P_02807,ais_2,-0.060674188,0.83166787,0.95592068
P_02808,,-0.376656825,0.116833081,0.444370223
P_02809,,-0.273298675,0.265579979,0.647987168
P_02810,,-0.239866227,0.461259317,
P_02811,,0.012085718,0.983541138,
P_02812,,0.145652583,0.832286596,
P_00283,kce,-0.836496763,0.112098473,
P_02813,,-0.545551111,0.076627191,0.365054285
P_02814,,0.02305017,0.964292524,
P_02815,rbsB_1,0.426948625,0.236226546,
P_02816,rbsA_1,0.393579325,0.270678134,
P_02817,rbsC_1,-0.01934828,0.968455516,
P_02818,eltD_1,-0.163130672,0.655095651,
P_02819,xylB_2,-0.104321261,0.791909352,
P_02820,araB,0.881026644,0.309550802,
P_02821,golD_1,0.287832437,0.513329358,
P_02822,cytR,0.060983519,0.833472703,0.95592068
P_00028,,-0.02468083,0.958075928,
P_00284,uspA2,-0.064429197,0.775305793,0.943048187
P_02823,hdfR_1,-0.056732904,0.848220589,0.958412836
P_02824,,0.101228871,0.826993098,
P_02825,,0.045839615,0.960873062,
P_02826,,-0.001407784,0.999013075,
P_02827,,0.557627057,0.388521547,
P_02828,,-0.790387925,0.40220599,
P_02829,cpg2,-0.354347504,0.184011383,0.55078911
P_02830,dgcC_1,-0.141679983,0.599126717,0.875466342
P_02831,rhtB_3,-0.396846557,0.341754185,
P_02832,,0.026860705,0.94584392,
P_00285,,-0.087504149,0.772445611,
P_02833,rubA2,0.015405518,0.985081348,
P_02834,hisC_3,-0.315084461,0.228334395,0.602367391
P_02835,decR_2,-0.02289547,0.938007226,
P_02836,mdeA,0.436203486,0.068085458,0.340121516
P_02837,,0.02303981,0.92768461,0.976679019
P_02838,macB_1,0.218541423,0.469499233,
P_02839,macA_2,0.422935013,0.251565711,
P_02840,,0.171366501,0.667221236,
P_02841,dltA_1,0.195441855,0.663611983,
P_02842,tycC_2,-0.263782569,0.340531499,0.721841741
P_00286,fadB_1,-0.168234999,0.440250939,0.793056386
P_02843,grsB,-0.024394226,0.92775454,0.976679019
P_02845,kefC_1,0.117768905,0.629318816,0.885056958
P_02846,,0.16335442,0.55975061,0.855620664
P_02847,trkI_3,0.229693515,0.365584897,0.741291851
P_02848,rhaS_5,-0.099744618,0.703171033,0.918163191
P_02849,,0.10770781,0.647257655,0.896701536
P_02850,,0.096052224,0.786582663,
P_02851,,0.231053426,0.610439152,
P_02852,yhhS_1,0.428695936,0.102594322,0.42062546
P_02853,arfB,0.315107496,0.296290194,
P_00287,fadA_1,-0.367709138,0.109967076,0.432799819
P_02854,,0.358114525,0.383093709,
P_02855,mrpF,-0.202433437,0.681942465,
P_02856,mrpE,0.270166729,0.404407629,
P_02857,mrpD,0.360566904,0.128293044,0.463418298
P_02858,mnhC1,0.183517352,0.576437583,
P_02859,ndhB,0.352450878,0.120496423,0.451435068
P_02860,,0.501193811,0.044793995,0.264718214
P_02861,,0.204624135,0.452996071,0.799823229
P_02862,,0.19294062,0.43936908,0.793056386
P_02863,mdtA_5,-0.385979411,0.189378084,
P_00288,,0.139305699,0.603610025,0.875943576
P_02864,,-0.288497562,0.401276659,
P_02865,,-0.58124457,0.216879814,
P_02866,yknY_2,0.063909246,0.827558584,0.95592068
P_02867,,0.031265177,0.896697033,0.969639056
P_02868,,0.05420235,0.882226013,
P_02869,,0.016110507,0.950303417,0.982664247
P_02870,,-0.088219241,0.773185497,
P_02871,gapN,-0.799766367,0.001374829,0.03002916
P_02872,yfeX_1,0.129072864,0.660415133,0.901482938
P_02873,,-0.208752783,0.634328533,
P_00289,topA_2,0.235885671,0.282861176,0.664931812
P_02874,,0.203920309,0.540812738,
P_02875,,-0.602061442,0.087405934,
P_02876,,-0.663668845,0.173442445,
P_02877,,-0.594774935,0.043671058,0.261486345
P_02878,nat,-0.368391793,0.176595061,0.53931525
P_02879,,-0.312166986,0.181951166,0.547259289
P_02880,higA-2,0.161936471,0.641987119,
P_02881,higB-2,-0.033542021,0.910881156,
P_02882,nuoN,0.31930447,0.155034251,0.506607987
P_02883,nuoM,0.382773274,0.095307361,0.404974963
P_00290,,-0.024492892,0.919006624,0.974233507
P_02884,nuoL,0.33119167,0.144544225,0.488499421
P_02885,nuoK,0.567989027,0.042467227,0.259174987
P_02886,nuoJ,0.502462713,0.042893417,0.260923308
P_02887,nuoI,0.328211788,0.195875819,0.564503228
P_02888,nuoH,0.396018845,0.091136057,0.396266792
P_02889,nuoG,0.151924046,0.489303302,0.82567412
P_02890,nuoF,0.12916696,0.56259457,0.855620664
P_02891,nuoE,0.20655068,0.414112513,0.777632094
P_02892,nuoC,0.155933705,0.480435696,0.819978978
P_02893,nuoB,0.220695767,0.332404425,0.716340362
P_00291,,0.148035263,0.648390297,0.89793762
P_02894,ndhC,0.478512829,0.085444374,0.381319737
P_02895,aceA,-0.667116363,0.003750145,0.057641113
P_02896,,-0.196886355,0.501766562,0.829029116
P_02897,,1.036056718,6.50674E-05,0.003778951
P_02898,roxA,0.989928283,1.9231E-05,0.001436557
P_02899,purB_2,0.794392491,0.000894073,0.022632974
P_02900,hflD,0.461184788,0.07588673,0.36312485
P_02901,mnmA,0.413128586,0.085554469,0.381319737
P_02902,nudJ,-0.078316188,0.806050178,
P_02903,,0.950206648,0.424584216,
P_00292,sulA_1,-0.416007142,0.668994908,0.904083575
P_02904,icd_1,0.207964179,0.348218404,0.726995942
P_02905,icd_2,-0.583483474,0.008044039,0.094183341
P_02906,,-0.163559979,0.486312167,0.823227926
P_02907,clpS,-0.383605215,0.110779091,0.433884714
P_02908,clpA,-0.616986048,0.004533285,0.064872866
P_02909,,0.103036865,0.877464017,
P_02910,yadV_1,-0.097748429,0.802860583,
P_02911,,0.46654144,0.104667127,0.424464406
P_02912,htrE_1,0.022118722,0.944739229,
P_02913,yadV_2,-0.207170111,0.503131199,
P_00293,lexA_1,-0.415576395,0.206641166,0.580304327
P_02914,smf-1_1,-0.250688251,0.597653533,
P_02915,pdeG,0.149185454,0.588717608,0.868414927
P_02916,,-0.53565436,0.059357914,0.312723944
P_02917,,0.100645021,0.762241197,
P_02918,gloA,-0.2372181,0.30829543,0.692413367
P_02919,ahpF,-0.642126279,0.005204935,0.070777962
P_02920,ahpC_2,-1.180431419,4.92994E-05,0.003120901
P_02921,xerC_5,-0.54909267,0.019229519,0.159251113
P_02922,smc_1,0.373573886,0.173792034,0.533810235
P_02923,garB,-0.754268696,0.000584172,0.017111392
P_00029,trpB_1,-0.265049451,0.285497438,0.668547292
P_00294,betI_1,0.173210574,0.437253738,0.79254024
P_02924,,0.214337094,0.450863083,0.799100698
P_02925,gtaB,0.235503841,0.280056866,0.662452434
P_02926,,-0.118958661,0.803333401,
P_02927,smfA_1,0.041299785,0.937038359,
P_02928,papH,-0.179838724,0.779727749,
P_02929,papC,0.153246023,0.62113466,
P_02930,papD,0.165164026,0.737330475,
P_02931,smfA_2,0.237467252,0.690719643,
P_02932,yfcR,-0.39195875,0.521271608,
P_02933,yfcQ,-0.08390074,0.869794582,
P_00295,nagZ,0.292176178,0.223460568,0.596674576
P_02934,mrpA_2,-0.048246097,0.905643791,
P_02935,,0.201243657,0.482170577,0.82005245
P_02936,,-0.039203357,0.894154914,0.968581382
P_02937,,0.142618053,0.697311277,
P_02938,,0.347523437,0.193060215,0.559410322
P_02939,,-0.006533276,0.982777667,0.99287925
P_02940,,0.423493107,0.449474099,
P_02941,alkB,0.340341291,0.22582921,0.599242041
P_02942,ada,0.277970012,0.285881358,0.668772083
P_02943,,-0.049023155,0.843765198,0.95787105
P_00296,,0.031370597,0.910754169,0.972312476
P_02944,modA,0.211155359,0.370305041,0.746136378
P_02945,modB,0.407275271,0.158249532,0.510965482
P_02946,btuD_3,-0.065821993,0.812113165,0.954536593
P_02947,,-0.256076193,0.345109742,0.725779779
P_02948,ettA_2,-0.180093069,0.522045747,0.833621575
P_02949,,-0.354197548,0.197756231,0.567319355
P_02950,,-0.244378741,0.405789494,
P_02951,,0.858272898,0.117886605,
P_02952,ygaZ,0.789758323,0.068172811,
P_02953,,0.396595355,0.297286847,
P_00297,rapA_2,0.008317031,0.973913304,0.990892451
P_02954,,-0.067731987,0.824039398,
P_02955,arsB,0.000561926,0.998067761,0.998870066
P_02956,arsC,-0.504259544,0.126069185,
P_02957,,-0.205486191,0.484504078,0.821435648
P_02958,,-0.918073145,0.001855661,0.036671405
P_02959,mgtB,-1.682194713,1.34782E-09,8.3902E-07
P_02960,,-1.509417392,2.84546E-06,0.000287238
P_02961,,-1.233204023,0.000208761,0.008122094
P_02962,,-0.114538152,0.611122112,0.881289996
P_02963,,-0.178507332,0.459677803,0.802663204
P_00298,,0.018943425,0.936577251,0.97959004
P_02964,,0.329249169,0.405042642,
P_02966,,-0.190231915,0.815227241,
P_02967,,-0.118129741,0.63040602,0.885056958
P_02968,,0.121451919,0.706206787,
P_02969,,0.04206004,0.884333955,0.966633691
P_02970,pstB3,-0.268915266,0.508006666,
P_02971,pstA,0.083476636,0.828124734,
P_02972,pstC,0.209704708,0.619234336,
P_02973,pstS_2,0.001091891,0.997425374,
P_02974,hemH,-0.104984296,0.646786988,0.896631483
P_00299,,0.100043264,0.699096282,0.917636962
P_02975,,-0.155828048,0.490209946,0.825861141
P_02976,,-0.062132096,0.780461237,0.943048187
P_02977,,-0.011546759,0.973132254,
P_02978,,0.065117392,0.770645323,0.942898365
P_02979,,-0.105141874,0.660409102,0.901482938
P_02980,phrB,-0.037523106,0.870701306,0.963757813
P_02981,,-0.137099633,0.643712756,
P_02982,hcaB_4,-0.128403645,0.607861601,0.879147627
P_02983,,-0.00596675,0.98081127,0.992670454
P_02984,,-0.062355306,0.822992196,0.955510056
P_00300,mfd,0.144877662,0.513831407,0.829029116
P_02985,,-0.179095096,0.488681221,0.825146636
P_02986,,-0.069576662,0.833692342,
P_02987,,-0.019519753,0.954914876,
P_02988,pagL_2,-0.245374675,0.26902772,0.65163329
P_02989,murI,0.712762157,0.026120081,
P_02990,moeB,0.712382562,0.00936333,0.103943978
P_02991,prmC_1,0.772008948,0.002305185,0.042835151
P_02992,prfA,0.790287021,0.000864817,0.022431183
P_02993,hemA,0.663317611,0.00432116,0.063482074
P_02994,bepA_1,0.451198215,0.046021893,0.267327791
P_00301,gap2,0.510052349,0.023696757,0.179627264
P_02995,lolB,0.22406466,0.349266338,0.728369499
P_02996,ispE,0.19648887,0.415213686,0.778324147
P_02998,prs,0.79647323,0.000957953,0.023539175
P_02999,rplY,0.348585723,0.112650521,0.437369745
P_03000,pth,0.407399169,0.100743398,0.416765157
P_03001,ychF,0.418041628,0.07025206,0.347078631
P_03002,,0.172861102,0.671609904,
P_03003,,-0.02096453,0.937952727,0.979927199
P_03004,der_3,-0.079520486,0.738071125,0.93383999
P_03005,dctD_4,0.196613107,0.503480587,0.829029116
P_00302,,0.223105708,0.500576536,
P_03006,,-0.093104101,0.867003522,
P_03007,,0.215832977,0.673714337,
P_03008,,-0.18633399,0.644560599,
P_03009,,0.215322597,0.721758877,
P_03010,,0.102951148,0.8486371,
P_03011,,-1.653414356,0.219577839,
P_03012,,0.521246201,0.305888704,
P_03013,,-0.038625508,0.882689036,0.966633691
P_03014,,-0.102574187,0.872679975,
P_03015,,0.213640373,0.728681462,
P_00303,sthA,0.039481627,0.859319413,0.959796055
P_03016,,-0.037184767,0.962208221,
P_03017,yscU,-0.31814542,0.442155284,
P_03018,,-0.048270829,0.87940112,
P_03019,,0.820364138,0.46203211,
P_03020,fliP_1,0.01755859,0.970817321,
P_03021,,-0.090065606,0.821399136,
P_03022,,-0.6074492,0.280542331,
P_03023,,-0.999278356,0.123790944,
P_03024,hrcN,-0.067083856,0.849875877,
P_03025,,-0.728574356,0.113243322,
P_00003,,0.286561254,0.575219916,
P_00030,trpA_1,-0.13838742,0.630143687,0.885056958
P_00304,ugpQ,-0.051421702,0.832569296,0.95592068
P_03026,ssaV,-0.031798231,0.92418429,
P_03027,,0.190995351,0.630882981,
P_03028,,0.009909898,0.980719542,
P_03030,yddE,-0.212695336,0.419831796,0.781301325
P_03031,ggt_1,-0.006719091,0.979000152,0.992670454
P_03032,,-0.037745982,0.904859222,
P_03033,ddlA,-0.138990622,0.584531021,0.866358478
P_03034,rhaS_6,0.090438785,0.759615847,0.938289081
P_03035,,0.416751323,0.386655901,
P_03036,,-0.096861279,0.799115071,
P_00305,,-0.377784378,0.13786133,0.476477407
P_03037,cpdA,0.000420116,0.998582887,0.998911487
P_03038,,-0.137469203,0.599583106,0.875466342
P_03039,nudF,-0.367042367,0.149919484,0.499954708
P_03040,,0.612746548,0.006943934,0.085196491
P_03041,thiC,-0.112426777,0.672687253,0.904083575
P_03042,tolC_2,-0.019604335,0.931870287,0.978228083
P_03043,waaA,0.014305961,0.955731713,0.984352242
P_03044,hdfR_2,-0.165862472,0.569703679,0.857579262
P_03045,,0.552254565,0.125587784,
P_03046,,0.142010973,0.543520722,0.845608645
P_00306,lolE_1,0.767104018,0.002435107,0.044151085
P_03047,,0.151272203,0.530753693,0.835383499
P_03048,,-0.348635553,0.155833973,0.50833178
P_03049,hldE,0.14997613,0.498572088,0.82902766
P_03050,msbA_1,0.555531042,0.01401298,0.131478908
P_03051,,0.38440815,0.098017516,0.410881508
P_03052,,0.228088667,0.374334757,0.748068656
P_03053,gtf1,0.249122548,0.296132485,0.678188777
P_03054,,0.478929926,0.039199097,0.246669318
P_03055,,0.590090346,0.014909053,0.136149908
P_03056,tobZ,0.307019917,0.165263936,0.522399834
P_00307,lolD_1,0.514521948,0.0278081,0.198971749
P_03057,,-0.140334048,0.666794104,
P_03058,,0.021842099,0.955854568,
P_03059,fyuA,0.002190513,0.993030623,0.996428277
P_03060,kdkA_2,-0.012338764,0.95807909,0.984352242
P_03061,,-0.011359095,0.962457978,0.986763807
P_03062,kdkA_3,-0.059364844,0.812902961,0.954536593
P_03063,rfaP,-0.16207671,0.497635556,0.828705023
P_03064,rfaG,-0.1099425,0.640836422,0.89444097
P_03065,rfaC,0.194311341,0.424992538,0.783488218
P_03066,rfaF,0.058091213,0.800678622,0.951490504
P_00308,lolE_2,0.284894679,0.228209623,0.602367391
P_03067,,0.250536516,0.577337047,
P_03068,glnE,-0.133397145,0.553762786,0.850803786
P_03069,aceE,0.144093862,0.53424901,0.838764208
P_03070,aceF,0.109172719,0.624862164,0.88374464
P_03071,,-0.217620946,0.326579278,0.710434657
P_03072,msrA,-0.671071466,0.006594864,0.082657104
P_03073,rlmJ,0.024675994,0.920015728,0.974233507
P_03074,,-0.433777687,0.194528307,
P_03075,vgrG1_2,-0.38572004,0.220883455,
P_03076,,0.131182742,0.69403316,
P_00309,sasA_1,0.078851114,0.803311745,
P_03077,putP,0.636207645,0.012553926,0.122425363
P_03078,putA,-0.034683947,0.873631993,0.963757813
P_03079,,-0.072546701,0.822801575,
P_03080,,0.355468053,0.236694351,
P_03081,,0.174332486,0.716633148,
P_03082,,-0.040174077,0.90183798,
P_03083,,-0.337665082,0.349672751,
P_03084,,-0.005720327,0.984887346,
P_03085,,-0.057279407,0.837303126,0.95614808
P_03086,,0.380435824,0.265533087,
P_00310,copR,-0.266954553,0.422152517,
P_03087,,0.418270955,0.198709806,
P_03088,,0.565599098,0.067338351,0.338100829
P_03089,,-0.05362549,0.904911468,
P_03090,,0.071151272,0.820829359,
P_03091,,0.050240465,0.908331798,
P_03092,,0.03971761,0.879015977,0.966475249
P_03093,,0.243140189,0.458012743,
P_03094,fdhL,-0.13016414,0.614973262,0.882357441
P_03095,,0.126156655,0.802517955,
P_03096,,-0.132913507,0.66055875,
P_00311,petE_1,-0.371825219,0.192004521,0.559410322
P_03097,,-0.127983882,0.643969244,0.894727326
P_03098,srpC_2,-0.300929166,0.264108407,0.646425231
P_03099,tspO,-0.342251177,0.144912354,0.488499421
P_03100,aes,-0.485971053,0.03929538,0.246669318
P_03101,,-0.181467824,0.641027589,
P_03102,fecE,-0.244448551,0.433564324,
P_03103,yfhA,0.114645632,0.703251753,
P_03104,btuF_2,0.208807406,0.42933189,0.785671047
P_03105,,-0.220920512,0.434253853,0.790033191
P_03106,prtS,-0.304612668,0.255805718,0.638327126
P_00312,queF,0.091533733,0.690230068,0.91321619
P_03107,,-0.173352057,0.526380785,0.83523824
P_03108,sad,-0.258204158,0.301168264,0.68422352
P_03109,gltR_2,-0.195409213,0.413684827,0.777632094
P_03110,,-0.233833662,0.458640121,
P_03111,tyrB,0.002144606,0.992752024,0.996428277
P_03112,uvrB,-0.761123477,0.000604222,0.017494346
P_03113,gltX,-0.094249734,0.670427054,0.904083575
P_03118,,0.233335687,0.325672614,0.709677486
P_03119,rutD_2,0.200084957,0.430740404,0.787476951
P_03120,,0.129208283,0.632066488,0.885509501
P_00313,,-0.014707762,0.948097275,0.981902032
P_03121,dusC,0.238275762,0.351291968,0.728578193
P_03122,,-0.134228867,0.578235924,0.862314799
P_03123,cmpR_4,-0.055108541,0.835210941,0.95592068
P_03124,leuC,-0.799753241,0.009813886,0.106510321
P_03125,leuD,-1.167083006,6.35435E-05,0.003778951
P_03126,ycgJ,-1.128011602,7.62248E-05,0.004249246
P_03127,leuB,-0.745361771,0.002387701,0.043716004
P_03128,asd,-0.286443085,0.202800161,0.577331251
P_03129,usg,0.409165191,0.112183244,0.43600876
P_03130,,-0.133292969,0.543726704,0.845608645
P_00031,trpF_1,-0.124557721,0.743391198,
P_00314,phnX_1,0.332040289,0.351398286,
P_03131,truA,0.055623778,0.822912394,0.955510056
P_03132,trpF_2,0.018376078,0.935222768,0.978545531
P_03133,accD,-0.025335426,0.909365448,0.97216211
P_03134,folC,-0.016200875,0.942487144,0.980872847
P_03135,dedD,0.128012346,0.578570518,0.862314799
P_03136,phaJ,-0.617371075,0.016012723,0.143080188
P_03137,,-0.179161304,0.446778859,0.797377652
P_03138,fadD_1,-0.338436655,0.171133757,0.528501816
P_03139,fadD_2,0.112824524,0.609277987,0.879649509
P_00315,mlaA,0.009573891,0.968535583,0.988618514
P_03141,,0.064885766,0.808332909,0.952831922
P_03142,,-0.244147506,0.420526327,
P_03143,,0.003567878,0.987867835,0.995329475
P_03144,def_1,-0.398966626,0.094589222,0.40376085
P_03145,,0.28651621,0.382862414,
P_03146,,-0.086434765,0.924826615,
P_03147,,0.259802238,0.442260251,
P_03148,,0.056845183,0.85751009,
P_03149,fecI_5,0.162736572,0.552112422,0.850448531
P_03150,ssuA_2,-0.334395041,0.146338113,0.492407973
P_00316,,-0.651278208,0.204120654,
P_03151,bdlA_1,-0.303043044,0.209692854,0.582170107
P_03152,,-0.82294243,0.004636132,0.065840121
P_03153,ydjE,-0.317834343,0.229403421,0.60261953
P_03154,gstB_2,-0.252645822,0.311895116,0.697760257
P_03155,,-0.416602798,0.435122604,
P_03156,,0.11956568,0.766913056,
P_03157,,-0.365875426,0.488062449,
P_03158,gntR_2,-0.20010716,0.42718156,0.785584996
P_03159,,-0.146600958,0.567136186,0.857228564
P_03160,idnT,-0.076549295,0.74955107,0.935074931
P_00317,rssB_2,0.156131013,0.491731855,0.826560972
P_03161,alaC,-0.253715379,0.281569255,0.664931812
P_03162,,-0.428325331,0.102066342,0.420306272
P_03163,,-0.021053737,0.948653763,
P_03164,,-0.612967057,0.31828424,
P_03165,,-0.139656971,0.633052397,
P_03166,,-0.259999588,0.375352355,0.748782739
P_03167,metR_2,-0.207884044,0.566171307,
P_03168,,-1.174872829,0.000127082,0.006205156
P_03169,fabG_4,-1.13519962,1.52905E-06,0.000184226
P_03170,pgrR_3,-0.331798739,0.241329132,0.618332693
P_00318,,0.292731024,0.211430973,0.582370712
P_03171,gltC_1,-0.266980714,0.424437456,
P_03172,,0.760359545,0.004302429,0.063482074
P_03173,,0.122284077,0.725725416,
P_03174,ybgK_1,0.438627844,0.291409723,
P_03175,zntB_2,-0.007973821,0.987389832,
P_03176,,-0.677976272,0.062100881,0.321428373
P_03177,glpQ,-0.401413936,0.088968808,0.389783105
P_03178,,-0.018482583,0.934839776,0.978545531
P_03179,yqjZ,0.127403685,0.702079704,
P_03180,pyrG_1,-0.235486812,0.429303253,0.785671047
P_00319,tal,0.050598298,0.817601207,0.955510056
P_03181,argP_4,-0.193216507,0.488290837,0.824860369
P_03182,bdlA_2,0.052029078,0.820855088,0.955510056
P_03183,dgcC_2,-0.237728269,0.394955522,0.764969232
P_03184,rutR_2,0.086398948,0.747620079,0.935074931
P_03185,,0.172073406,0.438100596,0.793056386
P_03186,,0.218880214,0.426122005,0.784755308
P_03187,gatA_2,-0.200866536,0.51085803,0.829029116
P_03188,,-1.411348722,0.000317803,0.010598164
P_03189,,-0.389349909,0.306221688,
P_03190,mdtH_2,-0.080292716,0.847311933,
P_00320,dusA,0.166421092,0.492202532,0.826798714
P_03191,tcyA_2,-0.6064219,0.095797263,
P_03192,glnQ_6,-0.146131598,0.705906418,
P_03193,,-0.382091069,0.274429805,
P_03194,argH_1,0.061953308,0.840834122,
P_03195,argP_5,-0.076514864,0.794477263,
P_03196,vapB,0.061124356,0.868332334,
P_03197,vapC,0.102186366,0.721408777,0.924978298
P_03198,,0.101114794,0.709968132,0.92198932
P_03199,,-0.093837808,0.672772289,0.904083575
P_03200,purF_2,0.006822427,0.97731997,0.992534691
P_00321,,0.185741176,0.623765152,
P_03201,metZ,-0.037254236,0.870651227,0.963757813
P_03202,gdhI_1,0.092908109,0.702077053,0.918163191
P_03206,,0.338604963,0.131220098,0.467659413
P_03207,hcrC,-0.025335083,0.927407151,0.976679019
P_03208,adhB_1,0.163843654,0.502663215,0.829029116
P_03209,pucA_2,0.106699829,0.696578836,0.917636962
P_03210,puuB_3,-0.29738615,0.192747793,0.559410322
P_03212,,-0.035880302,0.939396891,
P_03213,,-0.351599304,0.57520639,
P_03214,,-0.56762903,0.267038911,
P_00322,,0.408339321,0.723100156,
P_03215,pcp,-0.020333876,0.949169547,
P_03216,,-0.484463878,0.055585383,0.30195797
P_03217,czcS_1,-0.416143132,0.157887675,
P_03218,czcR_3,-0.326368932,0.329318108,
P_03219,,0.322027492,0.535805493,
P_03220,gph_3,-0.27968787,0.268786983,0.651472669
P_03221,,0.067397594,0.838669107,
P_03222,,0.40031442,0.134728274,0.471612095
P_03223,csrA1_2,-0.115552805,0.630790429,0.885056958
P_03224,,0.32052378,0.193259529,0.559553754
P_00323,,0.210488355,0.68580907,
P_03225,dns,0.115304999,0.695773244,0.917543339
P_03226,,-0.248946797,0.548929008,
P_03227,ansB,-0.624564489,0.005926113,0.077362715
P_03228,rbsB_2,0.154531063,0.520459833,0.833255411
P_03229,araG_1,0.050837663,0.860308618,0.960039644
P_03230,rbsC_2,0.18017166,0.511430195,0.829029116
P_03231,purR_1,0.186828371,0.482105366,0.82005245
P_03232,rbsK_1,0.209202212,0.431592016,0.788089811
P_03233,rbsD,-0.282597851,0.519139603,
P_03234,rihA,-0.129526576,0.602959307,0.875943576
P_00032,trpD_1,0.041467078,0.895257859,
P_00324,,0.149099379,0.869282132,
P_03235,,0.104487621,0.770566413,
P_03236,,-0.05456979,0.842427236,0.95787105
P_03237,,0.086072916,0.716362251,0.92198932
P_03238,capB_1,-0.463542007,0.0412951,0.255783083
P_03239,,-0.106754324,0.631269541,0.885056958
P_03240,thrS,0.095843278,0.658897802,0.901482938
P_03241,infC,0.109601771,0.618769193,0.883146147
P_03242,rpmI,0.28137739,0.209343221,0.582170107
P_03243,rplT,0.228863446,0.313591336,0.699895316
P_03244,pheS,0.302655057,0.178630453,0.543170324
P_00325,,0.180976318,0.790599294,
P_03245,pheT,0.394535366,0.076027746,0.36312485
P_03246,ihfA,-0.436762188,0.0759345,0.36312485
P_03247,,-0.076787339,0.743945431,0.935074931
P_03249,aqpZ_1,0.04174032,0.904674218,
P_03250,ntaA,-0.404610896,0.190884622,
P_03251,btuB_6,-0.180951909,0.502634339,0.829029116
P_03252,gntR_3,-0.075998557,0.831764253,
P_03253,xpsE,0.778418858,0.043583912,
P_03254,epsF_2,0.490149958,0.350813244,
P_03255,epsG,0.105190683,0.872827598,
P_00326,,0.418295604,0.438051835,
P_03256,,0.131039555,0.830520439,
P_03257,,0.049975405,0.958790312,
P_03258,,-0.212056872,0.816958551,
P_03259,,-0.708024161,0.299095511,
P_03260,,-0.496625729,0.234801015,
P_03261,,-1.237550918,0.056659063,
P_03262,,-0.596454261,0.271788966,
P_03263,xpsD,-0.696257241,0.030666677,0.210152611
P_03264,,0.326736051,0.171356278,0.528501816
P_03265,,-0.195818618,0.472388742,0.814695306
P_00327,ydhP_1,0.058085968,0.833830983,0.95592068
P_03267,elbB,-0.554600793,0.017415791,0.151981262
P_03268,,-0.050136578,0.824565325,0.95592068
P_03269,,0.077468742,0.763413571,0.939844193
P_03270,hemB_1,0.104965223,0.655003494,0.901397631
P_03271,ppk,-0.14134384,0.528410659,0.835245802
P_03272,ppx,-0.039207019,0.860003159,0.960039644
P_03273,,0.290535885,0.59218861,
P_03274,yraI_1,0.104198081,0.775588971,
P_03275,yraJ_1,-0.10498838,0.714979111,0.92198932
P_00328,mqo_1,0.074957787,0.733692834,0.931044996
P_03276,,0.038462898,0.947817487,
P_03277,glnQ_7,-0.462614074,0.277223099,
P_03278,yecS_3,-0.030211132,0.945473347,
P_03279,yecS_4,-0.840144214,0.100238355,
P_03280,glnH_3,-0.125581131,0.702597853,
P_03281,lutR_4,-0.158770362,0.576572826,0.861753268
P_03282,trxA,-0.542842165,0.020427415,0.165861727
P_03283,rho,0.322225881,0.139084776,0.477514952
P_03284,,0.36557365,0.111893528,0.435335756
P_03285,ubiD,0.104500428,0.639077936,0.892987688
P_00329,yofA_1,-0.116399285,0.658340224,0.901482938
P_03286,ascD,0.063921845,0.77943183,0.943048187
P_03287,,-0.154342338,0.496465701,0.828705023
P_03288,chaC,-0.117924461,0.615522491,0.882357441
P_03289,glpT_1,0.231925586,0.346045191,0.72602519
P_03290,qorA_1,0.15815177,0.535207904,0.83903595
P_03291,,-0.398157094,0.125226949,0.459911895
P_03292,,-0.395965651,0.135378586,0.473001887
P_03293,,0.192725259,0.597595535,
P_03294,ygfA,0.336370957,0.187854462,0.555491511
P_03295,zapA,0.296393106,0.245109787,0.623649654
P_00330,eamA_1,-0.272213715,0.509520515,
P_03296,,-0.042516778,0.890252125,
P_03297,,0.236652359,0.320081596,0.703238094
P_03298,pepP,0.302605271,0.19835634,0.568580914
P_03299,ubiH,0.139558298,0.544920751,0.845608645
P_03300,ubiI,0.130311378,0.577475881,0.862265434
P_03301,,0.348389552,0.179254375,0.543879033
P_03302,,0.321614264,0.215447869,0.588659686
P_03303,gcvT_1,-0.035174914,0.876765414,0.965139647
P_03304,gcvH_1,-0.354757753,0.126774172,0.462013283
P_03305,arnB,-0.292407787,0.204611729,0.578469151
P_00331,,-0.536229706,0.028729774,0.203230505
P_03306,,-0.286676527,0.192773718,0.559410322
P_03307,ybbJ,-0.085574017,0.797285688,
P_03308,qmcA,-0.036676897,0.889556041,0.967623585
P_03309,,-0.125019304,0.664824228,0.903280645
P_03310,,-0.489155844,0.228243924,
P_03311,decR_3,-0.793025965,0.04439247,
P_03312,ygiF,0.188748902,0.420309243,0.781800311
P_03313,argE,-0.455233952,0.042373552,0.259174987
P_03314,argA,-0.09414601,0.696717392,0.917636962
P_03315,tauA_2,0.309483026,0.192595031,0.559410322
P_00332,,-0.414389208,0.081519033,0.372229166
P_03316,nicP_1,-0.314113539,0.170780176,0.528470552
P_03317,prxU,-0.271966192,0.211295031,0.582370712
P_03318,ynbA,-0.064462064,0.818945227,0.955510056
P_03319,ynbC,-0.446851611,0.120503551,0.451435068
P_03320,ynbD,-0.337126192,0.392178887,
P_03321,,-0.141852576,0.740921553,
P_03322,,-0.327308509,0.4292429,
P_03323,,-0.004793707,0.989625916,
P_03324,,-0.554616929,0.261521647,
P_03325,glmS,-0.104655005,0.650661507,0.898963628
P_00333,,0.113267513,0.651496856,0.899571444
P_03326,srlR,0.232194166,0.400050481,0.768518923
P_03327,glmU_1,-0.024846814,0.912262279,0.972832448
P_03328,atpC,0.379023917,0.084012371,0.377600729
P_03329,atpD,0.419221763,0.053624034,0.294105386
P_03330,atpG,0.496964337,0.023235826,0.178125729
P_03331,atpA,0.524056281,0.017763575,0.152987891
P_03332,atpH_1,0.560028718,0.015662556,0.140624147
P_03333,atpF,0.538174211,0.014109963,0.131478908
P_03334,atpH_2,0.585683269,0.007763028,0.091756042
P_03335,atpB,0.837096652,0.000152794,0.0069596
P_00033,wbpA_1,0.12906737,0.632975218,0.886117856
P_00334,ppnN,-0.031025345,0.891370352,0.968143913
P_03336,,0.853387374,0.000296317,0.010153598
P_03337,parB,0.240531171,0.291886666,0.675905087
P_03338,parA,0.180357852,0.437634967,0.792709312
P_03339,rsmG,0.178959473,0.453889214,0.799823229
P_03340,mnmG,0.140065462,0.521304085,0.833255411
P_03341,fecI_6,-0.102085398,0.778931901,
P_03342,fecR_4,-0.113813335,0.743566026,
P_03343,fhuA_4,0.287999242,0.304050229,0.687935707
P_03344,mnmE,0.393810646,0.102311503,0.42038885
P_03345,yidC,0.738033408,0.000809728,0.021491808
P_00335,,-0.221835032,0.404494291,0.769631267
P_03346,,0.457099254,0.072174897,0.352383323
P_03347,dnaA,-0.110419784,0.620674237,0.883146147
P_03348,dnaN,-0.242507619,0.272397527,0.655544307
P_03349,recF_4,0.250916398,0.273877818,0.655726698
P_03350,gyrB,0.203326779,0.352292427,0.728578193
P_03351,cseB,0.47630712,0.045333418,0.266226912
P_03352,sasA_15,-0.08711276,0.71759746,0.922347349
P_03353,,-0.095956007,0.72464874,0.927129689
P_03354,gmhB,0.10425794,0.666435195,0.90382551
P_03355,glyS,0.108374761,0.621184496,0.883146147
P_00336,fabV,-0.147323728,0.510234276,0.829029116
P_03356,glyQ,0.345848058,0.131132105,0.467659413
P_03357,tag_1,-0.234270531,0.372094029,0.747590746
P_03358,lpxL_1,-0.25958252,0.28949836,0.672853998
P_03359,,-0.083950182,0.81126666,
P_03360,trkA,0.079688844,0.730528752,0.929832799
P_03361,rsmB,0.177761099,0.450515086,0.799100698
P_03362,fmt_2,0.17028468,0.472861433,0.814695306
P_03363,def_2,0.085382536,0.711691166,0.92198932
P_03364,,0.10102574,0.854615697,
P_03365,,0.006618013,0.980888748,0.992670454
P_00337,,-0.241366471,0.359661564,0.736074489
P_03366,tsaC,-0.304606989,0.248067643,0.626458854
P_03367,lgrB,-0.760708162,0.019889144,0.162907788
P_03368,lgrE,-0.536053138,0.30646007,
P_03369,,-0.545455858,0.181771313,
P_03370,,-0.095207252,0.707211126,0.920753426
P_03371,kstR2,-0.226154808,0.395720357,0.765018393
P_03372,,-0.062000474,0.80376359,0.952558679
P_03373,,-0.486161751,0.141665684,
P_03374,accA_1,-0.096159738,0.74063153,0.933866312
P_03375,acdA,-0.23286883,0.448395737,
P_00338,dmlR_1,0.012282929,0.964928085,0.987844096
P_03376,dpgD,0.510214313,0.210071289,
P_03377,accA1_3,-0.192864237,0.511989225,
P_03378,polC_3,0.073516876,0.773957689,0.943048187
P_03379,ppnP,-0.469218209,0.093918159,0.402357219
P_03380,ycbX,-0.264776814,0.258512709,0.639641149
P_03381,cheV_2,-0.176257541,0.4686431,0.813752664
P_03382,,-0.201727692,0.615924007,
P_03383,,0.366478223,0.232299631,
P_03384,degU_2,0.01452454,0.954277735,0.984352242
P_03385,yegS,0.026624938,0.908020178,0.97216211
P_00339,argD_2,-1.213258756,0.000251237,0.009110376
P_03386,,0.27127123,0.296756855,0.678188777
P_03387,cheW,-0.177709061,0.526167852,0.83523824
P_03388,,0.224789778,0.423225252,0.782583702
P_03389,soj_4,0.218029259,0.383777399,0.756815514
P_03390,motB_1,0.340295073,0.189020654,0.557655721
P_03391,pomA,0.533869005,0.044342423,0.264145057
P_03392,cheB1,0.339456742,0.14904969,0.498389071
P_03393,,0.09759793,0.662535653,0.901482938
P_03394,cheZ,0.197692048,0.403947454,0.769631267
P_03395,cheY_1,0.10124127,0.66782692,0.904083575
P_00340,yahB,-0.807497162,0.008079534,
P_03396,fliA,0.263774487,0.250373855,0.630152525
P_03398,flhF,0.251509851,0.255843712,0.638327126
P_03399,flhA,0.313978786,0.166422808,0.522838126
P_03400,,0.005828641,0.988342277,
P_03401,cspE,-0.207627548,0.706534094,
P_03402,cspA_1,-0.507413386,0.436375467,
P_03403,,-0.895852607,0.201661362,
P_03404,,0.847951715,0.840453711,
P_03405,,-0.432088547,0.438581485,
P_03406,flhB,0.444028281,0.196524752,
P_00341,ydhC_1,-0.11803742,0.711542775,0.92198932
P_03407,spaR,0.193517305,0.656393139,
P_03408,,0.510925285,0.328219197,
P_03409,fliP_2,0.606195078,0.033855313,0.223015159
P_03410,,0.410064401,0.164050803,0.521058218
P_03411,fliN,0.124191839,0.728049132,0.929208855
P_03412,fliM,0.311610733,0.206605819,0.580304327
P_03413,,0.17726998,0.496505361,0.828705023
P_03414,guaD,0.035122144,0.893260965,0.968455647
P_03415,,-0.106298123,0.712147257,0.92198932
P_03416,pucD,-0.038770371,0.874486009,0.963757813
P_00342,,-0.153539478,0.671446702,
P_03417,,0.075333137,0.771492947,0.942980275
P_03418,rspR_1,-0.147306082,0.535783516,0.839057205
P_03419,smc_2,-0.041050358,0.856754157,0.959292568
P_03420,zipA,0.17956883,0.422624463,0.782583702
P_03421,ligA,-0.051129647,0.822227154,0.955510056
P_03422,,-0.407993063,0.083717458,0.377575784
P_03423,,0.009178691,0.970101732,0.988630278
P_03424,,-0.102283269,0.729689596,
P_03425,,0.102772267,0.733463759,
P_03426,gltR_3,0.075924797,0.756267144,0.937540765
P_00343,uacT_1,-0.352463516,0.15136093,0.502518288
P_03427,eamA_2,0.269508837,0.403502904,
P_03428,ruvB_1,0.026226177,0.906051057,0.971934496
P_03429,ybaB,-0.524891324,0.047236794,0.272688449
P_03430,curA_1,-0.673223378,0.002667594,0.046558246
P_03431,recR,-0.116172303,0.628055781,0.885000121
P_03432,mmgC_5,-0.204373798,0.421714996,0.782583702
P_03433,apt,0.208976029,0.432130638,0.788089811
P_03434,anr,0.399447801,0.074241391,0.358257873
P_03435,,0.207741512,0.41881452,0.780185652
P_03436,hemN_2,0.740970325,0.00145011,0.03112736
P_00034,,0.211453303,0.454107065,0.799823229
P_00344,laaA,0.375286231,0.218846851,0.591924707
P_03437,,0.64962419,0.014196153,0.131897091
P_03438,,0.156927045,0.619778192,
P_03439,copA_1,0.882374845,0.000155742,0.007008371
P_03440,,1.000905166,1.64271E-05,0.001305427
P_03441,,1.105764944,4.27265E-07,6.64931E-05
P_03442,fitB,0.586222744,0.056676805,
P_03443,,0.215855934,0.466144846,0.810315494
P_03444,ccoP2,0.090863829,0.693283896,0.915634849
P_03445,,-0.474980823,0.235008696,
P_03446,,-0.044573176,0.856519017,0.959292568
P_00345,rcsB_1,0.20709378,0.394282214,0.764969232
P_03447,ccoN1_1,0.205183242,0.357915257,0.734885586
P_03448,ccoP1,1.062965897,2.45099E-06,0.000261556
P_03449,,1.407727986,6.22156E-07,8.93751E-05
P_03450,,1.23113746,7.74246E-08,1.70106E-05
P_03451,ccoN1_2,1.170213523,1.41297E-07,2.76948E-05
P_03452,,-0.124179521,0.685778674,
P_03453,,-0.007408526,0.98609569,
P_03454,,-0.040838791,0.917305441,
P_03455,aer,0.032235818,0.885542163,0.967072297
P_03456,,0.517729625,0.065776947,0.332445055
P_00346,pip_1,0.267707345,0.326755915,0.710434657
P_03457,,-0.324025904,0.233254151,0.607110978
P_03458,,0.225884043,0.421947378,0.782583702
P_03459,aceK,-0.418993121,0.104496054,0.424464406
P_03460,,-0.068465265,0.771552268,0.942980275
P_03461,,-0.027618678,0.950631258,
P_03462,,-0.426297951,0.141380296,0.482242379
P_03463,rcsB_3,-0.179866685,0.564186793,
P_03464,rcsC_9,0.33674824,0.371530918,
P_03465,,-0.019076293,0.970715903,
P_03466,gltF_1,-0.121915965,0.761147181,
P_00347,gsiC_1,0.333429435,0.379976578,
P_03467,gltF_2,-0.11971228,0.726320529,
P_03468,,-0.363864384,0.417335924,
P_03469,gltF_3,-0.447030552,0.421288988,
P_03470,yraI_2,-0.586690064,0.300218977,
P_03471,yraJ_2,-0.174357086,0.563522708,
P_03472,,-0.087851253,0.813732419,
P_03473,,-0.172185618,0.619229841,
P_03474,yycB_3,0.111050199,0.655668031,0.901397631
P_03475,lutR_5,0.008090291,0.977387575,0.992534691
P_03476,glnQ_8,-0.302086264,0.461691482,
P_00348,ddpC_1,0.132813547,0.745816513,
P_03477,yhdY,-0.11245557,0.761948669,
P_03478,,-0.238009574,0.494456173,
P_03479,yhdW,-0.475704496,0.053578984,0.294105386
P_03480,estB_1,-0.238060328,0.316777957,0.700706487
P_03481,rhlB_2,0.063408775,0.781831301,0.943197645
P_03482,moaE,-0.114308521,0.697263671,
P_03483,moaD,-0.459717749,0.129698779,
P_03484,moaC,0.059055526,0.831236966,0.95592068
P_03485,,-0.16512686,0.544614465,0.845608645
P_03486,,-0.89694727,0.000110068,0.005555469
P_00349,oppD,-0.112008742,0.755155938,
P_03487,,-0.085772623,0.746216676,0.935074931
P_03488,,-0.022556812,0.928870551,0.977001269
P_03489,algD,-0.373642128,0.209210788,0.582170107
P_03490,alg8,-0.034521648,0.914033407,0.972994984
P_03491,,-0.306187854,0.395289699,0.764969232
P_03492,algK,-0.356796901,0.236822192,0.613006399
P_03493,algE,-0.276469741,0.400880759,
P_03494,algG,-0.062730921,0.853681992,
P_03495,algX,-0.085134198,0.794279555,
P_03496,algL,-0.038021956,0.908011752,
P_00350,gsiA_1,0.114148835,0.759227725,
P_03497,,0.017471169,0.960131637,
P_03498,algJ,0.063722329,0.875104481,
P_03499,,-0.217037527,0.495228006,
P_03500,algA_1,-0.023501059,0.934506817,0.978545531
P_03501,,0.189999576,0.517914976,0.831510256
P_03502,hcaB_5,-0.099297249,0.716095391,0.92198932
P_03503,pgrR_4,-0.495056304,0.145784256,
P_03504,mdtD,-0.008972026,0.980238733,
P_03505,,-0.011679733,0.974570972,
P_03506,dmlR_10,-0.407773926,0.15681622,0.509755077
P_00351,gsiB_1,-0.080159838,0.764808306,0.939844193
P_03507,frmA,-0.165719022,0.495807967,0.828705023
P_03508,yeiG,-0.608285789,0.006583624,0.082657104
P_03509,ispF,0.186392115,0.457010858,0.800882416
P_03510,truD,0.230272346,0.370630677,0.746136378
P_03511,surE,0.237346995,0.343423318,0.724275059
P_03512,pcm,0.158391327,0.556132411,0.852936434
P_03513,,-0.046576537,0.837506897,0.95614808
P_03514,rpoS,-0.524238507,0.022446508,0.173937152
P_03515,capB_2,-0.077457013,0.77545667,0.943048187
P_03516,dcd,0.10929182,0.64287396,0.894456999
P_00352,yciK,0.129637646,0.584314295,0.866358478
P_03517,,0.039002297,0.873958625,0.963757813
P_03518,,0.076193963,0.729931407,0.929832799
P_03519,dbpA_1,-0.14566874,0.527542197,0.83523824
P_03520,hisP_1,0.004354955,0.992403046,
P_03521,,0.154868598,0.661767685,
P_03522,hisM_1,0.342280219,0.48338438,
P_03523,hisQ_1,-0.007859285,0.986183606,
P_03524,argT_1,-0.394967343,0.142073733,0.483026971
P_03525,lig_2,-0.236527046,0.340438889,0.721841741
P_03526,,-0.153917582,0.520634802,0.833255411
P_00353,mupP,-0.039246689,0.868116361,0.963757813
P_03527,,-0.495725143,0.171162402,
P_03528,quiP_1,-0.168740107,0.46195218,0.805504852
P_03529,,-0.087470467,0.832730116,
P_03530,,-0.182730307,0.582106091,
P_03531,,-0.324287562,0.225384973,0.599155072
P_03532,,-0.365831498,0.232145668,0.60633851
P_03533,,-0.35505932,0.125398184,0.459911895
P_03534,,-0.153537168,0.625895191,
P_03535,dinG,0.271270259,0.258238246,0.639602021
P_03536,,0.323279884,0.162938491,0.51881949
P_00035,,0.112953453,0.716960337,
P_00354,ubiG_1,0.066158055,0.772867768,0.943048187
P_03537,,0.051247728,0.822052874,0.955510056
P_03538,,-0.052956743,0.812632316,0.954536593
P_03539,pdxH,-0.106040314,0.656680845,0.901397631
P_03540,slyB,-0.245791257,0.265614017,0.647987168
P_03541,nhaA_2,0.032642395,0.88994077,0.967623585
P_03542,,0.008073123,0.9748896,0.991615647
P_03543,,0.128995916,0.641823204,0.894456999
P_03544,dctA2,0.052738324,0.827726804,0.95592068
P_03545,pucA_3,-0.242759761,0.294857117,0.678188777
P_03546,glmU_2,-0.201372573,0.446982025,0.797377652
P_00355,mtaD,0.189251418,0.400783651,0.768518923
P_03547,rne,0.302928668,0.168601121,0.524770988
P_03548,rluC,0.153495984,0.497963308,0.828705023
P_03549,ppaX,0.446986956,0.094244404,0.402749256
P_03550,,0.57161574,0.016090564,0.143245038
P_03551,tdhA,0.085498273,0.750990105,0.935294446
P_03552,,0.315446562,0.351309503,
P_03553,,0.122975139,0.714218678,
P_03554,dapA_2,-0.121072752,0.704748378,
P_03555,cloR,0.223296492,0.438527857,0.793056386
P_03556,sutR,0.020044222,0.941949941,0.980872847
P_00356,mtnA,0.242763522,0.343434794,0.724275059
P_03557,,0.236577493,0.352230522,0.728578193
P_03558,adhB_2,1.109742377,6.47574E-07,8.9581E-05
P_03559,,0.282780725,0.260693213,0.643296013
P_03560,,-0.059032807,0.882796007,
P_03561,pcpR_3,-0.367330739,0.254462943,
P_03562,fosA,-0.080344131,0.810427131,
P_03563,leuE_1,-0.18923338,0.500352275,0.829029116
P_03564,,-0.246628048,0.279957794,0.662452434
P_03565,ogt_1,-0.001586511,0.99529077,0.997150046
P_03566,,0.043689662,0.893508136,
P_00357,gyrA,0.34401033,0.11335092,0.439632073
P_03567,,-0.182385737,0.515069023,0.830290376
P_03569,rhlA_1,0.084903589,0.714968182,0.92198932
P_03570,rsuA,0.037849234,0.901100312,
P_03571,,0.084393583,0.826666551,
P_03572,,0.793669155,0.0051302,0.070187897
P_03573,,0.424779917,0.258224138,
P_03574,caiD_1,-0.003429865,0.988785508,0.995343961
P_03575,ung,0.111938019,0.711894451,
P_03576,,0.006226664,0.980521081,0.992670454
P_03577,,-0.195197648,0.451588397,0.799100698
P_00358,serC,0.237360258,0.295472279,0.678188777
P_03578,,0.198062304,0.402956191,0.769631267
P_03579,pgl_1,0.213162961,0.428773234,0.785671047
P_03580,,-0.295715014,0.467837466,
P_03581,,-0.376290475,0.224856466,
P_03582,,-0.2118958,0.706818785,
P_03583,,-0.431604009,0.220440684,
P_03584,nicP_2,0.018069904,0.960712018,
P_03585,tctD,-0.25662014,0.333301433,0.716340362
P_03586,sasA_16,0.029769911,0.912613095,0.972832448
P_03587,,0.234729236,0.392923788,0.764969232
P_00359,,0.236063467,0.299699271,0.682130883
P_03588,ygfZ,0.0615136,0.796865075,0.949630302
P_03589,sdhE,-0.09120998,0.76829465,
P_03590,,0.239031723,0.451307138,
P_03591,nadB,0.15362735,0.506750643,0.829029116
P_03592,rpoE_2,0.578230213,0.008322209,0.096532453
P_03593,mucA,0.20327505,0.361595147,0.73640015
P_03594,mucB,0.594289055,0.018242682,0.155173279
P_03595,degP,-0.022269827,0.91933241,0.974233507
P_03596,bepA_2,-0.170819435,0.478637826,0.81962579
P_03597,tusA_1,-0.053818551,0.845145189,0.95787105
P_00360,hisC_1,0.342012206,0.132280977,0.468312274
P_03598,dapE_1,0.213709027,0.358096858,0.734885586
P_03599,rlmA,0.197487483,0.447043856,0.797377652
P_03600,,0.182679164,0.600615869,
P_03601,cspA_2,-0.381657541,0.242317806,
P_03602,plsB,0.266989964,0.237764176,0.613490628
P_03603,,-0.133116406,0.621949278,0.883146147
P_03604,,-0.168762846,0.480490479,0.819978978
P_03605,,-0.225095159,0.484147966,
P_03606,acrF,0.09723103,0.713928716,0.92198932
P_03607,mdtA_6,0.257596583,0.311951528,0.697760257
P_00361,aroA_1,0.536966721,0.017817867,0.152987891
P_03608,,0.431917274,0.07083026,0.34947295
P_03609,,0.270657844,0.517039492,
P_03610,rsmJ,0.265950359,0.268200545,0.650473399
P_03611,,0.19090969,0.451123168,0.799100698
P_03612,,0.559136308,0.023144496,0.17802117
P_03613,,0.828371274,0.000917976,0.022857611
P_03614,,0.670346953,0.00745102,0.088912333
P_03615,tsaB,0.130200541,0.581517483,0.863949005
P_03616,adk,0.198820171,0.372904902,0.747859959
P_03617,ppc,-0.835525531,0.00013838,0.006460639
P_00362,cmk_1,0.51822062,0.018142722,0.155064225
P_03618,,-0.214701588,0.375493995,0.748782739
P_03619,,-0.389530344,0.071873987,0.351373482
P_03620,,-0.529080776,0.014958735,0.136270425
P_03621,,0.472648768,0.244235754,
P_03622,,-0.675285007,0.359377692,
P_03623,,1.160266349,8.30246E-05,0.004494159
P_03624,,0.53973779,0.030209852,0.209511372
P_03625,,-0.12784415,0.58035853,0.863601239
P_03626,betI_2,0.411387019,0.187209717,
P_03627,lysU,0.448415751,0.047129096,0.272487886
P_00363,rpsA,0.619758046,0.004223237,0.0625944
P_03628,prfB,0.422541312,0.059675708,0.313486315
P_03629,cheB_2,0.112406045,0.650375681,0.898963628
P_03630,cheB_3,0.200026297,0.435579924,0.790520416
P_03631,rcsC_10,0.408099168,0.104038665,0.423756177
P_03632,,0.355078383,0.293236199,
P_03633,wspC,0.573092141,0.035353546,0.228404269
P_03634,,0.102404147,0.725892326,
P_03635,,0.162726495,0.486442847,0.823227926
P_03636,,0.419909398,0.384702703,
P_03637,,-0.048978315,0.835474595,0.95592068
P_00036,,-0.467083231,0.57883704,
P_00364,,0.244336226,0.394703397,0.764969232
P_03638,mdoD,-0.274312322,0.213119692,0.58443616
P_03639,,-0.205550401,0.40131123,0.768518923
P_03640,namA_3,-0.587695025,0.01011355,0.108235269
P_03641,kup,0.11606904,0.612518025,0.882281073
P_03642,,0.234296286,0.572118813,
P_03643,rimO_1,0.672278459,0.006938396,0.085196491
P_03644,yjaB,0.233996158,0.384629279,0.757695336
P_03645,tycB_2,-0.537526724,0.237366659,
P_03646,dltA_2,-0.274347758,0.295996758,0.678188777
P_03647,fpvA_1,-0.128347731,0.599497469,0.875466342
P_00365,ihfB,-0.376605748,0.151998165,0.503805389
P_03648,yojI,0.019683499,0.942344487,0.980872847
P_03649,purN_1,-0.507142474,0.176825718,
P_03650,pkn1,-0.502244597,0.33732762,
P_03651,cefD_1,-0.694578891,0.099514182,
P_03652,,-0.141714335,0.76325038,
P_03653,,-0.500748928,0.169701727,
P_03654,,-0.44873226,0.289791036,
P_03655,cdhR_5,-0.523985465,0.045593703,0.267194308
P_03656,,-1.114192228,4.2199E-06,0.000414771
P_03657,yhhW_1,-0.169358386,0.724498465,
P_00366,,0.202068205,0.472031406,0.814695306
P_03658,cdhR_6,-0.010958651,0.969324883,0.988618514
P_03659,,-0.247964874,0.393772592,0.764969232
P_03660,,-0.311567249,0.206862958,0.580490718
P_03661,rhaR_4,-0.270031279,0.730108142,
P_03662,nodD2_5,-0.449200713,0.107136939,0.427802006
P_03663,,-0.091530345,0.891836869,
P_03664,nfdA_1,-0.309774376,0.393043316,
P_03665,ycaC_2,-0.573590264,0.121524934,
P_03666,dmlR_11,-0.041403673,0.886389427,0.967072297
P_03667,,-0.644692165,0.169076228,
P_00367,,-0.077904825,0.749035935,0.935074931
P_03668,,-0.368214586,0.479325423,
P_03669,btuB_7,-0.192594155,0.541571441,
P_03670,eamB_2,0.243600703,0.594948012,
P_03671,rhaR_5,0.01584046,0.9567754,
P_03672,yejF_2,0.002282582,0.99318149,0.996428277
P_03673,yejE_2,-0.07682805,0.812052117,
P_03674,yejB_2,-0.124058868,0.721834549,
P_03675,sgrR,-0.334958853,0.265302476,0.647987168
P_03676,,0.066479621,0.797079249,0.949630302
P_03677,mltD,0.694640262,0.002096332,0.039947965
P_00368,wbpA_2,-0.003328218,0.989405053,0.995343961
P_03678,gloB,-0.116327169,0.66627388,0.90382551
P_03679,,-0.309604286,0.177452963,0.541050462
P_03680,rnhA,0.059248417,0.857006683,
P_03681,,0.112770102,0.708376014,
P_03682,rhaS_7,-0.061369375,0.829105496,0.95592068
P_03683,,-0.171495694,0.583109947,
P_03684,dnaQ,0.085752929,0.712612299,0.92198932
P_03685,adiA,-0.163265022,0.511673245,0.829029116
P_03686,wecD,-0.033149128,0.906723138,0.972046763
P_03687,,-0.191880531,0.449080042,0.799083988
P_00369,wbgU,0.06200268,0.821744842,0.955510056
P_03688,,0.04886269,0.850348278,0.959292568
P_03689,,0.666808625,0.019015869,0.158536317
P_03690,,0.619795708,0.032509486,0.217318066
P_03691,chrR,-0.390117658,0.108776762,0.431232435
P_03692,poxB,-0.58864542,0.00942981,0.104202195
P_03693,,-0.056863976,0.80813565,0.952831922
P_03694,,0.151885646,0.511022399,0.829029116
P_03695,sir_2,0.68550028,0.00301827,0.049371326
P_03696,,-0.167056105,0.595848223,0.874113556
P_03697,purR_2,0.149053435,0.521593347,0.833255411
P_00370,asnB_1,0.271575735,0.23747359,0.613490628
P_03698,,0.186381443,0.580379162,
P_03699,,0.066351385,0.784874728,0.944466481
P_03700,,-0.097968037,0.683662398,0.9096826
P_03701,ybjJ,-0.122460731,0.61817713,0.883146147
P_03702,,-0.121552205,0.716467276,
P_03703,,-0.150354326,0.751907822,
P_03704,,-0.121224196,0.769007427,
P_03705,fecA_2,-0.081083663,0.781278679,0.943140228
P_03706,fecR_5,0.272862998,0.335513584,0.71813366
P_03707,fecI_7,-0.141662296,0.707288576,
P_00371,pglA,0.587810686,0.030292711,0.209511372
P_03708,,0.015541946,0.966026026,
P_03709,gdhI_2,-0.507219202,0.028681478,0.203230505
P_03710,,-0.664210688,0.005421673,0.072321239
P_03711,menH_2,-0.795393098,0.002986253,0.049371326
P_03712,cdhR_7,-0.595133566,0.031422869,0.213585372
P_03713,inhA,-0.341654083,0.331428457,
P_03714,leuE_2,0.176855352,0.580704192,
P_03715,fecI_8,-0.312316994,0.43871193,
P_03716,fecR_6,-0.193187477,0.616398184,
P_03717,fpvA_2,-0.157871969,0.591150638,0.869613089
P_00372,gnu,0.283581698,0.243472487,0.622295079
P_03718,,-0.073099256,0.749339298,0.935074931
P_03719,algA_2,-0.051451013,0.826860851,0.95592068
P_03720,,0.057969722,0.829645775,0.95592068
P_03721,,-0.138583888,0.588762838,0.868414927
P_03722,,-0.079175434,0.736933831,0.933033173
P_03723,mshA_1,-0.075810476,0.777280108,0.943048187
P_03724,,0.062349356,0.818179335,0.955510056
P_03725,,0.091599198,0.745987943,0.935074931
P_03726,mshA_2,0.104883705,0.719187615,0.92276391
P_03727,,0.194203104,0.525961347,0.83523824
P_00373,tagO,0.029236178,0.918877082,0.974233507
P_03728,dapH_2,-0.145526536,0.672717909,
P_03729,murJ_1,0.073833794,0.791249893,0.948255633
P_03730,,-0.119624568,0.602940558,0.875943576
P_03731,,-0.189078069,0.532497526,0.836717821
P_03732,polB,0.066686645,0.802916164,0.952029166
P_03733,,-0.069517709,0.801776749,0.95188689
P_03734,,-0.52499341,0.038841797,0.245057619
P_03735,gfa,0.129704916,0.714674241,
P_03736,mrdA_2,0.197832057,0.435160042,0.790142322
P_03737,eamB_3,0.241234107,0.387530844,0.761403315
P_00037,,0.320716257,0.754426578,
P_00374,pglF,0.256306703,0.29101074,0.675108767
P_03738,,0.090320212,0.74083162,0.933866312
P_03739,,1.410337426,2.38641E-06,0.000261556
P_03740,,0.784637087,0.026959337,
P_03741,,0.445408344,0.048147171,0.275390022
P_03743,pvdQ,0.08670964,0.72909842,0.929731171
P_03744,,0.162899623,0.581373046,0.863949005
P_03745,,0.066010039,0.789581692,0.947438146
P_03746,,0.178026368,0.471602554,0.814695306
P_03747,cmpB,0.507968435,0.062187158,0.321428373
P_03748,,0.468008365,0.04486389,0.264718214
P_00375,,-0.798359555,0.000315885,0.010598164
P_03749,cmpC,0.567993,0.020780358,0.166814454
P_03750,,0.56919425,0.014857461,0.136011319
P_03751,,0.574056729,0.017556123,0.152139491
P_03752,rclR_2,-0.026619842,0.92049219,0.974233507
P_03753,,0.051442368,0.885931448,
P_03754,,0.047578297,0.884425859,
P_03755,,0.213631868,0.477723072,
P_03756,yqaA,0.571346498,0.136691795,
P_03757,bpoA2,-1.05163002,0.001260305,0.028702682
P_03758,hprA_2,-0.399964091,0.102180734,0.420313923
P_00376,,0.347263684,0.366608252,
P_03759,glgA,-0.300776228,0.174279218,0.534866786
P_03760,treZ,-0.522780972,0.032140342,0.216295812
P_03761,malQ,-0.427297024,0.098701886,0.411871504
P_03762,treY,0.054554754,0.83119317,0.95592068
P_03763,,-0.609798054,0.047987705,0.274898895
P_03764,glgX,-0.474733094,0.073515523,0.355674197
P_03765,,-0.356524125,0.181702609,0.547259289
P_03766,mshB,-0.228858275,0.5089457,
P_03767,,-0.115008125,0.755017878,
P_03768,,-0.011177098,0.971699104,
P_00377,,0.67784078,0.075819682,
P_03769,,-0.034933984,0.94057454,
P_03770,pupB,0.033652175,0.905632982,0.971934496
P_03771,smc_3,-0.140504535,0.576578692,0.861753268
P_03772,,-0.325733274,0.343301215,
P_03773,,0.144691448,0.653397267,
P_03774,,-0.05067142,0.890378282,
P_03775,rhtB_4,-0.265320234,0.273862503,0.655726698
P_03776,,0.253148368,0.347159989,0.726995942
P_03777,,-0.846515141,0.012025991,
P_03778,fklB_1,0.02968351,0.900521275,0.970388343
P_00378,fdtB,0.268960357,0.334983643,0.717822093
P_03779,mcpS,-0.048825501,0.830536538,0.95592068
P_03780,,-0.275732157,0.526904938,
P_03781,dan,-0.138065168,0.64880327,
P_03782,hexR_1,-0.203216509,0.58398218,
P_03783,gntT_1,0.217062275,0.565231862,
P_03784,,0.43923149,0.109552547,0.432535689
P_03785,bicA,0.63029869,0.01796759,0.153919609
P_03786,,0.207443222,0.497486356,0.828705023
P_03787,dmlR_12,0.19752363,0.514342031,
P_03788,,0.187923158,0.734696746,
P_00379,wzxE,0.012853219,0.975069678,
P_03789,,-0.034671482,0.907523612,
P_03790,gabP_2,0.18742924,0.555683313,
P_03791,kynU,0.123907674,0.675384719,
P_03792,lrp_2,-0.009999557,0.9760963,
P_03793,catA,-0.018216591,0.960605041,
P_03794,catC,0.46514841,0.576937211,
P_03795,catB,0.019766459,0.956468398,
P_03796,benM_1,0.059904506,0.834718381,0.95592068
P_03797,,-0.027899574,0.934379014,
P_03798,antA,-0.111947131,0.776823056,
P_00380,arnC_1,0.679790076,0.233220465,
P_03799,antB,0.25034249,0.571699293,
P_03800,antC,-0.054659337,0.911088222,
P_03801,aroP_1,-0.017405456,0.940213139,0.980372997
P_03802,kynA,0.040629582,0.890161884,0.967623585
P_03803,kynB,0.485961123,0.088632718,0.389004936
P_03804,,-0.255423967,0.644845561,
P_03805,mmsB,0.011850979,0.971520106,
P_03806,mmsA,0.062188036,0.80581831,0.952558679
P_03807,hdfR_3,-0.201643193,0.441557405,0.793479753
P_03808,,-0.002255741,0.994246361,
P_00381,,-0.147970296,0.816774663,
P_03809,,0.327704334,0.452454852,
P_03810,,-0.288597463,0.6904199,
P_03811,,0.070749677,0.835647842,
P_03812,,0.482756725,0.045331436,0.266226912
P_03813,,0.558190388,0.021878103,0.172030976
P_03814,,0.314141209,0.284483108,0.667846894
P_03815,,0.155684703,0.546552883,0.846389098
P_03816,xerD_2,0.183709852,0.452006017,0.799100698
P_03817,ydcP_1,0.308877109,0.171009475,0.528501816
P_03818,,-0.227847211,0.457371404,0.800882416
P_00382,,-0.206212503,0.695976597,
P_03819,lrpC_2,-0.443607342,0.150739491,
P_03820,nhaP2_1,-0.329448988,0.216565864,0.589987965
P_03821,,-0.110014548,0.666952834,0.903871131
P_03822,,0.327863775,0.823472302,
P_03823,,-0.509471688,0.054573136,0.297563014
P_03824,,-0.263955636,0.303504203,0.687935707
P_03825,,-0.633844145,0.024954694,0.184697214
P_03826,,-0.765170444,0.032852841,
P_03827,,0.355105328,0.130618237,0.467298002
P_03828,fan1,0.300156563,0.264778062,0.647639858
P_00383,,0.264894671,0.411297539,
P_03829,,0.384423916,0.12785038,0.462789634
P_03830,,0.540615254,0.067348599,0.338100829
P_03831,,-0.080191991,0.763129522,0.939844193
P_03832,,-0.175012502,0.526464948,0.83523824
P_03833,tolC_3,-0.206896235,0.609812236,
P_03834,prsE_2,-0.03188586,0.926618003,
P_03835,prsD_2,-0.087733064,0.795357518,
P_03836,inh,0.234344187,0.492766104,
P_03837,aprA_1,-0.176270151,0.498748368,0.82902766
P_03838,,-0.028912738,0.909065317,0.97216211
P_00038,,0.557625784,0.337821867,
P_00384,,0.089818033,0.80150717,
P_03839,steT_2,0.482373955,0.105235852,0.424925304
P_03840,,0.167443415,0.518274666,0.831510256
P_03841,,0.522441349,0.286806355,
P_03842,spuD_2,0.811228979,0.023624945,0.179627264
P_03843,,0.810692736,0.089297127,
P_03844,puuB_4,0.92065528,0.009603308,0.105495167
P_03845,,0.104959096,0.705416111,0.919626239
P_03846,,0.407477109,0.102805942,0.421030916
P_03847,,-0.10433958,0.685273571,0.909994558
P_03848,rep_3,0.265057031,0.26705033,0.648947939
P_00385,,-0.029637413,0.925873122,
P_03849,yhhW_2,-0.268327736,0.273524888,0.655726698
P_03850,pgm,0.146996903,0.50066368,0.829029116
P_03851,,0.748156849,0.000809087,0.021491808
P_03852,tcdA,0.485401814,0.07138205,0.350805205
P_03853,csdE,0.465605396,0.135329593,
P_03854,sufS_1,0.383381048,0.126200772,0.460762348
P_03855,dapD,-0.027557753,0.901530067,0.970388343
P_03856,yffB,-0.047034064,0.854566634,0.959292568
P_03857,nhaK,0.368944753,0.114390444,0.440857763
P_03858,dapL,-0.064436596,0.788376011,0.947067519
P_00386,yhdG,0.120402923,0.673916201,0.904447363
P_03859,glnD,-0.089079176,0.697490395,0.917636962
P_03860,map_2,-0.289149067,0.193004397,0.559410322
P_03861,rpsB,0.66634115,0.003027435,0.049371326
P_03862,tsf,0.443598942,0.04989997,0.282388467
P_03863,pyrH,0.524653256,0.024665613,0.184163873
P_03864,frr,0.33995682,0.130256755,0.467298002
P_03865,uppS,0.459985349,0.049186589,0.280048643
P_03866,cdsA,0.737026386,0.001352198,0.029884368
P_03867,dxr,0.542005491,0.015389236,0.13850312
P_03868,rseP,0.375170347,0.090495228,0.394884211
P_00387,,-0.667687501,0.85747945,
P_03869,bamA_1,0.417418473,0.060226328,0.314169464
P_03870,,0.108934192,0.630704518,0.885056958
P_03871,lpxD_2,0.355683945,0.123682016,0.456935876
P_03872,fabZ,0.375691657,0.139289743,0.477514952
P_03873,lpxA,0.606118047,0.024555348,0.18412956
P_03874,lpxB,0.669606234,0.006190565,0.079456218
P_03875,rnhB,0.472890867,0.095241777,0.404974963
P_03876,dnaE,0.187393143,0.401044084,0.768518923
P_03877,accA_2,-0.069818322,0.752903285,0.935673095
P_03878,tilS,0.077372874,0.764442806,0.939844193
P_00388,kdpA,-0.050909946,0.904837164,
P_03879,pyrG_2,0.467849388,0.031593353,0.213770245
P_03880,kdsA,0.387760527,0.092392692,0.399405907
P_03881,eno,0.231441091,0.291354059,0.675485667
P_03882,ftsB,0.304610528,0.273053737,0.655726698
P_03883,ispD,0.421447675,0.127328845,0.462170298
P_03884,lplT,-0.072646348,0.779627365,0.943048187
P_03885,,-0.07817253,0.767523754,0.941136317
P_03886,mdtL_4,0.043795832,0.866729436,0.963749462
P_03887,,-0.083719865,0.72974399,0.929832799
P_03888,yadH,0.147757377,0.52925435,0.835245802
P_00389,kdpB,0.199251808,0.565799591,
P_03889,yadG,-0.01647329,0.942801098,0.980872847
P_03890,gstB_3,-0.217769836,0.346392741,0.72602519
P_03891,,-0.324222123,0.178729941,0.543170324
P_03892,fadE_1,-0.515659938,0.017527386,0.152139491
P_03893,,0.379110573,0.137365221,0.476477407
P_03894,dmlR_13,-0.216861561,0.477451273,
P_03895,alaS_1,0.184052742,0.650887983,
P_03896,phoD_2,0.033175809,0.913656079,
P_03897,,-0.87774929,0.272345574,
P_03898,exbD_3,0.649506612,0.677923747,
P_00390,kdpC,-0.939682635,0.059198011,
P_03899,,-0.118567777,0.862115102,
P_03900,,-0.115561614,0.726268445,
P_03901,,-0.060693782,0.878717401,
P_03902,,-0.035821873,0.935323892,
P_03903,dapE_2,-0.218544338,0.349700613,0.728578193
P_03904,nqrF,-0.092777698,0.740842271,0.933866312
P_03905,gabR_2,0.208208321,0.454602167,0.799823229
P_03906,gltS,0.389755079,0.137300855,0.476477407
P_03907,,0.472483732,0.232636334,
P_03908,potF,0.089039974,0.749054936,0.935074931
P_00391,kdpD,-0.160238592,0.579630052,0.862860998
P_03909,malT_4,-0.404590358,0.179354528,
P_03914,,0.003493583,0.9885366,0.995343961
P_03915,catD_2,-0.354921841,0.166791931,0.522838126
P_03916,mcpQ_3,0.136471572,0.666253148,
P_03917,norG_4,0.469938611,0.08390573,0.377575784
P_03918,linC,0.371403576,0.170380102,0.528107619
P_03919,yfmJ,-0.099641975,0.678562214,0.908690036
P_03920,,-0.04086563,0.906228953,
P_03921,,0.247622272,0.459053837,
P_03922,nagE,0.169754656,0.586255546,0.867193847
P_00392,kdpE,-0.342423765,0.228508213,0.602367391
P_03923,,0.148119193,0.626753303,0.885000121
P_03924,,-0.320108761,0.26675859,0.648918856
P_03925,agaA,-0.784867368,0.011902508,
P_03926,yvoA_2,-0.302206656,0.288826913,0.672250727
P_03927,,0.253392015,0.395035477,
P_03928,nudC_1,-0.064151002,0.808493415,0.952831922
P_03929,nudL,0.008895372,0.970728141,0.988729099
P_03930,yrdA_2,-0.135156913,0.602331071,0.875712943
P_03931,,0.419235789,0.366923815,
P_03932,,0.048383447,0.888797344,
P_00393,,-0.380901737,0.133322809,0.470426331
P_03933,purT,0.064260158,0.774946603,0.943048187
P_03934,yhjE_1,-0.399685785,0.108876087,0.431232435
P_03935,,0.218764692,0.443441163,0.795647849
P_03936,ypjD,0.09172029,0.713358152,0.92198932
P_03937,ffh,0.17611818,0.427660995,0.785671047
P_03938,rpsP,0.495141548,0.02492397,0.184697214
P_03939,rimM,0.738212182,0.001737782,0.035084409
P_03940,trmD,0.741302338,0.001589872,0.033174151
P_03941,rplS,0.571150694,0.010163301,0.108456943
P_03942,,0.405002546,0.246192758,
P_00039,,0.340466273,0.50326891,
P_00394,,0.060045018,0.795626197,0.949110139
P_03943,nhaP2_2,0.340782372,0.130512877,0.467298002
P_03944,xerD_3,0.215421902,0.403208779,0.769631267
P_03945,dsbC,0.068509283,0.776369125,0.943048187
P_03946,hom,0.177711319,0.431893586,0.788089811
P_03947,thrC,0.010672578,0.96281519,0.986859148
P_03948,bvgS_2,-0.126255579,0.630034321,0.885056958
P_03949,rssB_8,-0.005866468,0.985821532,
P_03950,rcsB_4,-0.052784563,0.856700569,
P_03951,,-0.688515449,0.005968436,0.077403156
P_03952,smtB,-0.262215325,0.271158958,0.653606706
P_00395,,-0.03896826,0.865407573,0.963598777
P_03953,yaeQ,-0.204866143,0.485524111,
P_03954,recJ,0.478066577,0.043338077,0.261076964
P_03955,,0.158514767,0.718355382,
P_03956,,0.754575674,0.029793226,
P_03957,,0.681977743,0.021643475,0.171350628
P_03958,,1.959375391,5.38094E-08,1.43556E-05
P_03959,ppsC,0.295531634,0.185696161,0.551813912
P_03960,nemA_2,1.26745535,1.57028E-05,0.001274997
P_03961,hchA_2,0.862449859,0.003020107,0.049371326
P_03962,nemR_3,1.315238459,2.82347E-05,0.002028011
P_00396,tesB_1,-0.049533352,0.838593493,0.956526838
P_03963,cdhR_8,0.20888056,0.390196562,0.763171999
P_03964,,0.409263859,0.231956678,
P_03965,uppP_1,-0.041585665,0.859109993,0.959796055
P_03966,yfeX_2,0.066908812,0.782672341,0.943907392
P_03967,,0.31092256,0.47814824,
P_03968,camA,-0.213789157,0.541706919,
P_03969,ndoA,0.074518501,0.936029017,
P_03970,,0.273557304,0.413368367,
P_03971,,-0.065488443,0.814695909,0.954536593
P_03972,norR_4,-0.432234277,0.079668351,0.36781371
P_00397,,-0.237679508,0.36721777,0.74367574
P_03973,iolG_3,0.650643914,0.13109604,
P_03974,otnI,0.178163868,0.69332979,
P_03975,thpA_1,-0.37557113,0.223393524,
P_03976,yghU,-0.481318462,0.034024361,0.223492089
P_03977,mug,-0.391006694,0.229707675,
P_03978,yibF_2,-0.28088118,0.266766623,0.648918856
P_03979,,-0.577906985,0.036276886,0.232408526
P_03980,mro,-0.42222288,0.195001027,
P_03981,rbsC_3,-0.417862142,0.236380863,
P_03982,araG_2,-0.40284577,0.156003172,0.508439657
P_00398,,-0.088444844,0.839060379,
P_03983,araF_1,-0.945307611,0.004599288,
P_03984,,-0.633198881,0.036691896,
P_03985,,-0.929704533,0.000915103,0.022857611
P_03986,,-1.003545874,0.000945782,
P_03987,ttuB_3,-1.302573183,4.16506E-07,6.64931E-05
P_03988,araC,-1.748196335,3.12586E-09,1.66787E-06
P_03989,lutR_6,-0.121340983,0.620084205,0.883146147
P_03990,,-0.395577295,0.276469585,
P_03991,aspS,0.22194974,0.311162114,0.697532166
P_03992,,0.43197607,0.077079237,0.365958073
P_00399,,0.148115222,0.815768246,
P_03993,,0.078016638,0.740008247,0.933866312
P_03994,,-0.142932483,0.527695827,0.83523824
P_03995,,-0.282634026,0.20076772,0.572855184
P_03996,slyX,-0.437932151,0.414590072,
P_03997,,0.188163429,0.453815376,0.799823229
P_03998,oprD_5,-0.374854779,0.119877763,0.45044612
P_03999,mscS,0.035549536,0.873005631,0.963757813
P_04000,,-0.312011279,0.161468072,0.516338397
P_04001,panE,-0.062628179,0.795245088,0.948958596
P_04002,rcsC_11,0.037275058,0.884169536,0.966633691
P_00400,,0.305142274,0.37277215,
P_04003,cobO_1,-0.082204549,0.807381319,
P_04004,thiE_1,-0.083633098,0.721313657,0.924978298
P_04005,argJ,-0.149759479,0.506389936,0.829029116
P_04006,secA,-0.042115481,0.849356956,0.959282803
P_04007,,2.74382E-05,0.999918829,0.999918829
P_04008,,-0.227542445,0.303925075,0.687935707
P_04009,pctA,-0.199795044,0.382751261,0.755840972
P_04010,mgtA_2,-0.431979667,0.05660202,0.303747909
P_04011,,-0.506197101,0.07891201,0.36622532
P_04012,,-0.190804539,0.479500871,0.81992666
P_00401,gabP_1,-0.241547582,0.306105991,0.689846625
P_04013,purU_4,0.210164519,0.368600411,0.744576818
P_04014,,-0.813412953,0.038892991,
P_04015,sbcB,-0.026114404,0.912740521,0.972832448
P_04016,,0.056412507,0.83484336,0.95592068
P_04017,,-0.056539153,0.820578719,0.955510056
P_04018,,-0.171122849,0.58047977,
P_04019,,0.342627476,0.229687538,0.602833186
P_04020,,0.29918506,0.330456162,
P_04021,,0.037533403,0.914023146,
P_04022,,-0.055644619,0.844861004,0.95787105
P_00402,occP,0.034237452,0.884921093,0.966992475
P_04023,,-0.090797032,0.739971482,0.933866312
P_04024,pykA,0.141473358,0.53036251,0.835245802
P_04026,fbpA,0.489026497,0.058960896,0.312723944
P_04027,,0.576069772,0.023771759,0.179731818
P_04028,,-0.417413597,0.108318605,0.429936228
P_04029,purA,0.341419184,0.174535136,0.534887438
P_04030,hisZ,0.498886322,0.045845805,0.267327791
P_04031,hflC,0.034241623,0.875964401,0.964826611
P_04032,hflK,0.179929469,0.409566259,0.775725141
P_04033,hflX,0.084381874,0.702170945,0.918163191
P_00403,artJ_1,-0.34027652,0.152753295,0.504450537
P_04034,hfq,0.062094963,0.785622945,0.945024702
P_04035,miaA,-0.020011776,0.927779695,0.976679019
P_04036,mutL,0.146887616,0.512859694,0.829029116
P_04037,amiC_2,0.16596061,0.481532754,0.82005245
P_04038,tsaE,0.153474188,0.526703463,0.83523824
P_04039,nnr,0.03387026,0.882409575,0.966633691
P_04040,queG,0.236608021,0.308293946,0.692413367
P_04041,,0.329691169,0.25742422,0.639528675
P_04042,orn,0.043309093,0.865784377,0.963598777
P_04043,rsgA,0.205287808,0.417519105,0.77997231
P_00004,,0.255409132,0.496819412,
P_00040,,-0.002208082,0.997074319,
P_00404,artQ_1,0.112542122,0.706961493,0.920753426
P_04044,,0.523870416,0.132707665,
P_04045,motB_2,0.039807692,0.874607019,0.963757813
P_04046,motA,-0.02888328,0.901225083,0.970388343
P_04047,,0.140892961,0.536269807,0.839466777
P_04048,rhdA,-0.140151785,0.544544072,0.845608645
P_04049,psd,-0.029502408,0.900338361,0.970388343
P_04050,serB2,-0.026055457,0.909693862,0.97216211
P_04051,,0.379718436,0.093806673,0.402357219
P_04052,,-0.022359532,0.920210233,0.974233507
P_04053,parC,0.093779356,0.671175558,0.904083575
P_00405,occM_1,-0.150101178,0.649676489,
P_04054,,-0.088878587,0.708151691,0.92158417
P_04055,parE,-0.086016179,0.699039712,0.917636962
P_04056,,-0.042691251,0.860123805,0.960039644
P_04057,,0.496191495,0.158100563,
P_04058,,0.160672975,0.549600784,0.848598152
P_04059,,0.105521276,0.700775846,0.918163191
P_04060,umuC_2,0.157071317,0.777674239,
P_04061,umuD_2,-0.206150022,0.546219592,
P_04062,,0.036614683,0.950014225,
P_04063,,-0.290489932,0.349186234,
P_00406,,0.012783663,0.974512222,
P_04064,,0.005345322,0.985969922,0.994490321
P_04065,,0.03586455,0.95089816,
P_04066,,0.142977349,0.570112264,0.857579262
P_04067,,0.179537781,0.455899361,0.800028181
P_04068,,-0.310568822,0.321124462,
P_04069,,-0.02132957,0.937745599,0.979927199
P_04070,xerC_6,-0.216261832,0.43921205,0.793056386
P_04075,clpB,-1.22616712,1.99643E-06,0.00023302
P_04076,yfiH,0.439168761,0.072717776,0.353646999
P_04077,rluD,0.425108262,0.064327997,0.328679982
P_00408,intA_1,-0.310152689,0.208109495,0.580727743
P_04078,bamD_1,0.19516958,0.394715636,0.764969232
P_04079,,0.088884027,0.766133793,
P_04080,thiO_1,0.251238656,0.296705508,0.678188777
P_04081,,0.068102348,0.844260412,
P_04082,,0.020184605,0.964792679,
P_04083,,0.146073034,0.699565618,
P_04084,,-0.13375572,0.790248095,
P_04085,,0.169886802,0.642466908,
P_04086,ispH,0.279260744,0.216840083,0.590304453
P_04087,fkpB,0.190107493,0.424724794,0.783488218
P_00409,,-0.438571074,0.201629113,
P_04088,lspA,0.257490039,0.27729001,0.658409527
P_04089,ileS,0.338681085,0.120383062,0.451435068
P_04090,ribF,0.237240635,0.286132143,0.668772083
P_04091,murJ_2,0.274430151,0.269842097,0.651914769
P_04092,rpsT,0.362798061,0.11365047,0.440009046
P_04093,slyD,-0.160842057,0.476510783,0.818284035
P_04094,pta,0.074273958,0.746623573,0.935074931
P_04095,yihG_2,0.270240711,0.326932658,0.710434657
P_04096,,0.248807776,0.422534106,
P_04097,,0.012648586,0.966192727,0.988151652
P_00410,,0.026922192,0.94083861,
P_04098,,0.454844838,0.057278992,0.306061567
P_04099,nhaP_2,0.081524717,0.850279722,
P_04100,oxyR_2,-0.131263939,0.621620082,0.883146147
P_04101,,0.125826101,0.791868403,
P_04102,gltP_2,0.153261943,0.603585204,
P_04103,yfdC,0.021146286,0.929782397,0.977012762
P_04104,,-0.256989917,0.374015787,0.747859959
P_04105,,-0.368202695,0.148545398,0.498024671
P_04106,ahcY,0.26839201,0.221482008,0.594819749
P_04107,metF,0.424223737,0.067186012,0.338100829
P_00411,,0.296201436,0.194863831,0.562889719
P_04108,,0.466854396,0.063446907,0.325514006
P_04109,,0.142348135,0.567354487,0.857228564
P_04110,rhlE_3,0.596321572,0.009197509,0.10288413
P_04111,yceI,-0.633828909,0.005710691,0.075636278
P_04112,yceJ_2,-0.559247809,0.024843613,0.184697214
P_04113,bioA,-0.427186195,0.079255936,0.367271614
P_04114,rsmE,-0.228733233,0.404737136,0.769701224
P_04115,gltI_2,-0.265072946,0.411819965,
P_04116,yabJ_3,-0.480742445,0.465508788,
P_04117,dadA1_1,-0.028004683,0.917629486,0.97395457
P_00412,,0.170776429,0.439589531,0.793056386
P_04118,,-0.23001994,0.399922782,0.768518923
P_04119,,0.043276624,0.886613117,
P_04120,gltC_2,-0.079902482,0.806606714,
P_04121,,0.199007807,0.473898047,0.816048504
P_04122,,0.085573174,0.772288598,0.943048187
P_04123,fabD_1,0.312479371,0.217303135,0.590456134
P_04124,mdcG,0.232420899,0.338912427,0.720044321
P_04125,madD,0.122475008,0.601903963,0.875712943
P_04126,madC,0.304369253,0.192638865,0.559410322
P_04127,mdcC,0.336503326,0.218331585,0.591924707
P_00413,,0.177098845,0.438591009,0.793056386
P_04128,citG,0.394861134,0.093249572,0.401621769
P_04129,madA,0.535863686,0.018786522,0.157393481
P_04130,,-0.115775885,0.733608076,
P_04131,,0.289136836,0.218088854,0.591924707
P_04132,nhaA_3,-0.056892282,0.816946568,0.955510056
P_04133,ppiD,-0.262683877,0.240467751,0.617707737
P_04134,hupB_4,-0.522210399,0.018201216,0.155173279
P_04135,lon_3,-0.718160365,0.000884169,0.022632974
P_04136,clpX,-0.233847699,0.279494386,0.661960388
P_04137,clpP_1,-0.011736612,0.957134046,0.984352242
P_00414,,-0.526108741,0.050901285,0.28438237
P_04138,tig,0.070052267,0.749562073,0.935074931
P_04139,,0.058939685,0.791355504,0.948255633
P_04144,folD_2,0.233983832,0.329563864,0.712269628
P_04145,,0.113394005,0.727531019,
P_04146,,0.090705558,0.800825643,
P_04147,,0.293425063,0.507247179,
P_04148,pbpG,0.065732136,0.794310831,0.948449794
P_04149,,-0.086333349,0.751261209,0.935320205
P_04150,,-0.226026761,0.543517701,
P_04151,,-0.034199289,0.930991468,
P_00041,,0.207229999,0.577927252,
P_00415,,0.674992896,0.008630063,0.099485444
P_04152,cusA,-0.030402326,0.919833896,
P_04153,mdtA_7,0.023673835,0.942752229,
P_04154,mepC_1,-0.501607003,0.242253326,
P_04155,hyuC_2,-0.681648834,0.014038613,0.131478908
P_04156,pucI_2,-0.539286478,0.048641592,0.277792576
P_04157,dht,-0.369104123,0.14161386,0.482598328
P_04158,preT,-0.445233931,0.135792599,
P_04159,preA,-0.737531851,0.021994262,
P_04160,moeA,0.191792505,0.413456406,0.777632094
P_04161,moaB,0.015506661,0.949692923,0.982424549
P_00416,,-0.424226021,0.155367716,
P_04162,mobA,0.10504531,0.69992375,0.917912642
P_04163,ygdR,-0.258028494,0.293002942,0.677159238
P_04164,,-0.178624413,0.511318955,0.829029116
P_04165,,-0.316713735,0.378510728,0.751104523
P_04166,,0.803598721,0.009831073,0.106510321
P_04167,kefC_2,-0.136582444,0.606568276,0.878453862
P_04168,amtB_2,-0.455052331,0.106389917,0.426816692
P_04169,yqjD_2,-0.236398042,0.306229104,0.689846625
P_04170,,-0.093014142,0.680907912,0.909581921
P_04171,,-0.170093849,0.463373929,0.806853904
P_00417,hicd,-0.070704552,0.801489917,0.951848916
P_04172,dgt,0.262398289,0.252897329,0.633940621
P_04173,cheY_2,0.204303066,0.63283563,
P_04174,bvgA_3,-0.484337705,0.450705163,
P_04175,bvgS_3,0.014440113,0.958524525,0.984352242
P_04176,msrC,-0.182760368,0.513717143,0.829029116
P_04177,,-0.186083076,0.441503106,0.793479753
P_04178,rcsC_12,-0.103069112,0.679023799,0.908690036
P_04179,gpx1,-0.138634694,0.574824928,0.860854493
P_04180,msrB,-0.070932316,0.761006122,0.9383816
P_04181,alaA,0.192877765,0.410334173,0.776392167
P_00418,,-0.385864964,0.275700189,
P_04182,htpX,-0.243547676,0.262067163,0.643961088
P_04183,tpm,0.036023206,0.892591665,0.968292149
P_04184,ygiD,-0.245715087,0.370836006,0.746136378
P_04185,deaD,1.182610063,1.74673E-05,0.001359177
P_04186,caiD_2,-0.094061339,0.708791787,0.92198932
P_04187,speE_1,-0.006939627,0.979927573,0.992670454
P_04188,aroH_2,0.237576565,0.316324809,0.700706487
P_04189,,-0.290188785,0.271761253,0.654434738
P_04190,,-1.192571344,0.01904272,
P_04191,hdfR_4,-0.369269772,0.132884259,0.469557906
P_00419,rutF,0.047205194,0.915826053,
P_04192,,-0.050938924,0.866478463,
P_04193,dmlR_14,0.039744274,0.896959483,
P_04194,ohrR,-0.503227487,0.086479814,
P_04195,curA_2,1.228081485,4.60688E-05,0.00301872
P_04196,nemR_4,0.71062815,0.001391004,0.030205806
P_04197,,0.817168981,0.010951232,0.113935516
P_04198,,0.229391331,0.448175486,
P_04199,,0.32912379,0.215963126,0.58920546
P_04200,emrB_2,0.363474134,0.138188606,0.476477407
P_04201,emrK_1,0.331861779,0.21951387,0.592830299
P_00420,,-0.233674771,0.55548268,
P_04202,ltrA,0.365966537,0.345419715,
P_04203,,0.139286577,0.625128069,0.88374464
P_04204,,-0.215554219,0.686948842,
P_04205,,-1.016430095,0.10444784,
P_04206,efe,-0.154691178,0.619418622,0.883146147
P_04207,hutH_3,-0.298336174,0.359874662,
P_04208,lldD_3,0.272697235,0.499188067,
P_04209,,-0.357885386,0.307514618,
P_04210,fliY_4,-0.38994101,0.30752621,
P_04211,artQ_4,0.048484216,0.930206529,
P_00421,lldD_1,-0.095924334,0.801766222,
P_04212,yecS_5,-0.28871129,0.603505054,
P_04213,glnQ_9,-0.149985878,0.723400692,
P_04214,hisC_4,-0.485393701,0.244410928,
P_04215,dasR,0.088992632,0.788815915,
P_04216,etfA_1,0.027671406,0.936171294,
P_04217,etfB_1,0.385414211,0.215453795,
P_04218,,0.180252965,0.658018699,
P_04219,acrC,0.26799269,0.448014417,
P_04220,uctC_3,-0.778166925,0.070471101,
P_04221,hutU_2,-0.238502455,0.610390491,
P_00422,,0.064458513,0.863431691,
P_04222,hutU_3,-0.727171578,0.209881158,
P_04223,yvoA_3,-0.087859284,0.748771072,0.935074931
P_04224,,-0.389619163,0.539400052,
P_04225,,0.301475999,0.485093496,
P_04226,,-0.033922394,0.906302259,0.971934496
P_04227,,-0.013203392,0.957995121,0.984352242
P_04228,bdlA_3,-0.68978146,0.005042069,0.069491242
P_04229,,-0.148887414,0.778068037,
P_04230,oprD_6,-0.253356988,0.571200986,
P_04231,czcR_4,0.075672859,0.798021427,0.950176016
P_00423,,-0.567034849,0.152058709,
P_04232,czcS_2,0.041858545,0.895140291,0.968805849
P_04233,czcA_2,-0.043607781,0.894783866,
P_04234,czcB,-0.185645941,0.78755677,
P_04235,czcC,-0.29750108,0.450015064,
P_04236,czcD,-0.452687186,0.152301182,
P_04237,gntT_2,0.086006587,0.746107194,0.935074931
P_04238,,0.197955683,0.58699449,
P_04239,,0.033904914,0.893232866,0.968455647
P_04240,proP_5,0.08476461,0.80238913,
P_04241,atoE,-0.119348217,0.630858613,0.885056958
P_00424,rutA,-0.185028975,0.512236089,0.829029116
P_04242,,0.07343691,0.779310289,0.943048187
P_04243,,0.059670867,0.874118616,
P_04244,,-0.077545735,0.78606712,0.94525457
P_04245,,-0.398000911,0.197378877,
P_04246,can,-0.329506461,0.193611754,0.560139351
P_04247,,-0.518634621,0.031451661,0.213585372
P_04248,rimI,0.14604163,0.592538486,0.870968613
P_04249,,0.066196684,0.786946631,0.946007617
P_04250,,-0.050021644,0.828315504,0.95592068
P_04251,,0.057915239,0.819624462,0.955510056
P_00042,,-0.125622216,0.617681033,0.883146147
P_00425,mdtL_1,-0.19126768,0.593172142,
P_04252,,0.067542427,0.7656122,0.940026813
P_04253,,-0.03071028,0.898551941,0.970099548
P_04254,pqiA_3,0.02470773,0.938963048,
P_04255,pqiA_4,0.073126083,0.793867702,0.948449794
P_04257,,0.362772423,0.107208214,0.427802006
P_04258,cysK_2,-0.50281675,0.032491132,0.217318066
P_04259,,-0.402234027,0.087705245,0.386752172
P_04260,,-0.136222407,0.545606891,0.845608645
P_04261,,-0.090682832,0.697723465,0.917636962
P_04262,ybgK_2,-0.199246026,0.470901766,0.814695306
P_00426,fgd_1,-0.314475876,0.393582626,
P_04263,kipI,-0.034604236,0.905258521,0.971934496
P_04264,,-0.063377054,0.805309377,0.952558679
P_04265,gltR_4,-0.197002783,0.488042401,0.824813742
P_04266,,0.353154958,0.182439444,0.547758299
P_04267,yafJ,0.20614622,0.423439742,0.782583702
P_04268,,0.107141721,0.659597173,0.901482938
P_04269,ptrB,-0.325837921,0.157438985,0.510094488
P_04270,,0.086657892,0.770812439,
P_04271,speE_2,0.149583383,0.59930387,0.875466342
P_04272,,-0.050983132,0.842052209,0.95787105
P_00427,mdtL_2,-0.424040492,0.168368704,0.524484661
P_04273,trmL_2,0.363630553,0.250584615,
P_04274,,-0.595807892,0.012123498,0.121006161
P_04275,,0.383418488,0.106741024,0.427307316
P_04276,,0.502494672,0.078911099,0.36622532
P_04277,rutE,-0.432231556,0.083125939,0.375878187
P_04278,ghrA_1,0.553562791,0.039259589,0.246669318
P_04279,ycgL,0.613976666,0.116416704,
P_04280,rnd,0.201257672,0.417864683,0.77997231
P_04281,ubiE_2,0.062530663,0.839342639,
P_04282,puuA_2,-0.027672161,0.920865607,0.974233507
P_00428,pgrR_1,0.016314799,0.948360684,0.981902032
P_04283,pheC_2,-0.120679494,0.666820516,0.903871131
P_04284,cynR_5,0.084616887,0.757781773,0.938289081
P_04285,cynT_2,-0.328791735,0.450878382,
P_04286,cynS,0.206151857,0.666312423,
P_04287,,-0.151678611,0.611111414,
P_04288,bmr3,-0.188663294,0.456026773,0.800028181
P_04289,pobA,-0.346468057,0.383215836,
P_04290,btr,-0.343922379,0.130492882,0.467298002
P_04291,,0.014479769,0.963653218,
P_04292,dmlR_15,0.071159716,0.779268952,0.943048187
P_00429,oprD_2,-0.334164746,0.125915164,0.460492179
P_04293,,-0.232302668,0.443142249,
P_04294,,-0.157441567,0.58493587,0.866614627
P_04295,ynfM_2,-0.07044097,0.824593806,
P_04296,benM_2,-0.204019414,0.51701503,
P_04297,,0.412594296,0.369833566,
P_04298,fabF_2,0.082683633,0.783737835,
P_04299,fabG_5,0.351407714,0.290863129,
P_04300,,0.246283725,0.530252548,
P_04301,,-0.018589835,0.956669017,
P_04302,,0.117234042,0.82622594,
P_00430,,-0.282103826,0.60669721,
P_04303,ubiE_3,0.264764484,0.460960518,
P_04304,kmo,0.244266769,0.387171141,0.761105981
P_04305,,0.621996383,0.025231779,0.185879084
P_04306,lolA_1,0.892390477,0.034366703,
P_04307,,0.012663348,0.982559721,
P_04308,hutH_4,0.41531555,0.154672615,
P_04309,,0.474030942,0.145843996,
P_04310,arnC_3,0.24904084,0.428581682,
P_04311,acs_1,0.36363154,0.154504134,0.506204333
P_04312,,0.194106135,0.529791969,
P_00431,fiu,0.036227416,0.909466821,
P_04313,acpP_2,0.25961563,0.542535355,
P_04314,acpP_3,0.054879954,0.858856772,
P_04315,,0.403434516,0.159417953,0.513198517
P_04316,,0.172183601,0.557145409,
P_04317,soj_5,-0.15717201,0.512173156,0.829029116
P_04318,,-0.514571254,0.098350598,
P_04319,trxC,-0.896964527,0.000109275,0.005555469
P_04320,higB_2,-0.155687984,0.683525465,
P_04321,higA,-0.213264036,0.533551128,
P_04322,,-0.419909108,0.077916498,0.36622532
P_00432,,-0.169026307,0.79550334,
P_04323,mscK,0.452446129,0.045928403,0.267327791
P_04324,nhaP2_3,-0.095540139,0.688880246,0.912532224
P_04325,,0.754769622,0.00353135,0.05541845
P_04326,,0.465271312,0.185086555,
P_04327,,0.740770385,0.014627455,
P_04328,dmdC_4,0.420657082,0.119008162,0.448080126
P_04329,,-0.328318736,0.165037128,0.522384468
P_04330,,0.292081126,0.416676932,
P_04331,cheB_4,0.051006342,0.857301001,0.959292568
P_04332,,0.159338569,0.575063391,0.860866439
P_00433,,0.653860379,0.741352849,
P_04333,fliJ,0.167150786,0.718070683,
P_04334,fliI,0.57333272,0.027293451,0.19641819
P_04335,,0.361322694,0.166049029,0.522838126
P_04336,fliG,0.238363393,0.411807034,0.777210345
P_04337,fliF,0.591640525,0.013338827,0.128073311
P_04338,fliE,0.485008125,0.034876143,0.226543292
P_04339,atoC_3,0.10169564,0.695957237,0.917543339
P_04340,atoS,0.200563279,0.392602191,0.764929152
P_04341,norR_5,0.086481392,0.697130723,0.917636962
P_04342,,-0.089456453,0.716902117,0.922347349
P_00434,aguA,-0.144937024,0.538430298,0.841086225
P_04343,fliS,-0.056550029,0.808626577,0.952831922
P_04344,fliD,-0.040581275,0.852529334,0.959292568
P_04345,,-0.245802639,0.315764192,0.700706487
P_04346,,-0.371518504,0.085137053,0.380822624
P_04347,fabH,-0.146476888,0.537418925,0.84020916
P_04348,,0.045822623,0.841004146,0.95787105
P_04349,,0.289932955,0.197350531,0.567319355
P_04350,,0.163253814,0.494160632,0.828034975
P_04351,flgI,-0.194502507,0.486810662,0.823314622
P_04352,flgH,-0.119678468,0.734117138,0.931044996
P_00043,,-0.161836727,0.541329778,0.844203224
P_00435,argD_3,-0.427207008,0.060974574,0.316305602
P_04353,flgG,0.009644901,0.975462559,0.991928303
P_04354,flgF,-0.284351256,0.222933304,0.596458374
P_04355,tyrR_1,0.385606736,0.108153474,0.429737473
P_04356,phhA,0.840820495,0.000650413,0.018295232
P_04357,,0.370817983,0.187300543,0.554812777
P_04358,aspC_2,0.324066716,0.161901479,0.517281457
P_04359,hexR_2,-0.096166791,0.680478016,0.909332876
P_04360,,-0.23785276,0.360135439,0.736201854
P_04361,uvrD,-0.0486232,0.827787058,0.95592068
P_04362,,0.069302981,0.760572458,0.9383816
P_00436,rffG,0.02698571,0.902846973,0.970956938
P_04363,,-0.393607852,0.107014934,0.427802006
P_04364,kefB,0.043659362,0.858601091,0.959796055
P_04365,,-0.433328701,0.131561296,0.467682695
P_04366,pdxY,-0.186999451,0.472706568,0.814695306
P_04367,,0.029316855,0.922510839,0.974704369
P_04368,yeiR,-0.538304609,0.044590831,0.264680429
P_04369,,-1.631756837,1.47898E-05,
P_04370,yciC_2,-2.345666234,9.23248E-15,3.44833E-11
P_04371,dksA_2,-3.064615366,4.82366E-09,
P_04372,,-0.992643254,0.001652626,
P_00437,rffH,-0.20401937,0.361412265,0.73640015
P_04373,amiC_3,-1.547131502,1.48047E-08,4.60796E-06
P_04374,folE2,-0.975446511,0.008210854,
P_04375,znuC_2,-0.780624437,0.066831663,
P_04376,mntB,-0.262840989,0.50646256,
P_04377,hpf_2,-0.832314331,0.019147625,
P_04378,caiE,-0.136735776,0.713193669,
P_04379,pyrC_2,0.332612784,0.196182886,0.564952258
P_04380,,0.584037261,0.009873527,0.106582726
P_04381,clsA,-0.238012622,0.347504199,0.726995942
P_04382,ubiG_5,-0.685387398,0.002123909,0.040268013
P_00438,rmlC,-0.07559905,0.759776108,0.938289081
P_04383,,-0.706204809,0.015037793,0.136657314
P_04384,,-0.223752819,0.513362773,
P_04385,,-1.296771904,0.000427471,
P_04386,cadA_2,-0.157806952,0.595540498,
P_04387,,-0.477162369,0.222437866,
P_04388,,0.186623611,0.594912191,
P_04389,,-0.616226281,0.021729583,0.171350628
P_04390,,0.122455424,0.673606394,0.904356535
P_04391,,0.368609676,0.110939733,0.433884714
P_04392,ycnE,0.031577458,0.914686816,
P_00439,rmlD_1,-0.16315583,0.494688501,0.828348166
P_04393,,0.071980635,0.806425638,0.952561593
P_04394,,-1.590008333,0.072581382,
P_04395,yfdH,-0.192020228,0.790763073,
P_04396,yfdG,0.286748656,0.685109007,
P_04397,,0.343243019,0.291185252,
P_04398,,-0.256654503,0.336453207,0.719732377
P_04399,proY_2,0.268772154,0.288307181,0.671757531
P_04400,,-0.163241538,0.746139283,
P_04401,,-0.022688641,0.973607456,
P_04402,,-0.153181374,0.549412467,0.848598152
P_00440,dctB_1,0.10066976,0.695705993,0.917543339
P_04403,,-0.113402858,0.774115223,
P_04404,,0.196476761,0.840782651,
P_04405,,-0.035386511,0.930136175,
P_04406,,-0.472622158,0.312305309,
P_04407,,-0.027167495,0.936164826,
P_04408,,0.209724501,0.625686701,
P_04409,yqjI,0.312846701,0.162424837,0.517663194
P_04410,yqjH,0.108015316,0.623388935,0.8836272
P_04411,,0.54783644,0.084277423,
P_04412,,0.246584049,0.545696393,
P_00441,dctD_1,-0.087178279,0.733235009,0.931044996
P_04413,,-0.65107764,0.011839921,0.119519203
P_04414,,0.326493618,0.342347249,
P_04415,acs_2,-0.281789158,0.223850454,0.597196269
P_04416,argT_2,-0.22962267,0.318718937,0.700849848
P_04417,hisQ_2,0.353702164,0.20999031,0.582170107
P_04418,occM_2,0.063204158,0.811192339,0.954096253
P_04419,,0.031531625,0.899249485,0.970388343
P_04420,hisP_2,0.154254102,0.545268163,0.845608645
P_04421,cdhR_9,0.138358021,0.57402834,0.860734943
P_04422,,0.137550395,0.585799512,0.86686259
P_00442,,-0.01218693,0.971444297,
P_04423,aruC,-0.035601597,0.874230345,0.963757813
P_04424,astA,-0.150897368,0.539640863,0.842272722
P_04425,aruG,-0.137444538,0.608487091,0.879326369
P_04426,astD,-0.16320153,0.520005161,0.833255411
P_04427,astB,-0.145112536,0.555196804,0.852305821
P_04428,,-0.005058934,0.984745985,0.993850638
P_04429,astE,-0.380472905,0.107869511,0.429612513
P_04430,ribH2,-0.638707632,0.014045736,0.131478908
P_04431,ltaE_2,-1.109218245,6.09112E-07,8.93751E-05
P_04432,alaS_2,-0.198238182,0.37078889,0.746136378
P_00443,cysQ,-0.021458442,0.932945483,0.978441527
P_04433,,-0.154274891,0.507811206,0.829029116
P_04434,csrA2,-0.064765588,0.893962604,
P_04438,,-0.410286431,0.071145657,0.350566
P_04439,,0.394811233,0.077110844,0.365958073
P_04440,,-0.478178841,0.123477901,
P_04441,,-0.920110849,9.48723E-05,0.004990819
P_04443,,-0.672565818,0.02635243,0.192238921
P_04444,sadH,-1.056927809,0.002886672,
P_04445,,-0.389230814,0.157740062,0.510094488
P_04446,dhmA2,-0.063218115,0.793881324,0.948449794
P_00444,nudE,-0.090876512,0.70279524,0.918163191
P_04447,alkB1,0.213705062,0.377377939,0.750136562
P_04448,,-0.68044936,0.097844477,
P_04449,,0.16986613,0.502756907,0.829029116
P_04450,ompP1,-0.247564856,0.364993163,0.740817893
P_04451,fadE_2,-0.546474513,0.019794151,0.162486054
P_04452,hcaB_6,-0.638077526,0.016107876,0.143245038
P_04453,,-0.438406469,0.201357833,
P_04454,fadI_2,-0.085311984,0.783051778,
P_04455,fadD_3,-0.421026915,0.170717234,
P_04456,,-0.145912559,0.651698455,
P_00044,,-0.167546686,0.531858293,0.836528883
P_00445,yrfG,0.336570597,0.140717219,0.480858931
P_04457,iolG_4,0.022192919,0.93875758,0.979927199
P_04458,,-0.471160635,0.400127447,
P_04459,hcf136_2,0.010190143,0.969279904,0.988618514
P_04460,,0.10851199,0.70595465,0.920007194
P_04461,,-0.143391683,0.579125021,0.86279695
P_04462,,0.02176454,0.932459579,0.978441527
P_04463,pgl_2,-0.102395456,0.650306784,0.898963628
P_04464,,-0.669545318,0.002907882,0.048988558
P_04465,,0.206629555,0.356253377,0.733399916
P_04466,,0.178764395,0.42906309,0.785671047
P_00446,ygaU,-0.464171089,0.036445535,0.233089163
P_04467,rpoE_3,0.071418166,0.776099148,0.943048187
P_04468,,0.281711105,0.484834093,
P_04469,,0.176704958,0.520801894,0.833255411
P_04470,,-0.154984307,0.524273709,0.83523824
P_04471,,0.11302873,0.751367546,
P_04472,,-0.106173001,0.664564811,0.903256757
P_04473,aqpZ_2,-0.186258553,0.401440541,0.768518923
P_04474,,0.103433037,0.652204294,0.89988291
P_04475,ppiA,0.118011979,0.632731294,0.886108505
P_04476,catD_3,-0.106001297,0.702783204,0.918163191
P_00447,fdhD,0.669586528,0.008531628,0.098655208
P_04477,yhaJ,-0.470247335,0.052674018,0.290601857
P_04478,,-0.315114895,0.230899385,0.604351228
P_04479,azoR_2,-0.433476605,0.101269541,0.417946669
P_04480,,-0.098227443,0.751158008,
P_04481,,-1.061282182,3.7635E-05,0.002510121
P_04482,hcaB_7,-1.382433596,5.34501E-09,1.99636E-06
P_04483,,-0.531072624,0.108347589,
P_04484,ybdG,0.394835768,0.083092712,0.375878187
P_04485,rhlE_4,0.127302967,0.588652077,0.868414927
P_04486,,-0.755504173,0.052079367,
P_00448,ydeP,0.688139586,0.004351114,0.063482074
P_04487,,-0.459377677,0.05641553,0.303353261
P_04488,copA_2,-0.455570641,0.078704871,0.36622532
P_04489,copB,-0.200488457,0.57167918,
P_04490,,0.070061853,0.778891093,0.943048187
P_04491,,0.399516197,0.127161889,0.462013283
P_04492,,0.221067098,0.350560334,0.728578193
P_04493,cvfB,0.135950592,0.562355447,0.855620664
P_04494,,-0.056798949,0.872574223,
P_04495,,0.090604696,0.738924739,0.933866312
P_04496,gltR_5,-0.415394808,0.12080104,0.451643529
P_00449,,0.315221015,0.167408507,0.522838126
P_04497,,-0.140569508,0.615844844,0.882357441
P_04498,,-0.425690874,0.266709613,
P_04499,dltA_3,-0.678765996,0.034144197,0.223492089
P_04500,,-0.667887798,0.03026536,0.209511372
P_04501,,-0.27943904,0.276291957,0.657696402
P_04502,mepA_1,-0.038054925,0.891418184,0.968143913
P_04503,kipR,-0.062765495,0.808387077,0.952831922
P_04504,btuD_4,-0.05276419,0.884355684,
P_04505,potB,-0.040126983,0.945003938,
P_04506,phnV,-0.229438262,0.629968353,
P_00450,,-0.005734901,0.984318346,
P_04507,hcnA,-0.427031416,0.734819424,
P_04508,hcnB,0.042622967,0.925396355,
P_04509,thiO_2,-0.040905005,0.914455989,
P_04510,,-0.070808562,0.830922335,
P_04511,,-0.035129303,0.916417454,
P_04512,polS,-0.040991399,0.908551602,
P_04513,rhaS_8,-0.460492282,0.180927048,
P_04514,tsx,0.602402788,0.251405422,
P_04515,mqnB,-0.343660192,0.34994215,
P_04516,,-1.461978249,4.33215E-11,4.04514E-08
P_00451,rhlB_1,-0.131579008,0.607821473,0.879147627
P_04517,murR,-0.004661657,0.984803537,0.993850638
P_04518,iolC,-0.140281302,0.643484022,0.894459554
P_04519,iolE_2,-0.095881323,0.804491892,
P_04520,iolB,-0.353241213,0.3920598,
P_04521,,-0.557029546,0.294843584,
P_04522,iolD,-0.183655146,0.56537983,
P_04523,iolG_5,-0.495893201,0.178554968,
P_04524,iolW,-0.046631733,0.897284028,
P_04525,,0.123440528,0.827172387,
P_04526,thpA_2,0.311212111,0.39625881,
P_00452,,-0.147452417,0.561170961,0.855620664
P_04527,rbsA_2,-0.318438407,0.369873383,
P_04528,rbsC_4,-0.059306581,0.850728031,
P_04529,dksA_3,0.421149556,0.079610217,0.36781371
P_04530,,-0.096603577,0.732862975,0.931044996
P_04531,,-0.263221379,0.367825195,0.743815431
P_04532,,-0.052117746,0.85781547,0.959292568
P_04533,,-0.701269605,0.021264511,
P_04534,,-0.135626986,0.629998768,0.885056958
P_04535,,-0.348110066,0.118023901,0.446147927
P_04536,fhuA_5,-0.250873757,0.323162085,0.706267049
P_00453,,-0.138157917,0.621729675,0.883146147
P_04537,,0.14635708,0.735563501,
P_04538,,0.321556171,0.234373953,0.609176557
P_04539,bepF_2,-1.200370035,0.002131253,
P_04540,oqxB4,-0.966634609,0.016819844,0.147533427
P_04541,oprM_4,-0.739608137,0.039784211,
P_04542,,-0.859967482,0.00024733,0.009056625
P_04543,,-0.666467511,0.008734495,0.100071592
P_04544,dut,0.219053148,0.420881392,0.782144345
P_04545,coaBC,0.028373009,0.902184678,0.970524129
P_04546,,-0.701873804,0.046922411,
P_00454,fic,-0.024072956,0.922482038,0.974704369
P_04547,dppA_5,-0.352384798,0.11579019,0.443111023
P_04548,rpmB,0.033144784,0.880850434,0.966633691
P_04549,rpmG,-0.041454857,0.870809913,0.963757813
P_04550,,-0.660555255,0.003831642,0.058412985
P_04551,puuC,-0.719452085,0.000896835,0.022632974
P_04552,ycaD_2,-0.607262096,0.012520004,0.122425363
P_04553,clsC,0.302174529,0.231435843,0.605331143
P_04554,gltF_4,-0.364196415,0.340739561,
P_04555,yraI_3,-0.469421816,0.246998852,
P_04556,yraJ_3,-0.191525058,0.4947911,0.828348166
P_00045,,-0.159737333,0.563536655,0.855620664
P_00455,,0.05820734,0.860819144,
P_04557,,-0.122118056,0.756917255,
P_04558,lysN,-0.929091999,0.000284904,0.010038845
P_04559,,-0.072030299,0.865542913,
P_04560,puuB_5,-0.176168398,0.483070819,0.820868748
P_04561,,-0.261527211,0.390661909,
P_04562,lrp_3,-0.332900245,0.286248343,
P_04563,dadA1_2,-0.111057531,0.617411228,0.883146147
P_04564,yabJ_4,-0.461758237,0.127730221,
P_04565,alr,0.048978076,0.857167273,0.959292568
P_04566,puuR_1,-0.180246702,0.446353089,0.797377652
P_00456,,0.15772072,0.59021334,
P_04567,,0.197831767,0.373064129,0.747859959
P_04568,,-0.154790218,0.504161935,0.829029116
P_04569,xpt,0.51105411,0.043686072,0.261486345
P_04570,rep_4,0.629305232,0.007314637,0.087564647
P_04571,,0.294802409,0.205796306,0.579634089
P_04572,yfcG_1,-0.661771457,0.004919564,0.068561828
P_04573,adeP,0.229750894,0.334336211,0.716846009
P_04574,rhtB_5,-0.260496838,0.370434833,0.746136378
P_04575,,0.094978976,0.686995764,0.910872978
P_04576,pucM,-0.479084811,0.063215643,0.324773628
P_00457,,-0.044870262,0.901977878,
P_04577,,-0.048000509,0.842554901,0.95787105
P_04578,uao,-0.195201668,0.440281983,0.793056386
P_04579,alc,-0.105784548,0.657037431,0.901482938
P_04580,allA,-0.107392592,0.728134493,
P_04581,,0.266353214,0.328532836,0.711250655
P_04582,uacT_2,0.342079384,0.275111033,
P_04583,,-0.12363543,0.739107645,
P_04584,,0.448818377,0.088161291,0.387401238
P_04585,lpxL_2,0.60886428,0.011377947,0.11642913
P_04586,minC,0.387558287,0.095686859,0.406125475
P_00458,pckA,-0.025561172,0.910834521,0.972312476
P_04587,minD,0.127608524,0.566274586,0.856983622
P_04588,minE,-0.035496484,0.881985227,0.966633691
P_04589,rluA,-0.055827576,0.826926666,0.95592068
P_04590,apeB,-0.019199651,0.933383444,0.978441527
P_04591,,0.06944578,0.867661437,
P_04592,,0.177193262,0.482092665,0.82005245
P_04593,yxeP,-0.327844851,0.21518337,0.588367414
P_04594,mbtH,-0.262116671,0.687571626,
P_04595,dat,-0.740795851,0.104803917,
P_04596,,-0.013785934,0.957298001,0.984352242
P_00459,hslO,-0.589059725,0.008225253,0.096004128
P_04597,hisP_3,-0.135504199,0.612962444,0.882357441
P_04598,hisM_2,-0.111792388,0.728200471,
P_04599,hisQ_3,-0.099806369,0.780876832,
P_04600,hisJ_2,-0.038816043,0.884236332,0.966633691
P_04601,ocd,-0.506360138,0.029771119,0.208230576
P_04602,,-0.155859139,0.527330942,0.83523824
P_04603,ypeA,-0.392439723,0.105065525,0.424925304
P_04604,ilvE,-0.376496353,0.095108613,0.404974963
P_04605,lpdV,0.018093786,0.945549966,0.981289564
P_04606,bkdB,0.31396041,0.227957348,0.602367391
P_00460,lpxT_1,0.32195462,0.208072368,0.580727743
P_04607,bkdA2,0.186053786,0.509247975,0.829029116
P_04608,bkdA1,0.539330928,0.042296002,0.259174987
P_04609,decR_4,-0.281484167,0.350632637,
P_04610,,0.360767119,0.131697427,0.467682695
P_04611,bigR,0.269646085,0.282725856,0.664931812
P_04612,,0.348640022,0.177622246,0.541124868
P_04613,,0.38260287,0.153199943,0.504852486
P_04614,,0.137683921,0.587029348,0.867376098
P_04615,emrK_2,0.132763584,0.630700087,0.885056958
P_04616,yphB,0.184706592,0.634429283,
P_00461,hslR,0.046040653,0.874504018,0.963757813
P_04617,dctM_1,-0.121206095,0.749063644,
P_04618,siaQ,0.031870601,0.960731998,
P_04619,,0.087145108,0.788828237,
P_04620,,0.353969297,0.287146201,
P_04621,udh,0.414152971,0.122736982,0.45629892
P_04622,nicP_3,-0.288621218,0.497473099,
P_04623,,-0.363787796,0.117230011,0.444973669
P_04624,,0.074284191,0.752807955,0.935673095
P_04625,,-0.112931489,0.850190104,
P_04626,,0.220945023,0.36340411,0.738473531
P_00462,bluF,-0.039096977,0.873842149,0.963757813
P_04627,sodB_2,0.236711513,0.275758677,0.657075039
P_04628,argO_2,0.901723806,6.44272E-05,0.003778951
P_04629,argP_6,-0.138245392,0.627447637,0.885000121
P_04630,oleD,-0.01075729,0.964440761,0.987844096
P_04631,,0.38381763,0.123653734,0.456935876
P_04632,yihS,0.217233281,0.441050485,0.793479753
P_04633,,0.286602169,0.263503278,0.645367046
P_04634,ugpA,0.293627726,0.346404709,
P_04635,araQ,0.401550234,0.170886556,
P_04636,ugpC_1,0.319586299,0.179224062,0.543879033
P_00463,,-0.012254873,0.966125962,0.988151652
P_04637,oprB_1,0.053585743,0.817453502,0.955510056
P_04638,yeaD_2,-0.025919466,0.916139825,0.973383778
P_04639,hexR_3,0.083899523,0.725560135,0.927753202
P_04640,zwf_1,-0.219450246,0.331183679,0.714621208
P_04641,pgl_3,0.173153516,0.446377112,0.797377652
P_04642,eda,0.141302987,0.563879996,0.855620664
P_04643,cefD_2,-0.042501707,0.890111551,
P_04644,,0.111558442,0.791076732,
P_04645,,-1.415505432,2.3904E-10,1.78563E-07
P_04646,,-0.358688113,0.181399205,0.547259289
P_00464,rimK_1,-0.190253177,0.448844943,0.799083988
P_04647,,-0.444222503,0.060661001,0.315995592
P_04648,lemA,-0.197842599,0.375147105,0.748782739
P_04649,,0.367169725,0.142533487,0.483865582
P_04650,ywiE,0.118995573,0.678471751,0.908690036
P_04651,,-0.150476257,0.618663877,
P_04652,,-0.258918336,0.51853834,
P_04653,gatA_3,-0.430574999,0.127070261,0.462013283
P_04654,proP_6,0.125201115,0.74116203,
P_04655,hipO,-0.305249678,0.379681324,
P_04656,,-0.314617668,0.723403313,
P_00046,,-0.211003335,0.383181312,0.756039196
P_00465,envZ,0.206622093,0.388884379,0.76230392
P_04657,nylB,-0.488695941,0.25645126,
P_04658,,-0.078954539,0.85288032,
P_04659,,-0.010768092,0.977303509,
P_04660,acpH,0.02380136,0.921066843,0.974233507
P_04661,sdpR,0.322608195,0.16460891,0.52191365
P_04662,ydhP_2,0.35073536,0.153589931,0.504958446
P_04663,nemA_3,0.115147372,0.671067402,0.904083575
P_04664,ttgR,0.323461333,0.165321714,0.522399834
P_04665,mepA_2,0.213373977,0.35897893,0.735543729
P_04666,mepB,0.329457574,0.149444535,0.499262377
P_00466,ompR_1,-0.224384522,0.315266676,0.700706487
P_04667,mepC_2,0.16692972,0.479882109,0.81992666
P_04668,,-0.461668643,0.231849775,
P_04669,,1.897847077,0.298976952,
P_04670,nicP_4,-0.35408347,0.440517897,
P_04671,,-0.028145167,0.942370648,
P_04672,ygeA,-0.053551191,0.837245126,0.95614808
P_04673,aprA_2,-0.041179496,0.901689339,
P_04674,,-0.620935265,0.014106537,0.131478908
P_04675,,0.214816613,0.385150937,0.758323009
P_04676,cckA,0.08643497,0.722414722,0.925315153
P_00467,yhgF,0.073182432,0.741199547,0.934001454
P_04677,rcsC_13,0.195964338,0.376237668,0.748963824
P_04678,cheR,0.354696019,0.164757999,0.52194328
P_04679,cheB_5,0.447777674,0.086803326,0.385505852
P_04680,rcsC_14,0.293499523,0.233239549,0.607110978
P_04681,cpdR,0.154748063,0.535545303,0.83903595
P_04682,,0.052086577,0.840764604,0.95787105
P_04683,rcsC_15,-0.304611065,0.247537762,0.626209476
P_04684,kaiC,-0.046329997,0.833712984,0.95592068
P_04685,bepA_3,0.122790576,0.623367001,0.8836272
P_04686,,0.847710492,0.001237309,0.028526848
P_00468,paaI,-0.267024302,0.374420252,
P_04687,acsA_4,0.063216605,0.811301124,0.954096253
P_04688,,0.40232192,0.225899008,0.599242041
P_04689,thlA,0.500298472,0.072523042,0.353159793
P_04690,mmgC_6,0.286312168,0.243758649,0.622309332
P_04691,echA8_2,-0.369571153,0.103644609,0.423073896
P_04692,mopII,-0.484207621,0.044583667,0.264680429
P_04693,,0.093243027,0.714980489,0.92198932
P_04694,patB,0.151382941,0.585537647,0.86686259
P_04695,ggt_2,-0.146553177,0.564581616,0.855620664
P_04696,,-0.51903598,0.271515981,
P_00469,gshA_1,-0.220206439,0.316457949,0.700706487
P_04697,dap,-0.980205492,0.014958054,
P_04698,yofA_2,-0.513609949,0.076477841,0.364808093
P_04699,meh,0.138273382,0.693917928,
P_04700,,0.423224339,0.212907563,
P_04701,,0.281968467,0.487896357,
P_04702,yfdE_1,-0.331813051,0.476710554,
P_04703,citE,0.239901132,0.613394755,
P_04704,dctP,-0.249118888,0.537184764,
P_04705,dctQ,-0.242794068,0.718879978,
P_04706,dctM_2,-0.192971261,0.663079674,
P_00470,tauA_1,0.207079246,0.418224564,0.780021176
P_04707,mcpP_1,-0.528081223,0.042004577,0.258820059
P_04708,uppP_2,0.080179755,0.760160452,0.938289081
P_04709,,0.104542266,0.772822862,
P_04710,,0.058370091,0.854540718,
P_04711,dmlR_16,-0.024368768,0.92284943,0.974785809
P_04712,azoR1,0.351946993,0.245786423,0.623649654
P_04713,,-0.030411722,0.900441954,0.970388343
P_04714,yhhS_2,0.187122384,0.51087857,0.829029116
P_04715,,-0.369029326,0.176058902,0.538117838
P_04716,btuD_5,-0.386065095,0.235005301,
P_00471,tauB,-0.078514543,0.764659227,0.939844193
P_04717,cysW_2,0.13666032,0.654542655,
P_04718,,-0.41287376,0.270003168,
P_04719,,-0.516485013,0.118454078,
P_04720,,-0.631217774,0.013402935,0.128358882
P_04721,phnR,0.056613438,0.906200764,
P_04722,,0.127830261,0.736165214,
P_04723,znuB_2,0.279586317,0.572388911,
P_04724,znuC_3,0.414819584,0.359460114,
P_04725,ssaB,-0.099653077,0.827044457,
P_04726,,-0.224214898,0.587598799,
P_00472,ssuC_1,-0.078986855,0.740836985,0.933866312
P_04727,,-0.210098164,0.758162367,
P_04728,,-0.178748056,0.764156692,
P_04729,,-0.11642192,0.747608598,
P_04730,kamA,0.227272559,0.574384819,
P_04731,ddl_2,-0.050027888,0.865344335,0.963598777
P_04732,,-0.24160897,0.467473235,
P_04733,,-0.089770601,0.743838662,0.935074931
P_04734,,-0.380377283,0.204879772,0.578469151
P_04735,soxR,-0.963609669,0.002866863,0.048893765
P_04736,,-0.13879093,0.680501434,
P_00473,tauD_1,-0.227574476,0.345534599,0.725960533
P_04737,norR_6,-0.19143706,0.426310179,0.784755308
P_04738,,-0.453277968,0.092684238,0.400203039
P_04739,iscS_2,-0.193622011,0.412849092,0.777632094
P_04740,map_3,-0.072701101,0.745183391,0.935074931
P_04741,nsaD,-0.317512037,0.250690073,0.630523518
P_04742,hcaB_8,0.156263184,0.577873278,0.862307909
P_04743,,-0.152476779,0.560734057,0.855620664
P_04744,rhtA,0.391841666,0.205074004,0.578513147
P_04745,,0.039286195,0.980032356,
P_04746,,-0.839178249,0.520351089,
P_00474,gpr_1,-0.358625047,0.11114984,0.43425173
P_04747,,1.204440948,6.22301E-08,1.54953E-05
P_04748,tatD,0.04835825,0.844667422,0.95787105
P_04749,mltF_3,0.255438877,0.282586136,0.664931812
P_04750,mhqP,-0.061183363,0.81523552,0.954814885
P_04751,,0.110276355,0.649556139,0.898963628
P_04752,,-0.114272838,0.703310546,0.918163191
P_04753,,0.152787956,0.695384898,
P_04754,btuD_6,-0.264634129,0.501236695,
P_04755,,-0.014399117,0.970157424,
P_04756,greB,-0.360812209,0.361213361,
P_00047,,-0.006387108,0.977009547,0.992534691
P_00475,betT2,0.841397581,0.000137473,0.006460639
P_04757,,0.050278194,0.828733693,0.95592068
P_04758,lolD_2,0.086652118,0.749485604,0.935074931
P_04759,tesA,0.088877367,0.713674915,0.92198932
P_04760,,0.196979618,0.554479275,
P_04761,,0.123406796,0.589676241,0.868414927
P_04762,,-0.293747126,0.200319353,0.572450485
P_04763,,-0.071954515,0.779526306,0.943048187
P_04764,aroF_2,0.023436891,0.918392996,0.974211258
P_04765,,-0.119116752,0.72213148,
P_04766,,-0.054274356,0.8610055,
P_00476,lpxD_1,-0.248593706,0.284703793,0.667945143
P_04767,,-0.295819809,0.207611738,0.580727743
P_04768,,-0.117439457,0.624057266,0.88365811
P_04769,cysB,0.24101624,0.339949374,0.721426654
P_04770,greA_3,0.008342985,0.978888616,
P_04771,,-0.020797753,0.945717827,
P_04772,,-0.159938116,0.498093028,0.828705023
P_04773,efp,0.147433062,0.531929343,0.836528883
P_04774,ohrB_2,-1.421056637,4.86739E-06,0.000466147
P_04775,ispB,0.21578847,0.343712788,0.724275059
P_04776,rplU,0.295014145,0.197619227,0.567319355
P_00477,dcyD_1,-0.205604061,0.410115909,0.776372489
P_04777,rpmA,0.176330471,0.431926922,0.788089811
P_04778,obg,0.630776931,0.008268175,0.096204463
P_04779,proB,0.163282805,0.490739084,0.826379838
P_04780,,0.262910501,0.292728676,0.676991706
P_04781,btuE,-0.159198106,0.508976313,0.829029116
P_04782,,0.541292344,0.045703541,0.267194308
P_04783,mgtA_3,0.716645651,0.051777861,0.287355588
P_04784,cysZ,0.016818804,0.94980858,0.982424549
P_04785,,-0.650905461,0.003643098,0.056227147
P_04786,,0.093303394,0.751289526,
P_00478,fliY_1,-0.481043548,0.035128354,0.22778542
P_04787,,0.074122989,0.819488625,
P_04788,nfdA_2,0.312698537,0.275466642,0.657075039
P_04789,,-0.051135949,0.83856228,0.956526838
P_04790,,-0.244455127,0.563108054,
P_04791,folX,-0.470736198,0.187087533,
P_04792,folE_1,0.117298002,0.664115848,0.902975134
P_04793,folM,0.035062146,0.88754389,0.967265286
P_04794,,0.09063654,0.731776066,0.930391849
P_04795,,0.300283063,0.190934059,0.559410322
P_04796,,0.501965817,0.025581799,0.187739371
P_00479,yecS_1,-0.247608218,0.351743445,0.728578193
P_04797,pfyP,-0.273248958,0.303744726,0.687935707
P_04798,,0.06688698,0.802312568,0.951917866
P_04799,fucA,-0.142998488,0.545256041,0.845608645
P_04800,lip3,-0.099765203,0.68625145,0.910532564
P_04801,,0.19641007,0.453603773,0.799823229
P_04802,,-0.055726765,0.876160516,
P_04803,,0.480216482,0.192040007,
P_04804,yceF,0.063921573,0.808277249,0.952831922
P_04805,yceD,0.224411253,0.318430701,0.700849848
P_04806,rpmF,0.483224466,0.104942951,
P_00480,artM,-0.35084337,0.226988602,0.600852182
P_04807,plsX,0.877466734,0.000204316,0.008032839
P_04808,fabD_2,0.280888682,0.207970831,0.580727743
P_04809,fabG_6,0.218106593,0.32788262,0.711250655
P_04810,acpP_4,0.002298471,0.991960596,0.996428277
P_04811,fabF_3,0.1076879,0.633294442,0.886232574
P_04812,pabC,0.250097245,0.347903068,0.726995942
P_04813,mltG,0.258047314,0.288003303,0.671468374
P_04814,tmk_2,0.052713546,0.835120173,0.95592068
P_04815,,0.149056437,0.568500807,0.857579262
P_04816,ycfH,0.241998927,0.302627041,0.687119756
P_00481,,0.00948535,0.983849203,
P_04817,slmA_2,-0.057261883,0.800364579,0.951420019
P_04818,moaA_2,-0.056290412,0.799120078,0.950848516
P_04819,pitA,0.816668587,0.000351353,0.011312971
P_04820,,-0.076293639,0.774458691,0.943048187
P_04821,pcaR_2,0.02706952,0.916351198,0.973383778
P_04822,pcaK_2,-0.323088576,0.342773891,
P_04823,,-0.465936361,0.863586272,
P_04824,catI,-0.422428293,0.216518909,
P_04825,catJ,-0.555638197,0.09437134,
P_04826,pcaF,-0.609278726,0.062987298,
P_00482,,0.087688269,0.718122112,0.922347349
P_04827,pcaH,-0.564303222,0.162576476,
P_04828,pcaG,-0.516082652,0.342220471,
P_04829,kgtP_1,-0.359728894,0.158283016,0.510965482
P_04830,pcaB_2,-0.544947824,0.03051334,0.209884577
P_04831,catD_4,-0.501690119,0.087010332,0.385966257
P_04832,,0.053840804,0.894643087,
P_04833,prc,-0.047483653,0.827756531,0.95592068
P_04834,,0.206239797,0.466229718,0.810315494
P_04835,,0.15341801,0.548763688,0.848250232
P_04836,,0.361004471,0.130525077,0.467298002
P_00483,soxC_1,0.207296053,0.44897126,0.799083988
P_04837,,0.094970494,0.673172813,0.904099409
P_04838,fklB_2,0.361032812,0.116161336,0.443806121
P_04839,,0.00671226,0.981300535,0.992670454
P_04840,,0.013934529,0.964784493,
P_04841,,-0.459665616,0.624801032,
P_04842,artJ_2,0.048069734,0.856811092,0.959292568
P_04843,artQ_5,0.080726215,0.788158521,
P_04844,yecS_6,-0.125938691,0.715897874,
P_04845,tcyN_2,-0.240871022,0.423303307,0.782583702
P_04846,,-0.278700846,0.329722674,0.712269628
P_00484,soxC_2,0.185013093,0.506698906,0.829029116
P_04847,,-0.490725049,0.062438425,0.321428373
P_04848,puuR_2,0.027771716,0.93504168,
P_04849,,-0.060559448,0.866064604,
P_04850,cdhR_10,-0.150722993,0.55185355,0.850448531
P_04851,proP_7,-0.136490261,0.66672942,
P_04852,,-0.464276619,0.738054823,
P_04853,,-0.331756381,0.275464094,0.657075039
P_04854,,-0.228541856,0.356375818,0.733399916
P_04855,hcaR_2,0.303907328,0.243171754,0.622086645
P_04856,proP_8,0.245444795,0.609521201,
P_00048,,0.041857067,0.851950081,0.959292568
P_00485,dmoA,-0.193769149,0.48425275,0.82138239
P_04857,,-0.168156626,0.706525456,
P_04858,,-0.131024093,0.851064605,
P_04859,,-0.497025708,0.227413544,
P_04860,,0.05707436,0.862493757,
P_04861,,0.492223584,0.530088987,
P_04862,,0.044437129,0.857387012,0.959292568
P_04863,shlB_1,0.084129637,0.804862691,
P_04865,queE,0.466162988,0.084942895,0.380409729
P_04866,bamD_2,-0.038546547,0.865144531,0.963598777
P_04867,pal,-0.00582052,0.9790123,0.992670454
P_00486,,-0.254220639,0.415499796,
P_04868,tolB,-0.031201958,0.887760482,0.967265286
P_04869,,0.204382658,0.351137234,0.728578193
P_04870,exbD_4,0.227504152,0.381825456,0.75455983
P_04871,tolQ_3,0.190866111,0.426961809,0.785567664
P_04872,ybgC,0.24148744,0.328679687,0.711250655
P_04873,ruvB_2,0.23636054,0.354613697,0.732162609
P_04874,ruvA,-0.013710434,0.955910455,0.984352242
P_04875,ruvC,0.220718671,0.376474255,0.748963824
P_04876,pmpR,0.300288635,0.192175072,0.559410322
P_04877,lcdH_1,-0.052951211,0.902824531,
P_00487,metN_1,-0.405712603,0.184861254,0.551042925
P_04878,lcdH_2,0.166859297,0.742484052,
P_04879,,-0.756458528,0.077019003,
P_04880,cdhR_11,-0.465566809,0.094058431,0.402414938
P_04881,sdaA_2,-0.094271213,0.815162291,
P_04882,,-0.226738047,0.401940095,0.769081074
P_04883,opuAB_2,-0.115571233,0.702518338,
P_04884,btuD_7,-0.371433866,0.182126719,0.547259289
P_04885,caiT,0.590863597,0.011774615,0.119505942
P_04886,betI_3,0.611347894,0.006992589,0.085350717
P_04887,betB_2,0.472742793,0.029582887,0.207302218
P_00488,metI,-0.029474288,0.920584748,
P_04888,betA,0.096597734,0.662394383,0.901482938
P_04889,,-0.199137781,0.403911002,0.769631267
P_04890,,-0.615787032,0.012748828,0.123680188
P_04891,rhlA_2,-0.031156503,0.927379063,
P_04892,hsrA,0.084661508,0.730920776,0.929832799
P_04893,dbpA_2,0.594178603,0.016827106,0.147533427
P_04894,,0.649300719,0.009977379,0.107393404
P_04895,yccS,-0.193342815,0.459246245,0.802660143
P_04896,,0.081888947,0.74359561,0.935074931
P_04897,ycf3_2,0.014336604,0.956245302,0.984352242
P_00489,,-0.080200279,0.769776714,0.942660992
P_04898,,0.392671005,0.200618802,
P_04899,,0.166379524,0.72667259,
P_04900,,0.17291526,0.552393075,0.850448531
P_04901,,0.175975919,0.478620063,0.81962579
P_04902,,0.293835206,0.320983677,
P_04903,gdhB,-0.354060449,0.104453507,0.424464406
P_04904,rspR_2,-0.408759254,0.134675738,0.471612095
P_04905,nanR_1,-0.441463671,0.10076009,0.416765157
P_04906,dctA,-0.068070702,0.781018514,0.943130989
P_04907,tag_2,-0.144984004,0.589441711,0.868414927
P_00490,,-0.184671891,0.697539838,
P_04908,,0.127241714,0.757665257,
P_04909,gabR_3,-0.070720984,0.800107944,0.951417756
P_04910,fabG_7,0.271897141,0.297251683,0.678627773
P_04911,,0.127271157,0.601617866,0.875712943
P_04912,,-0.160892767,0.504919328,0.829029116
P_04913,,-0.071499362,0.878018136,
P_04914,,-0.233064617,0.359008358,0.735543729
P_04915,,-0.731266607,0.030908028,
P_04916,,-0.141067163,0.753348297,
P_04917,sdaC_2,0.351402855,0.152926519,0.504576457
P_00491,,0.0385938,0.901597172,
P_04918,,-0.049824519,0.898690799,
P_04919,,-0.015908284,0.946623993,0.981902032
P_04920,ccmA,0.56386277,0.042461282,0.259174987
P_04921,ccmB,0.874172143,0.001509715,0.031889624
P_04922,ccmC,0.824580949,0.0025905,0.045855527
P_04923,,0.396979762,0.651678933,
P_04924,ccmE,0.651747671,0.0378596,
P_04925,ccmF,0.840034907,0.000368314,0.011621879
P_04926,dsbE,0.667144065,0.010821098,0.113530343
P_04927,ccmH,0.651114316,0.036924422,
P_00492,tam_1,-0.213388143,0.375489416,0.748782739
P_04928,,0.61813439,0.019221175,0.159251113
P_04929,,0.108836207,0.662384129,0.901482938
P_04930,,-0.113837476,0.750292585,
P_04931,qacA,-0.044032834,0.880398216,
P_04932,tyrA_2,-0.252794444,0.558807519,
P_04933,menF,0.144047744,0.624223591,
P_04934,,-0.59969915,0.412015784,
P_04935,kbl,-0.161596047,0.650321256,
P_04936,prmC_2,-0.129828505,0.682050111,
P_04937,dadA,0.124826216,0.698421975,
P_00493,,0.209862227,0.501874959,0.829029116
P_04938,,0.198009027,0.731461988,
P_04939,phnN,-0.192215608,0.485577017,0.822844516
P_04940,aprA_3,0.231698839,0.387175733,0.761105981
P_04941,,0.007090524,0.981193706,
P_04942,glgB_1,-0.613970104,0.009838303,0.106510321
P_04943,glgB_2,-0.545833129,0.021745702,0.171350628
P_04944,,-0.191407391,0.434093592,0.790033191
P_04945,rcsC_16,0.246843423,0.285426209,0.668547292
P_04946,,-0.133900969,0.568841873,0.857579262
P_04947,yhjE_2,0.186313372,0.509627091,0.829029116
P_00494,czcA_1,-0.300746964,0.229835196,0.602833186
P_04948,lhgO,0.086142736,0.734552664,0.93126713
P_04949,lutR_7,0.005075265,0.981953359,0.992670454
P_04950,ribZ,-0.108000077,0.734479064,
P_04951,nodD2_6,-0.230319529,0.433000711,
P_04952,,0.046953513,0.851533631,0.959292568
P_04953,,0.235647825,0.378577464,0.751104523
P_04954,kefF,-1.617764325,0.08625485,0.383983151
P_04955,,-1.377577076,0.0002127,0.008190032
P_04956,aroA_2,-0.213152081,0.360315376,0.736201854
P_04957,,-0.320635057,0.278800357,0.660735616
P_00049,,0.001791658,0.993498736,0.996433346
P_00495,macA_1,-0.04039551,0.873173974,0.963757813
P_04958,crt,-0.165406214,0.481010426,0.819978978
P_04959,nudC_2,-0.294671656,0.212229443,0.583709108
P_04960,yfcA,0.038170018,0.897936086,
P_04961,,0.382958855,0.339188282,
P_04962,pcs,0.145026883,0.533604876,0.83810522
P_04963,rlmL_1,0.415637638,0.122043338,0.454922023
P_04964,sdhL,-0.027153316,0.910322367,0.972312476
P_04965,,0.042357291,0.87375758,0.963757813
P_04966,,0.349753105,0.337447026,
P_04967,,-0.551573437,0.066019934,
P_00496,mdtA_1,0.154344015,0.505820462,0.829029116
P_04968,ydiK_2,-0.135558165,0.569931889,0.857579262
P_04969,ydcP_2,0.391949502,0.208853525,0.582140236
P_04970,mcpP_2,-0.251698874,0.287713808,0.671212413
P_04971,,0.372114002,0.141785962,0.482744364
P_04972,mcpU_1,-0.177681737,0.451938579,0.799100698
P_04973,sasA_17,0.012491996,0.96672366,
P_04974,qseB_1,0.007283253,0.979605238,0.992670454
P_04975,,0.079973409,0.805733963,
P_04976,,0.131742601,0.676969344,
P_04977,,0.232843917,0.355958641,0.733399916
P_00497,,0.062019238,0.826625078,0.95592068
P_04978,queD,0.181302513,0.53575433,
P_04979,codB,0.304285857,0.375308039,
P_04980,codA,-0.203216178,0.451407066,0.799100698
P_04981,,0.105882262,0.721978212,
P_04982,,-1.050302582,0.236524183,
P_04983,,-0.022942348,0.952257014,
P_04984,vgrG1_3,-0.021558111,0.942967268,
P_04985,mcpA,-0.23462324,0.307168132,0.691128296
P_04986,dltA_4,-0.015814798,0.95396899,0.984352242
P_04987,,0.174645021,0.784159409,
P_00498,glnH_1,-0.081378769,0.753382969,0.935673095
P_04988,,0.5178611,0.402987435,
P_04989,,-0.32720564,0.185460422,0.551813912
P_04990,,-0.236020002,0.496129926,
P_04991,,-0.408710067,0.090500906,0.394884211
P_04992,,0.115580686,0.652108119,0.89988291
P_04993,petE_2,0.052053081,0.822045604,0.955510056
P_04994,ssuE,0.129700141,0.613194802,0.882357441
P_04995,ssuA_3,-0.260176543,0.277921771,0.659071629
P_04996,ssuD_3,-0.547824949,0.018740563,0.157393481
P_04997,ssuC_2,-0.57050175,0.021675185,0.171350628
P_00499,glnQ_1,-0.022523716,0.93948838,0.979927199
P_04998,ssuB_1,-0.664480619,0.009111444,0.10288413
P_04999,,-0.757447287,0.006117722,0.078792036
P_05000,,0.136242853,0.592787695,0.870992148
P_05001,puuA_3,0.396267463,0.081521675,0.372229166
P_05002,,-0.101077681,0.724824282,0.927129689
P_05003,puuA_4,0.270383883,0.25652718,0.638327126
P_05004,spuC,-0.140212422,0.52865445,0.835245802
P_05005,spuD_3,-0.384617402,0.082948963,0.375878187
P_05006,spuE_1,-0.415169442,0.07843174,0.36622532
P_05007,potA,-0.527177078,0.030713771,0.210152611
P_00500,glnP_1,0.576977786,0.063996447,
P_05008,potH,0.04583406,0.857431765,0.959292568
P_05009,ydcV,-0.019121138,0.938120932,0.979927199
P_05010,,-0.320510789,0.451987435,
P_05011,cdhR_12,-0.422474901,0.124137386,0.458155273
P_05012,,-1.263874357,0.016147905,
P_05013,rclR_3,-0.151526086,0.605438038,
P_05014,quiP_2,-0.123607404,0.620536619,0.883146147
P_05015,,0.335163546,0.25232959,0.633367619
P_05016,menH_3,-0.298878606,0.238078565,0.613680772
P_05017,,-0.299392594,0.359406507,
P_00501,glnP_2,0.599366078,0.059989484,0.313948235
P_05018,,-0.569561329,0.258486179,
P_05019,,-0.577159727,0.154392278,
P_05020,hcaB_9,-0.88706308,0.00034365,0.011219014
P_05021,,-0.760655365,0.005944605,0.077362715
P_05022,,-0.386179624,0.204629929,
P_05023,,-0.168942373,0.491622746,0.826560972
P_05024,pncC_2,-0.222592715,0.412979076,0.777632094
P_05025,,0.021918716,0.947462966,
P_05026,,-0.198911607,0.617086121,
P_05027,,-0.145038251,0.74317486,
P_00502,metQ_1,-0.067697688,0.789793029,0.947438146
P_05028,,-0.733580825,0.371565061,
P_05029,,-0.01710997,0.966185225,
P_05030,nreC,0.063593701,0.911529022,
P_05031,rcsB_5,0.217668157,0.459952365,
P_05032,rcsC_17,0.030010444,0.915317516,0.973383778
P_05033,rcsC_18,0.033042473,0.910966831,
P_05034,smf-1_2,0.287269046,0.51572223,
P_05035,yadV_3,-0.29720907,0.627827683,
P_05036,htrE_2,-0.126181624,0.695839552,
P_05037,,-0.359173072,0.309459552,
P_00503,norR_1,0.084969386,0.72819125,0.929208855
P_05038,,-0.368128658,0.319507421,
P_05039,,-0.251744064,0.611960789,
P_05040,ydbD,-0.382213059,0.224283949,0.59750396
P_05041,fhuA_6,-0.181058254,0.527912254,0.83523824
P_05042,namA_4,-0.041520345,0.849968724,0.959292568
P_05043,,0.014528264,0.95762164,0.984352242
P_05044,,-0.615485704,0.07849091,
P_05045,,-0.550984934,0.131727495,0.467682695
P_05046,,0.838429759,0.000363195,0.011594311
P_05047,pctB,0.028561156,0.908583113,0.97216211
P_00504,,-0.068098732,0.788288113,0.947067519
P_05048,quiA,-0.437920599,0.16566961,0.522838126
P_05049,oprB_2,0.069759143,0.808950475,0.952831922
P_05050,xylR,-0.150883763,0.593094389,0.871100095
P_05051,,-0.158400687,0.609068353,
P_05052,,-0.093552698,0.815230144,
P_05053,xylA,0.08726614,0.798441588,
P_05054,xylF,0.618765775,0.09317488,
P_05055,xylG,0.167932956,0.605734274,
P_05056,xylH,0.236477768,0.552108243,
P_05057,,0.290350857,0.442226931,
P_00005,xerC_1,0.21311938,0.388641912,0.76230392
P_00050,,0.0029966,0.989220578,0.995343961
P_00505,,0.079501893,0.77659186,0.943048187
P_05058,,-0.414415604,0.350098765,
P_05059,hiuH,0.284324834,0.45983098,
P_05060,crp,0.099991298,0.703029339,0.918163191
P_05061,,-0.145299518,0.615782753,0.882357441
P_05062,yigB,-0.129819577,0.667328882,
P_05063,xerC_7,-0.03993555,0.873336875,0.963757813
P_05064,,-0.230802399,0.322207954,0.70542011
P_05065,dapF_1,-0.056662324,0.806013994,0.952558679
P_05066,lysA,-0.0156004,0.944520137,0.981240771
P_05067,,-0.144719462,0.63963573,
P_00506,exbD_1,-0.739111708,0.031317503,
P_05068,cyaY,-0.022550037,0.934127923,0.978545531
P_05069,,0.362016865,0.30450575,
P_05070,rnk,-0.465239611,0.114801398,0.441135001
P_05071,,-0.230218075,0.337478202,0.720044321
P_05072,,-0.414874031,0.106207939,0.426816692
P_05073,,-0.208759131,0.485975309,
P_05074,,-0.275930748,0.269586166,0.651914769
P_05075,argH_2,-0.042867204,0.847925793,0.958412836
P_05076,lytR,0.157775737,0.469342309,0.814209719
P_05077,hemC,0.240178402,0.309502542,0.694706728
P_00507,tolQ_1,-0.937470512,0.001027344,0.02459698
P_05078,hemD,0.146109652,0.516434711,0.830699244
P_05079,hemX,0.001247045,0.995548198,0.997150046
P_05080,hemY,-0.252200523,0.265110352,0.647987168
P_05081,dsbB_2,0.039377197,0.897951611,
P_05082,rsd,-0.428971286,0.087185653,0.386285186
P_05083,mip,-0.566184865,0.050486366,0.283558763
P_05084,,-0.390841191,0.077860288,0.36622532
P_05085,dauB,-0.551538583,0.0722462,
P_05086,dauA_1,0.141218715,0.612027855,0.881915139
P_05087,dauR,0.121709295,0.690173608,
P_00508,,-0.390179086,0.140392608,0.480229897
P_05088,argT_3,0.175156969,0.498110516,0.828705023
P_05089,bauC_1,0.589781372,0.066591367,0.33565284
P_05090,pgrR_5,-0.162398292,0.580715887,
P_05091,fhuC,0.55462768,0.508271978,
P_05092,iorA_2,0.46765204,0.033775115,0.223015159
P_05093,iorB_2,0.463912298,0.032702697,0.21804887
P_05094,adhB_3,0.405458104,0.064070704,0.327813807
P_05095,,0.291586305,0.435403705,
P_05096,,0.148753006,0.536698606,0.839786047
P_05097,,-0.418907953,0.203810904,
P_00509,cysL_1,-0.239572639,0.37805733,0.751087301
P_05098,,-0.4651011,0.125467069,
P_05099,,-0.668171796,0.086014074,
P_05100,nucA,-0.472545927,0.094851706,0.404419087
P_05101,,0.037332754,0.923310672,
P_05102,,0.695256934,0.37870209,
P_05103,,0.172895771,0.493647491,0.827546399
P_05104,,0.060203745,0.940263163,
P_05105,gsiB_2,-0.382432586,0.205710724,
P_05106,clpP_2,0.101909158,0.77386833,
P_05107,,0.465304309,0.600179835,
P_00510,yycB_1,0.229076091,0.480307942,
P_05108,,1.153950437,0.259727376,
P_05109,,-0.103188073,0.735681383,
P_05110,cspA_3,-0.062466205,0.794837263,0.948775064
P_05111,gcvT_2,0.006363002,0.98170518,0.992670454
P_05112,sdaB,-0.01233125,0.970627042,
P_05113,gcvP,-0.226316094,0.341300364,0.722277802
P_05114,gcvH_2,-0.56305229,0.09550607,
P_05115,tyrR_2,0.237688551,0.316558455,0.700706487
P_05116,,-0.157042151,0.493140909,0.827496141
P_05117,arcC2,0.119750543,0.592238545,0.870870459
P_00511,btuB_1,-0.292565579,0.342921291,
P_05118,arcB,0.062443707,0.777514354,0.943048187
P_05119,arcA,0.288692614,0.184038771,0.55078911
P_05120,arcD_1,1.178870496,7.45168E-08,1.70106E-05
P_05121,arcD_2,0.138009102,0.621220459,0.883146147
P_05122,alkA,-0.137091822,0.627093147,0.885000121
P_05123,frc,-0.471981188,0.041447008,0.256298967
P_05124,sasA_18,-0.058005916,0.822338226,0.955510056
P_05125,,-0.533970226,0.05172718,0.287355588
P_05126,holA,0.137909144,0.56905288,0.857579262
P_05127,lptE,0.049174346,0.831897096,0.95592068
P_00512,argP_1,0.011471774,0.96517065,0.987844096
P_05128,leuS,0.175513572,0.424880093,0.783488218
P_05129,,-0.060317279,0.806168135,0.952558679
P_05130,,-0.114935953,0.641585951,0.894456999
P_05131,lnt,0.482076268,0.069142308,0.343011229
P_05132,corC,0.123416606,0.614293671,0.882357441
P_05133,ybeY,0.187450552,0.497841022,0.828705023
P_05134,ybeZ,0.311298112,0.18348828,0.550023053
P_05135,miaB,0.36230888,0.125272455,0.459911895
P_05136,,0.098173543,0.750816095,
P_05137,,0.132529087,0.587221916,0.867376098
P_00513,,0.187207548,0.609279635,
P_05138,hemL,-0.037373833,0.868585024,0.963757813
P_05139,thiE_2,-0.076420569,0.75939004,0.938289081
P_05140,thiD,-0.033167882,0.886261043,0.967072297
P_05141,rcsC_19,-0.103557809,0.661050342,0.901482938
P_05142,aidB,0.03536144,0.874736007,0.963757813
P_05143,sigE,0.253386771,0.525985671,
P_05144,,-0.183159022,0.454946638,0.799823229
P_05145,hemR,-0.321465726,0.267446505,0.649066079
P_05146,,-0.821822221,0.037618543,
P_05147,ybaN_1,0.415186911,0.307044445,
P_00514,,-0.004445309,0.996525552,
P_05148,mcpU_2,-0.592201432,0.01407614,0.131478908
P_05149,ydjA,-0.214526308,0.399335807,0.768518923
P_05150,,0.297998177,0.300104886,0.68222261
P_05151,,-0.029442843,0.909344336,0.97216211
P_05152,,-0.024348475,0.928389011,0.976801037
P_05153,,-0.292611017,0.213096123,0.58443616
P_05154,inaA,0.266164738,0.256061172,0.638327126
P_05155,ubiE_4,0.245570841,0.294590321,0.678188777
P_05156,sasA_19,-0.431185541,0.078282454,0.36622532
P_05157,czcR_5,-0.36177897,0.152196311,0.50394789
P_00051,,-0.072332061,0.750350116,0.935121015
P_00515,,-0.014189299,0.972807568,
P_05158,mdoB_2,-0.284207233,0.261482899,0.643961088
P_05159,lpxT_2,-0.399166225,0.261086206,
P_05160,infA,0.018979753,0.947387139,0.981902032
P_05161,bpt,0.092711869,0.73346998,0.931044996
P_05162,aat,-0.024383644,0.927255205,0.976679019
P_05163,ftsK,0.234029239,0.294867205,0.678188777
P_05164,lolA_2,0.077423628,0.744672678,0.935074931
P_05165,rarA,0.227646339,0.325009703,0.708646375
P_05166,crcB_2,0.205269479,0.433756082,0.789897107
P_05167,serS,0.024280876,0.914461545,0.972994984
P_00516,topB_1,0.073996685,0.804721578,
P_05168,cysG_2,0.262261541,0.263244041,0.645367046
P_05169,yqjG,0.028196296,0.908631254,0.97216211
P_05170,trpD_3,0.139023747,0.599954998,0.875667026
P_05171,tusE,-0.215551895,0.679999718,
P_05172,tusB,0.093594023,0.812986321,
P_05173,dsrF,0.110707827,0.684493618,0.909816251
P_05174,dsrE,-0.079482166,0.753452964,0.935673095
P_05175,yfdE_2,0.154989212,0.520034377,0.833255411
P_05176,sprT,0.302786747,0.258076351,0.639602021
P_05177,yohC,-0.536199581,0.027781686,0.198971749
P_00517,,0.524702514,0.378601683,
P_05178,ttcA,0.319359595,0.191418763,0.559410322
P_05179,,0.047623643,0.844345432,0.95787105
P_05180,rapA_4,0.407790958,0.065943533,0.332836618
P_05181,,0.333164727,0.182124042,0.547259289
P_05182,sufS_2,0.52070393,0.08248141,0.374778669
P_05183,,0.175782019,0.749363241,
P_05184,gcvA_6,-0.068107159,0.832603162,
P_05185,,-0.204815454,0.704632808,
P_05186,,0.792421903,0.01812208,
P_05187,,0.349827123,0.252160527,
P_00518,,0.078328173,0.759957649,0.938289081
P_05188,,0.085299958,0.776775165,
P_05189,,0.352204518,0.114663665,0.441059514
P_05190,draG_1,0.169020586,0.45276752,0.799823229
P_05191,,0.264720856,0.247801233,0.626209476
P_05192,rbsK_2,0.114905483,0.68349456,0.9096826
P_05193,,-0.730006113,0.002415541,0.044009973
P_05194,,-0.674193774,0.003023246,0.049371326
P_05195,,-0.491016213,0.030721105,0.210152611
P_05196,,-0.047262899,0.874120328,0.963757813
P_05197,,-0.042336058,0.878693742,0.96640787
P_00519,,-0.226784745,0.560326976,
P_05198,ycdF,0.574315475,0.022006792,0.172679348
P_05199,araF_2,-0.527603338,0.074835832,0.359807713
P_05200,,-0.027374816,0.951333993,
P_05201,,0.268702142,0.694891395,
P_05202,,0.40256145,0.123145733,0.45629892
P_05203,,0.25398833,0.341097884,0.722277802
P_05204,,-0.06794062,0.824563908,
P_05205,chpB,0.077463994,0.766026583,0.940128751
P_05206,chpS,0.020290342,0.937193013,0.979927199
P_05207,,-0.22863259,0.434896333,0.790064991
P_00520,,0.140891712,0.796435056,
P_05208,,-0.227464193,0.386735596,0.76104186
P_05209,umuC_3,-0.015860447,0.955779746,0.984352242
P_05210,,-0.05909476,0.806031001,0.952558679
P_05211,rep_5,-0.01131383,0.965363039,0.987844096
P_05212,recF_5,-0.330463956,0.168242943,0.524484661
P_05213,,0.079176245,0.83129966,
P_05214,,-0.132017276,0.608818739,0.879326369
P_05215,,0.087938172,0.785550787,
P_05216,,-0.028115508,0.921024009,0.974233507
P_05217,,0.274985525,0.53220971,
P_00521,,0.007627175,0.99108074,
P_05218,,-0.036021454,0.920106684,
P_05219,mshD_3,0.383184532,0.212652789,
P_05220,,0.487797084,0.062478447,0.321428373
P_05221,,-0.040741502,0.935831523,
P_05222,aroQ_2,-0.07212008,0.853936146,
P_05223,proP_9,0.185850188,0.469873153,0.814695306
P_05224,afr,-0.091569752,0.841785959,
P_05225,dmlR_17,-0.160588261,0.55817091,0.854763571
P_05226,dmlR_18,0.129807747,0.709528858,
P_05227,ydhP_3,-0.010743397,0.978200202,
P_00522,,-0.186196218,0.59534301,
P_05228,,-0.291438461,0.316707022,0.700706487
P_05229,cbs,-0.280074575,0.282301069,0.664931812
P_05230,metC,-0.538380549,0.027076246,0.195231236
P_05231,,0.036186703,0.874148824,0.963757813
P_05232,rutB_2,0.128623581,0.700395885,
P_05233,rppH_5,-0.069651963,0.873616797,
P_05234,,-0.160826456,0.596726984,0.874953767
P_05235,,-0.644671963,0.014484365,0.133908671
P_05236,tkt,-0.325617565,0.160261593,0.514241452
P_05237,uvrA_2,-0.425845539,0.081082428,0.37158634
P_00523,,0.175591392,0.821123443,
P_05238,rcsC_20,0.12436792,0.576194396,0.861753268
P_05239,dnaE2,-0.291421238,0.282885315,0.664931812
P_05240,imuB,-0.479547436,0.136739514,0.475532669
P_05241,sulA_2,-0.631868893,0.043286099,0.261076964
P_05242,lexA_2,-0.714884534,0.00638896,0.081111293
P_05243,nudK,-0.100385971,0.698323365,0.917636962
P_05244,menH_4,0.211097877,0.415181922,0.778324147
P_05245,lldD_4,-0.384626676,0.132766664,0.469557906
P_05246,glpR_2,-0.477880613,0.144155173,
P_05247,pepN,-0.292408297,0.192647068,0.559410322
P_00524,,-0.860178074,0.244122906,
P_05248,,-0.155255195,0.509529533,0.829029116
P_05249,,-0.298508158,0.314399115,0.70005429
P_05250,glpG,-0.149751286,0.520927603,0.833255411
P_05251,apaH_2,-0.387556126,0.089018739,0.389783105
P_05252,nadK,-0.072617778,0.756307985,0.937540765
P_05253,,-0.132002822,0.627891168,0.885000121
P_05254,,0.07942202,0.825362351,
P_05255,,0.069273987,0.814742345,0.954536593
P_05256,cobN,-0.310076032,0.181845885,0.547259289
P_05257,,-0.202632413,0.373487287,0.747859959
P_00052,,0.3669863,0.157674757,0.510094488
P_00525,,-0.111164609,0.845770707,
P_05258,,-0.260314154,0.296267915,0.678188777
P_05259,,-0.540223186,0.024360219,0.183069255
P_05260,cbiG,-0.612470444,0.092725771,
P_05261,cobM,0.052216753,0.844038956,0.95787105
P_05262,hemE,0.303859012,0.185127081,0.551395253
P_05263,gltD,0.069307133,0.759935862,0.938289081
P_05264,gltB,0.033159364,0.878669829,0.96640787
P_05265,damX,0.110001367,0.621895753,0.883146147
P_05266,aroB,0.136836888,0.543938905,0.845608645
P_05267,aroK,0.485786429,0.043857645,0.261674609
P_00526,,-0.062841751,0.895773143,
P_05268,pilQ,-0.268243417,0.387106839,
P_05269,,0.075172864,0.794194779,0.948449794
P_05270,,0.122657937,0.628188285,0.885000121
P_05271,,0.091093579,0.762566996,
P_05272,mrcA,0.513143872,0.021292141,0.169927665
P_05273,ycaD_3,0.175301999,0.45634681,0.800213773
P_05274,ycgR,-0.084322277,0.713582075,0.92198932
P_05275,,-0.030157717,0.897574848,0.970035317
P_05276,,-0.216464591,0.37101985,0.746136378
P_05277,,0.08092192,0.735037922,0.93126713
P_00527,,-0.00733081,0.990059025,
P_05278,cheV_3,-0.3906117,0.09708924,0.408825603
P_05279,cheR2,-0.144954258,0.53735046,0.84020916
P_05280,flgB,-0.369458032,0.149722029,0.49974243
P_05281,flgC,-0.124460727,0.600912832,0.875712943
P_05282,flgD,-0.279334905,0.307705496,0.691920546
P_05283,flgE,-0.483995764,0.051071409,0.284704047
P_05284,,0.047374985,0.917589543,
P_05285,,-0.102805067,0.644399222,0.894732748
P_05286,rstA_1,-0.17191746,0.50872495,0.829029116
P_05287,sasA_20,-0.184761511,0.515627852,0.830321006
P_00528,,-0.047263111,0.861112091,0.960362394
P_05288,opuE,0.513290006,0.059375025,0.312723944
P_05289,gbuA,0.962555276,0.001344998,0.029884368
P_05290,cmpR_5,-0.047895048,0.856929555,0.959292568
P_05291,,-0.036223274,0.912599592,
P_05292,cysM,0.601569006,0.010453405,0.111003792
P_05293,rlmD,0.49021939,0.04271578,0.260266623
P_05294,relA,0.213977842,0.333425902,0.716340362
P_05295,mazG,0.193734456,0.455053376,0.799823229
P_05296,,-0.339815517,0.180583114,0.54657855
P_05297,iutA,0.033274436,0.893800727,0.968478595
P_00529,,0.209789975,0.439308545,0.793056386
P_05298,mdtG_2,-0.106679222,0.761406259,
P_05299,,-0.162053099,0.597818106,
P_05300,,-0.601076031,0.023320879,0.178125729
P_05301,sotB_1,0.88867008,0.000327383,0.01082103
P_05302,,-0.011303882,0.969560808,0.988618514
P_05303,,0.469954957,0.060021664,0.313948235
P_05304,nimR_3,-0.382222741,0.222620201,
P_05305,,-0.008317208,0.977312243,
P_05306,,-0.529905858,0.031540386,0.213770245
P_05307,gshA_2,-0.198024121,0.500782266,0.829029116
P_00530,,-0.033988642,0.889900112,0.967623585
P_05308,prmC_3,-0.485847867,0.05644726,0.303353261
P_05309,,-0.407757152,0.071586135,0.351120224
P_05310,relE2,0.382569197,0.253386322,
P_05311,,0.020408959,0.962656534,
P_05312,,0.078846708,0.74537303,0.935074931
P_05313,,-0.259700761,0.627478163,
P_05314,sugB_2,-0.131764778,0.798816062,
P_05315,araP,0.207030555,0.690310826,
P_05316,sugC,0.166273892,0.725921692,
P_05317,ugpC_2,-0.222325445,0.71212993,
P_00531,,0.090684924,0.816637542,
P_05318,hpd,-0.060488594,0.809613606,0.953312364
P_05319,,0.000372142,0.999045404,
P_05320,rarD_2,-0.373544462,0.152740237,0.504450537
P_05321,gpr_2,-0.661678824,0.006363776,0.081111293
P_05322,dmlR_19,-0.190164393,0.512694294,0.829029116
P_05323,fabG_8,-0.020623437,0.952001356,
P_05324,nicT_2,0.822401756,0.011131353,0.114974546
P_05325,cdaR,-0.020171794,0.938823821,0.979927199
P_05326,garK,0.749113635,0.010461402,0.111003792
P_05327,,0.45770821,0.202979069,
P_00532,rhaR_1,0.318995968,0.174572366,0.534887438
P_05328,,-0.334501405,0.461200457,
P_05329,,-0.043954972,0.929646919,
P_05330,,-0.269055216,0.481297701,
P_05331,aaaT,-0.385306842,0.219457394,
P_05332,hisC_5,-0.326859971,0.323445789,
P_05333,,0.050560166,0.90459474,
P_05334,,-0.182502448,0.52972812,0.835245802
P_05335,,-0.005545669,0.990858729,
P_05336,ampR_2,-0.329789993,0.284256853,
P_05337,ampC,0.02957045,0.914594686,0.972994984
P_00533,,0.522764183,0.511801795,
P_05338,pnuC,0.165925562,0.562454034,0.855620664
P_05339,,0.064311523,0.83804082,
P_05340,rstB,-0.32368498,0.296687857,0.678188777
P_05341,rstA_2,-0.390389014,0.230118803,0.603153493
P_05342,,-0.116256134,0.661632873,0.901482938
P_05343,,0.262467351,0.375973166,0.748938546
P_05344,uspE,0.409201319,0.083232455,0.37590474
P_05345,,0.143582333,0.616302462,0.882357441
P_05346,acnB,-0.087065185,0.693264222,0.915634849
P_05347,ycaC_3,-0.274563217,0.28222333,0.664931812
P_00534,,-0.193355441,0.795111872,
P_05348,hdfR_5,-0.346348529,0.166711552,0.522838126
P_05349,ibpB,-0.757042833,0.000478199,0.014403807
P_05350,,-0.219562365,0.49024555,
P_05351,,-0.349970008,0.128022892,0.462890127
P_05352,rhaS_9,-0.305803917,0.347087618,
P_05353,yveA,-0.544657583,0.262655313,
P_05354,,-0.705428328,0.1487976,
P_05355,dapA_3,-0.511006535,0.284474374,
P_05356,,-0.179233416,0.586275272,
P_05357,dadA1_3,0.00130352,0.996467202,
P_00053,,0.187381335,0.59510021,
P_00535,,0.319173926,0.601761286,
P_05358,draG_2,0.003963059,0.989739142,
P_05359,cdhR_13,0.048175692,0.853283584,0.959292568
P_05360,,0.290320322,0.200588582,0.572781615
P_05361,purN_2,0.561714026,0.020653576,0.166611461
P_05362,purM,0.355942005,0.132049537,0.4681252
P_05363,,0.187734325,0.410843264,0.776397331
P_05364,,-0.037143317,0.883848641,0.966633691
P_05365,hda,0.31052028,0.185858608,0.551813912
P_05366,mepS,0.451865694,0.060774138,0.316144019
P_05367,,-0.01622257,0.948907025,0.982035948
P_00536,,-0.111141213,0.865968284,
P_05368,,-0.515504164,0.02685518,0.194765237
P_05369,cobO_2,-0.341608015,0.186402463,0.552989038
P_05370,cbiA,0.058088005,0.82278076,0.955510056
P_05371,bluB,-0.209910961,0.508086735,
P_05372,cobD,0.101597831,0.723348902,0.925876679
P_05373,hisC_6,-0.11893299,0.643003224,0.894456999
P_05374,cobQ,0.201045626,0.404089132,0.769631267
P_05375,livF_3,-0.209515111,0.495267075,
P_05376,lptB_4,-0.12473628,0.678088623,
P_05377,,-0.259898527,0.346236997,0.72602519
P_00537,,0.775109244,0.204243454,
P_05378,livH_2,-0.342112247,0.264805927,
P_05379,braC_2,-0.1570829,0.478828239,0.81962579
P_05380,,0.193064293,0.533116605,
P_05381,,0.059803709,0.801033953,0.951609992
P_05382,,0.039483276,0.872124871,0.963757813
P_05383,,-0.216578281,0.717772236,
P_05384,sotB_2,-0.025988659,0.935209385,
P_05385,,0.031102131,0.90609408,0.971934496
P_05386,,-0.275267348,0.346763749,
P_05387,,0.014036611,0.957810996,0.984352242
P_00538,,-0.407372518,0.280951135,
P_05388,rsbQ,-0.120437894,0.659762656,0.901482938
P_05389,sasA_21,-0.181778867,0.517711618,0.831510256
P_05390,dapF_2,-0.456371794,0.107891978,0.429612513
P_05391,cysC,0.178726271,0.556194107,
P_05392,,-0.246953659,0.338557253,0.720044321
P_05393,fabG_9,-0.269514134,0.266497433,0.648918856
P_05394,pld1,-0.061244663,0.845931263,0.95787105
P_05395,hcaR_3,-0.499279222,0.047112796,0.272487886
P_05396,puuB_6,0.927230801,0.00291177,0.048988558
P_05397,spuE_2,1.062092855,0.001692809,0.034549961
P_00539,,-0.370586433,0.282300943,
P_05398,puuA_5,1.036166126,0.007205963,0.086541064
P_05399,rhaS_10,0.146186529,0.564308596,0.855620664
P_05400,,-0.308948863,0.210459938,0.582272496
P_05401,,-0.33379113,0.192849186,0.559410322
P_05402,sstT,0.355730765,0.139099588,0.477514952
P_05403,pbuE,0.050108288,0.846311771,0.95787105
P_05404,nhaR,-0.036091267,0.903084808,
P_05405,,0.525762174,0.293899493,
P_05406,,-0.675824028,0.047537186,
P_05407,selD,-0.196247024,0.395265371,0.764969232
P_00540,,0.4250079,0.264668876,
P_05408,selU,0.057180276,0.814336648,0.954536593
P_05409,,0.517557101,0.049398358,0.280399497
P_05410,,0.802722311,0.001850783,0.036671405
P_05411,yfcG_2,-0.128451054,0.601153274,0.875712943
P_05412,phzF,-0.053032394,0.850979764,0.959292568
P_05413,hemB_2,0.217336284,0.350812885,0.728578193
P_05414,,0.689651572,0.389124636,
P_05415,,0.259472536,0.714567883,
P_05416,,0.186253265,0.80659996,
P_05417,uup,0.699259161,0.002833977,0.048893765
P_00541,,-0.050032925,0.835886731,0.95592068
P_05418,slt,0.104724354,0.653739321,0.901002348
P_05419,msbA_2,-0.5197022,0.034350383,0.224298391
P_05420,,-0.653982768,0.003392143,0.053913428
P_05421,pdxB,-0.051377979,0.822269063,0.955510056
P_05422,norM,0.298357738,0.262017078,0.643961088
P_05423,tusA_2,0.016444844,0.95663043,
P_05424,rlmM,-0.06603164,0.784310344,0.944358199
P_05425,acnA,-0.579327852,0.008676288,0.099710574
P_05426,aam,0.173190826,0.667061234,
P_05427,hyuC_3,0.283796769,0.473182543,
P_00542,,-1.181269182,0.004482009,
P_05428,lutR_8,0.48594204,0.087345734,0.386379479
P_05429,,-0.226289956,0.604176621,
P_05430,oprM_5,-0.037559258,0.899149402,
P_05431,macB_2,0.359222642,0.338979064,
P_05432,macA_3,0.300418354,0.410541906,
P_05433,fecI_9,0.120371054,0.655459199,0.901397631
P_05434,pvdA,-0.761192008,0.04227155,
P_05435,,-0.589471641,0.083899328,0.377575784
P_05436,,-0.611595087,0.107967254,
P_05437,qorA_2,-0.085089293,0.722816377,0.925512228
P_00543,tyrC,-0.925123394,0.001728798,0.035084409
P_05438,hemF,0.336272829,0.15091162,0.501472332
P_05439,aroE_3,0.339549097,0.155350471,0.507197561
P_05440,dauA_2,0.245556376,0.421990053,0.782583702
P_05441,,-0.462540943,0.169616978,
P_05442,betC,-0.183922825,0.551634918,
P_05443,perR,-0.950956381,0.001374332,
P_05444,,-0.16426969,0.638921572,
P_05445,dgoK1,0.750529675,0.000740323,0.020331678
P_05446,dgoA,0.244661382,0.336890791,0.720044321
P_05447,dgoD,0.037991349,0.869163083,0.963757813
P_00544,slyA_1,0.221583115,0.349909736,0.728578193
P_05448,dgoT,-0.07533737,0.747910953,0.935074931
P_05449,rcsC_21,-0.005849708,0.980355845,0.992670454
P_05450,ybaN_2,0.034731459,0.935158804,
P_05451,,-0.052476185,0.819205048,0.955510056
P_05452,recQ,0.234114841,0.318806932,0.700849848
P_05453,slyA_5,0.325826715,0.228922627,0.602367391
P_05454,bamA_2,0.330922352,0.1873143,0.554812777
P_05455,,0.004854242,0.988970454,
P_05456,,0.171186462,0.579024606,
P_05457,rhaR_6,0.240165286,0.328530322,0.711250655
P_00054,,0.155319994,0.678422629,
P_00545,accD5,-1.000517082,0.001025475,0.02459698
P_05458,lpxH_2,0.092039762,0.787569483,
P_05459,gatA_4,-0.398020028,0.078932097,0.36622532
P_05460,,-0.119827259,0.650250799,0.898963628
P_05461,fsr,0.274326511,0.237666615,0.613490628
P_05462,nimR_4,-0.329768973,0.230696729,0.604244238
P_05463,nepI_3,0.126820377,0.741708452,
P_05464,,0.191122028,0.524719233,
P_05465,rhaS_11,0.098510236,0.68521842,0.909994558
P_05466,,-0.182909272,0.474758848,0.816777658
P_05467,proP_10,-0.08240536,0.717666447,0.922347349
P_00546,mvaA,-1.233434073,8.23764E-05,0.004494159
P_05468,,-0.289183724,0.450358346,
P_05469,exuT_2,0.27148466,0.374354654,
P_05470,ybiT,0.564047528,0.012531842,0.122425363
P_05471,,-0.004590979,0.986274338,0.994528794
P_05472,cmoB_2,-0.211847647,0.417710343,0.77997231
P_05473,,-0.236716412,0.457508463,
P_05474,wzzE,0.413377368,0.064546049,0.328863239
P_05475,,0.111163556,0.624120507,0.88365811
P_05476,ligD,-0.919208424,0.000217975,0.008307528
P_05477,ku,-0.6866625,0.006406381,0.081111293
P_00547,accA1_1,-0.686118678,0.01252136,0.122425363
P_05478,,0.090479315,0.699454651,0.917636962
P_05479,yliI,-0.08079524,0.718929604,0.922749853
P_05480,zapE_2,0.317006964,0.243586454,0.622295079
P_05481,,-0.192476973,0.489643938,0.82567412
P_05482,,-1.289992445,0.004467731,
P_05483,fpvA_3,-0.069218977,0.81966528,
P_05484,cptA,-0.140669583,0.640378458,0.894135903
P_05485,,-0.518015105,0.142127615,0.483026971
P_05486,,0.019715443,0.929873132,0.977012762
P_05487,zwf_2,-0.088949878,0.711470379,0.92198932
P_00548,,-0.389645732,0.228700432,0.602367391
P_05488,yigL,-0.042266528,0.854176887,0.959292568
P_05489,,-0.262713515,0.315832567,0.700706487
P_05490,atoC_4,-0.307558094,0.226256267,0.599446625
P_05491,,-0.220783166,0.331780223,0.715472939
P_05492,glpT_2,-0.269500679,0.368731627,
P_05493,argP_7,-0.37986425,0.190940745,0.559410322
P_05494,cysL_2,-0.558820494,0.031401997,0.213585372
P_05495,phnW,-0.738895414,0.002049782,0.039261207
P_05496,phnX_2,-0.999624612,0.000172084,0.007473662
P_05497,yodB,0.216673575,0.359617065,0.736074489
P_00549,,-0.350802686,0.197267499,0.567319355
P_05498,dcyD_2,0.352666389,0.206166286,0.579842681
P_05499,fadH,0.155763337,0.493174407,0.827496141
P_05500,,0.287640758,0.203463948,0.578339306
P_05501,,0.164911393,0.482370879,0.82005245
P_05502,,-0.096656518,0.820918033,
P_05503,,-0.007601202,0.986548347,
P_05504,pyrD,0.200029341,0.384093143,0.757038464
P_05505,rlmL_2,0.232432664,0.296661579,0.678188777
P_05506,,0.099176699,0.677214559,0.907569565
P_05507,,-0.087371744,0.701605398,0.918163191
P_00550,,-0.612231867,0.025129254,0.185489651
P_05508,,-0.119308964,0.602181319,0.875712943
P_05509,ydcO,-0.04622095,0.866035806,0.963598777
P_05510,,0.410921877,0.690433552,
P_05511,nanR_2,-0.081534438,0.722303934,0.925315153
P_05512,metH,0.266898478,0.225231117,0.599155072
P_05513,,0.507682949,0.038098109,0.242000745
P_05514,,0.072161995,0.790078796,0.947438146
P_05515,,0.02457719,0.917206699,0.973782553
P_05516,nfuA,-0.453677152,0.060099863,0.313948235
P_05517,fatA,0.62801362,0.016507355,0.145756428
P_00551,,-1.057597835,0.005477025,
P_05518,ydhC_2,0.309110684,0.43660163,
P_05519,nimR_5,0.079806117,0.810619867,
P_05520,,-0.22771821,0.475685297,
P_05521,,-0.602750294,0.019655617,0.161704251
P_05522,,-0.469231437,0.059829158,0.313850991
P_05523,mdtA_8,0.284462606,0.257523729,0.639528675
P_05524,cnrA,0.498404831,0.09586655,0.406426292
P_05525,,0.270936603,0.816142035,
P_05526,kgtP_2,-0.048345152,0.898647545,
P_05527,,0.558081152,0.092455582,
P_00552,mhpA,-0.904046296,0.00238218,0.043716004
P_05528,,0.125596772,0.604823093,0.876589947
P_05529,,0.683241633,0.018399599,0.155833343
P_05530,,1.061651223,0.000397593,0.012375073
P_05531,rhaS_12,0.940256709,0.000246912,0.009056625
P_05532,,0.956435563,0.000370282,0.011621879
P_05533,sasA_22,0.225258496,0.406790528,0.773212531
P_05534,ompR_5,-0.1416292,0.560898094,0.855620664
P_05535,glk,-0.096702314,0.684132129,0.909714667
P_05536,edd,-0.241303008,0.311983837,0.697760257
P_05537,gapA,-0.273205087,0.222083769,0.595037932
P_00553,,-0.857202574,0.005408298,0.072321239
P_05538,,0.315872336,0.275546255,0.657075039
P_05539,dgcN,0.40166811,0.121754834,0.454471622
P_05540,,0.226560047,0.371134826,0.746136378
P_05541,recD,0.086260094,0.744482628,0.935074931
P_05542,recB,0.027745248,0.908680603,0.97216211
P_05543,recC,-0.249841111,0.304674723,0.688649114
P_05544,smc_4,0.102935875,0.670222086,0.904083575
P_05545,,0.236922671,0.614713185,
P_05546,,0.16021803,0.69494302,
P_05547,,0.336415172,0.184825472,0.551042925
P_00554,aroH_1,-1.099235141,0.00082545,0.021559823
P_05548,,-0.168693266,0.524415891,0.83523824
P_05549,,-0.381872866,0.081877991,0.37339963
P_05550,,-0.439586433,0.090179667,0.394404046
P_05551,,0.370115698,0.875512921,
P_05552,yhjX,-0.514923957,0.029838261,0.208310105
P_05553,,-0.448270609,0.059446854,0.312723944
P_05554,cobS,0.395138395,0.264550863,
P_05555,cobC,0.374761259,0.366883948,
P_05556,cobT,0.361671882,0.207993924,0.580727743
P_05557,cobP,0.214056184,0.604446868,
P_00055,,0.103378343,0.799208803,
P_00555,,-0.691635404,0.014315162,0.132672776
P_05558,,0.392858735,0.101015878,0.417360957
P_05559,yabJ_5,0.075018494,0.758105211,0.938289081
P_05560,spoT,0.318299956,0.175128404,0.536151303
P_05561,rpoZ,-0.15401223,0.574769159,0.860854493
P_05562,gmk,0.142239715,0.55262921,0.850461516
P_05563,,0.190046852,0.437329433,0.79254024
P_05564,rph,0.093478493,0.685358686,0.909994558
P_05565,,-0.041764927,0.866335929,0.963598777
P_05566,exoA,-0.064390189,0.773870929,0.943048187
P_05567,pyrE,0.103979985,0.656142711,0.901397631
P_00556,fabG_1,-0.702037582,0.020754821,0.166814454
P_05568,argB,-0.327401068,0.140404564,0.480229897
P_05569,algC,-0.023561883,0.914641336,0.972994984
P_05570,,0.140894005,0.697577661,
P_05571,araG_3,0.313221069,0.577378761,
P_05572,rbsC_5,-0.156931328,0.616760072,
P_05573,kdgR_3,0.51380449,0.041520162,0.256326952
P_05574,adhc1,0.634274819,0.007902103,0.092812433
P_05575,rhaS_13,0.854398014,0.000203297,0.008032839
P_05576,,0.004397601,0.983782645,0.993357172
P_05577,etfB_2,-0.097574154,0.659504248,0.901482938
P_00557,nanT_1,-0.563253,0.08664803,0.385274275
P_05578,etfA_2,-0.298918313,0.191241727,0.559410322
P_05579,,0.080464203,0.763013193,0.939844193
P_05580,,0.347063213,0.236795086,
P_05581,,0.299713093,0.232812124,0.606806198
P_05582,btuB_8,-0.612081351,0.012406851,0.122268041
P_05583,,-0.920724226,0.000811337,0.021491808
P_05584,tcyC,-1.415058833,3.37023E-07,5.72172E-05
P_05585,,-1.058506675,8.80438E-05,0.004697766
P_05586,rebO,-0.849372763,0.000314499,0.010598164
P_05587,,-0.996168695,0.004811534,
P_00558,,-0.467034288,0.283417598,
P_05588,,-0.116381818,0.682077248,0.9096826
P_05589,,-0.118063934,0.679372331,0.908830822
P_05590,hel,-0.199868953,0.513515734,
P_05591,,0.280564366,0.529317827,
P_05592,,-0.167509887,0.534988475,0.83903595
P_05593,,-0.616485788,0.015211121,0.137358196
P_05594,phoP_2,-0.466479273,0.068115366,0.340121516
P_05595,phoQ,-0.165980805,0.518031776,0.831510256
P_05596,,0.196968274,0.389009711,0.76230392
P_05597,,-0.072291634,0.789447057,0.947438146
P_00559,hupB_1,-0.492306927,0.068785007,0.342549336
P_05598,,-0.098006253,0.756159476,0.937540765
P_05599,dmlR_20,0.148194315,0.66845609,
P_05600,,-0.100277813,0.862529571,
P_05601,,-0.742516976,0.160062259,
P_05602,,-0.956981761,0.033066922,
P_05603,,-1.044542422,0.024395482,
P_05604,tdh_2,-0.154515147,0.759274224,
P_05605,,-0.289302196,0.767385273,
P_05606,nimR_6,0.097385611,0.714981037,0.92198932
P_05607,,-0.533283151,0.192808411,
P_00560,,-0.114896737,0.730744154,0.929832799
P_05608,,0.248911647,0.741388224,
P_05609,dmlR_21,-0.257342353,0.41552031,
P_05610,mntH,0.174964844,0.511131314,0.829029116
P_05611,,0.601483569,0.01114345,0.114974546
P_05612,,-0.027449928,0.979651185,
P_05613,rhaS_14,0.119770288,0.655526489,0.901397631
P_05614,,-0.015540876,0.955276632,0.984352242
P_05615,,-0.187698279,0.47076842,0.814695306
P_05616,,0.009714875,0.968032515,0.988618514
P_05617,ssuB_2,-0.109955372,0.754593191,
P_00561,,-0.477892136,0.336824684,
P_05618,,0.021365679,0.947282098,0.981902032
P_05619,ssuA_4,-0.831966053,0.001909741,0.037541479
P_05620,argP_8,-0.076000674,0.780306154,0.943048187
P_05621,atsK,-0.564271772,0.050111892,0.282730992
P_05622,,0.181635101,0.479580312,0.81992666
P_05623,,0.19706495,0.428282459,0.785671047
P_05624,proS,0.053771851,0.810359673,0.953620646
P_05625,,0.182315651,0.44928417,0.799083988
P_05626,ogt_2,0.069470775,0.81436455,
P_05627,,0.62148412,0.0091425,0.10288413
P_00562,,-0.015969893,0.965787675,
P_05628,,0.020333129,0.93322442,0.978441527
P_05629,,-0.279852034,0.20988333,0.582170107
P_05630,groS,-0.28908268,0.237840543,0.613490628
P_05631,groL,-0.508160676,0.021618813,0.171350628
P_05632,,-0.103649786,0.670126562,0.904083575
P_05633,,0.005506294,0.980031953,0.992670454
P_05634,bepC,0.083943349,0.70209894,0.918163191
P_05635,ltxB,0.097496711,0.665834888,0.903667626
P_05636,prsE_3,0.238124075,0.324387018,0.708115436
P_05637,nadA,0.146465977,0.525719258,0.83523824
P_00563,,-0.428449536,0.525257262,
P_05638,shlB_2,0.007494788,0.97599444,0.992199029
P_05639,shlA,-0.486059047,0.035379657,0.228404269
P_05640,,-0.464560381,0.204262471,
P_05641,emrB_3,-0.166711715,0.491146852,0.826560972
P_05642,,-0.036577646,0.891846048,0.968292149
P_05643,,-0.25864391,0.27584837,0.657075039
P_05644,yigZ,-0.220828403,0.491808951,
P_05645,rutR_3,-0.511634771,0.057931572,0.308225673
P_05646,xanP_2,-0.308123649,0.378097691,
P_05647,hdfR_6,-0.16357483,0.526766084,0.83523824
P_00564,,0.057357961,0.831907886,0.95592068
P_05648,,-0.205478328,0.433034107,0.78896702
P_05649,bauC_2,-0.359514054,0.109204121,0.43207351
P_05650,dhaL-2,-0.111037254,0.786799179,
P_05651,dhaK-2,-0.021656769,0.955421998,
P_05652,eltD_2,0.288389967,0.429848969,
P_05653,golD_2,0.348853089,0.487912673,
P_05654,thpA_3,0.217300158,0.666051174,
P_05655,rbsC_6,0.390145873,0.437509102,
P_05656,rbsA_3,-0.646258108,0.038357497,
P_05657,rpiB,-0.092428134,0.842175637,
P_00056,tcpE,0.176563601,0.750358569,
P_00565,,-0.734440399,0.163752724,
P_05658,lsrR,-0.124992627,0.622103752,0.883146147
P_05659,prmB,0.143655398,0.542821775,0.845608645
P_05660,sttH,0.187384595,0.411327016,0.776696867
P_05661,,0.690216592,0.003927718,0.059153334
P_05662,smrA,0.704177906,0.005309924,0.071340169
P_05663,folE_2,0.02523766,0.916358263,0.973383778
P_05664,,0.040777601,0.882623058,0.966633691
P_05665,,0.064506559,0.871524788,
P_05666,,-0.106784119,0.739647408,
P_05667,citN_2,-0.015758214,0.963946019,
P_00566,traC_1,-0.105405308,0.780503168,
P_05668,cynR_6,-0.427274933,0.153041092,
P_05669,amn,-0.287084143,0.194012462,0.560864199
P_05670,rluE,0.33233492,0.205936931,0.579634089
P_05671,,0.141110853,0.707483391,
P_05672,lrp_4,-0.193023026,0.432404742,0.788204838
P_05673,,0.11347652,0.644155764,0.894727326
P_05674,fieF,-0.384746209,0.11087496,0.433884714
P_05675,,-0.588334952,0.022135767,0.173264971
P_05676,srmB,-0.107506289,0.659815486,0.901482938
P_05677,gltR_6,-0.094769798,0.686064534,0.910532564
P_00567,,-0.325114665,0.484249118,
P_05678,,-0.162205821,0.471834916,0.814695306
P_05679,glpE_4,-0.063403164,0.774120946,0.943048187
P_05680,ssuA_5,-1.008775109,0.000616377,0.01770898
P_05681,moxC_2,-1.026190882,5.10698E-05,0.003179098
P_05682,ydbM,-0.859883067,0.000666419,0.018437596
P_05683,ghrA_2,-0.552127158,0.029332621,0.206711963
P_05684,fhuA_7,-0.406900932,0.106184795,0.426816692
P_05685,degS,0.033947009,0.890663318,0.967886964
P_05686,,-0.305318601,0.203953911,0.578411434
P_05687,cysD,0.529499097,0.018999111,0.158536317
P_00568,,-0.497221925,0.080250007,0.369304432
P_05688,cysNC,0.319596344,0.144513214,0.488499421
P_05689,ghrB_2,-0.340545951,0.156390017,0.508812467
P_05690,dmlR_22,0.049157575,0.839778848,0.957148001
P_05691,oprM_6,0.120509804,0.730967631,
P_05692,aaeB_3,0.161323373,0.63512573,
P_05693,aaeX_2,0.001635942,0.999122761,
P_05694,aaeA_2,1.227724774,0.00535504,
P_05695,,-0.140288855,0.69359339,
P_05696,fadA_4,-0.126250748,0.609661845,0.879863598
P_05697,lcfB,-0.026542682,0.91815988,0.974211258
P_00569,lpd,-0.91329783,0.001439849,0.031085759
P_05698,proP_11,0.120425704,0.660841481,0.901482938
P_05699,,0.045549715,0.896295213,
P_05700,cysG_3,0.066988407,0.790165951,0.947438146
P_05701,estB_2,-0.032279684,0.901538835,0.970388343
P_05702,,-0.393239587,0.315464677,
P_05703,,-0.466547705,0.287999405,
P_05704,sbcD,-0.205506229,0.461869505,0.805504852
P_05705,,-0.258947435,0.294221555,0.678188777
P_05706,,-0.365198722,0.177934909,0.541635602
P_05707,cpxR,0.24591489,0.293892232,0.678188777
P_00570,pdhC,-0.953976481,0.000653565,0.018295232
P_05708,yciI,0.271002061,0.282692616,0.664931812
P_05709,yciB,0.382710812,0.111514788,0.434767988
P_05710,yciV,0.191791714,0.413650452,0.777632094
P_05711,yciO,0.096480699,0.682992515,0.9096826
P_05712,scpA,0.228789988,0.382878479,0.755840972
P_05713,scpB,0.140722816,0.583030903,0.865508912
P_05714,,0.162153861,0.566789224,0.857228564
P_05715,,0.306684162,0.189747391,0.558916802
P_05716,,0.24181142,0.333508292,0.716340362
P_05717,,-0.241388855,0.311321585,0.697532166
P_00571,,-1.247443476,5.83516E-05,0.003572838
P_05718,,-0.667042614,0.002852552,0.048893765
P_05719,gpmA_2,-0.054240522,0.805642404,0.952558679
P_05720,sohB,-0.152125352,0.515977257,0.830321006
P_05721,,-0.038853303,0.870950306,0.963757813
P_05722,cyoD_2,0.144588805,0.697878699,
P_05723,cyoC_2,-0.677857593,0.150660231,
P_05724,cyoB_2,0.094662409,0.772075184,
P_05725,cyoA_2,0.322015474,0.538285416,
P_05726,,-0.301861598,0.82500945,
P_05727,,0.144132032,0.696044522,
P_00572,dxs_1,-1.519216615,7.58423E-07,9.76797E-05
P_05728,comM,-0.032481748,0.921897926,
P_05729,,-0.115866128,0.641171966,0.894456999
P_05730,gcvA_7,-0.121572788,0.645661659,0.895819575
P_05731,mdtK,-0.382818886,0.150595807,0.500868513
P_05732,ndoR,0.032992276,0.896533369,0.969639056
P_05733,fumA,-0.236660792,0.282307839,0.664931812
P_05734,dctB_3,0.500250621,0.064016106,0.327813807
P_05735,dctD_5,0.283811589,0.263448851,0.645367046
P_05736,amiD_2,-0.602034297,0.410851355,
P_05737,sasA_23,-0.265416656,0.313942229,0.699895316
P_00573,baiA,-0.66854057,0.009552526,0.105246852
P_05738,qseB_2,-0.421874065,0.150318429,0.500837943
P_05739,dsbD,-0.410293346,0.084908044,0.380409729
P_05740,resA_2,-0.256548706,0.360916652,0.736201854
P_05741,dsbG,-0.313949754,0.299008264,
P_05742,,0.247717845,0.36110356,0.736201854
P_05743,purL,0.33786199,0.124642101,0.459563915
P_05744,mltF_4,0.074747155,0.767949398,0.941349197
P_05745,sugE,-0.048104995,0.837621557,0.95614808
P_05746,panS,-0.177063421,0.6054477,
P_05747,rdgC,-0.365103111,0.128657212,0.464284721
P_00574,aroE_1,-0.622773211,0.022178712,0.173264971
P_05752,intA_5,0.162908102,0.638986183,
P_05753,,0.022342837,0.954172377,
P_05754,,0.396123305,0.09341184,0.401621769
P_05755,,0.61785174,0.006957143,0.085196491
P_05757,,-0.086880699,0.731858434,0.930391849
P_05758,yheS,0.248469619,0.274885996,0.657075039
P_05759,,0.468071665,0.096473955,0.407152794
P_05760,rhtB_6,-0.361744782,0.142633469,0.483865582
P_05761,,-0.09371731,0.866564766,
P_05762,,-0.14713117,0.669376084,
P_00057,,0.056354579,0.857336255,
P_00575,fabG_2,-0.159504554,0.527977908,0.83523824
P_05763,rimO_2,0.915666128,0.000116008,0.005777214
P_05764,,0.142604501,0.567354424,0.857228564
P_05765,,0.473954304,0.071323174,0.350805205
P_05766,,-0.900783952,0.001296643,0.029174465
P_05767,,-0.025004222,0.916570481,0.973383778
P_05768,polC_4,0.218165341,0.454459849,0.799823229
P_05769,,-0.565041986,0.148792041,
P_05770,exbD_5,-0.540594982,0.349572428,
P_05771,tolQ_4,-0.329685219,0.508988525,
P_05772,,-0.360716174,0.452150471,
P_00576,,0.07851164,0.750827498,0.935294446
P_05773,dnaB_2,0.346375983,0.13162016,0.467682695
P_05774,rplI,0.4875843,0.053970953,0.295574058
P_05775,,0.681977852,0.009378613,0.103943978
P_05776,rpsR,0.624005006,0.00570234,0.075636278
P_05777,rpsF,0.640150208,0.005828325,0.076650689
P_05778,rlmB,0.264780266,0.241759809,0.618898482
P_05779,rnr,0.210991899,0.333716795,0.716340362
P_05781,sutA,-0.12672967,0.681503386,
P_05782,,0.017489227,0.941429984,0.980872847
P_05783,amtB_3,-0.754071946,0.001511235,0.031889624
P_00577,,-0.209777842,0.593676388,
P_05784,glnK,-0.272502085,0.257278405,0.639528675
P_05785,,0.132444211,0.598901639,0.875466342
P_05786,,-0.258240911,0.323418108,0.706413235
P_05787,,-0.503447535,0.444648934,
P_05788,aroP_2,0.516124601,0.060938024,0.316305602
P_05789,,-0.379619308,0.310617209,
P_05790,,-0.228098502,0.556066451,
P_05792,ykfA,0.156806583,0.510669085,0.829029116
P_05793,,0.151000598,0.50227433,0.829029116
P_05794,,0.161092713,0.778814581,
P_00578,,0.0690276,0.832874353,
P_05795,sotB_3,-0.162756084,0.593629287,0.871542998
P_05796,,0.026808037,0.93236516,
P_05797,rutR_4,0.168593322,0.54866809,0.848250232
P_05798,pcoC,-0.320782753,0.37986799,
P_05799,yebZ,-0.472484165,0.110128158,0.432842079
P_05801,,0.473541065,0.045998163,0.267327791
P_05802,,0.147552222,0.574053747,0.860734943
P_05803,,0.137001086,0.674901398,
P_05805,dinB,0.185022372,0.503320629,0.829029116
P_05806,,0.65704641,0.007661274,0.091130125
P_00579,,0.17889445,0.606907535,
P_05807,,0.026783082,0.908252985,0.97216211
P_05808,,-0.476901347,0.057647006,0.30714917
P_05811,,-1.507228339,0.514707025,
P_00580,,0.258226661,0.393522328,
P_00581,ycaD_1,0.070010837,0.798097792,0.950176016
P_00582,,-0.271213823,0.515594813,
P_00583,proC_1,-0.615919179,0.02558483,0.187739371
P_00584,,-0.27248683,0.348549875,0.727281444
P_00058,,0.326405543,0.527156467,
P_00585,proC_2,-0.533974835,0.06462801,0.328863239
P_00586,,-0.042669945,0.857841279,0.959292568
P_00587,,-0.036266506,0.893580827,0.968478595
P_00588,lvr,-0.32564279,0.279336833,
P_00589,benC,-0.568567484,0.099369092,
P_00590,cbdB,-0.668818102,0.301857458,
P_00591,cbdA,-0.43793516,0.118137294,0.446147927
P_00592,rhaS_1,0.025963531,0.925212327,0.975901734
P_00593,btuD_1,-0.021902949,0.92992781,0.977012762
P_00594,nikA,-0.451018201,0.113719987,0.440009046
P_00059,,0.105933502,0.777508485,
P_00595,gsiC_2,-0.71059981,0.014545422,0.134141114
P_00596,ddpC_2,-0.748391733,0.009167775,0.10288413
P_00597,gsiA_2,-0.776350308,0.002039884,0.039261207
P_00598,,-0.289082042,0.372569531,
P_00599,,-1.014260762,0.344869388,
P_00600,nphR,0.101632118,0.790301214,
P_00601,oxd,0.299326892,0.354861198,
P_00602,,0.137373892,0.766076876,
P_00603,,-0.228156637,0.544823497,
P_00604,nthA,0.132577772,0.780299185,
P_00006,,0.055166233,0.823882181,0.95592068
P_00060,bfpB,-0.370861349,0.188138356,0.555491511
P_00605,nthB,-0.526950163,0.292707018,
P_00606,yciC_1,-0.258819181,0.519879492,
P_00607,,-0.043205373,0.905630478,
P_00608,acsA_1,-0.215742315,0.567110518,
P_00609,slmA_1,0.378791001,0.387505636,
P_00610,,0.016265485,0.947655118,0.981902032
P_00611,dmlR_2,-0.051801624,0.857068217,0.959292568
P_00612,bepF_1,-0.498924591,0.047563892,0.273608258
P_00613,oqxB18,0.523751894,0.088163602,0.387401238
P_00614,oprM_1,0.812585114,0.010642629,0.112606857
P_00061,,0.059923249,0.850058768,
P_00615,,0.961730818,0.157543997,
P_00616,,0.074385013,0.783522856,0.944018666
P_00617,efeU,-0.243042582,0.3171241,0.700706487
P_00618,efeO_1,-0.154897388,0.524134222,0.83523824
P_00619,efeB,-0.174311006,0.476370469,0.818284035
P_00620,efeO_2,-0.285151368,0.289728802,0.672970817
P_00621,pssA,0.324348953,0.164060097,0.521058218
P_00622,nemR_1,-0.413817725,0.132102801,0.4681252
P_00623,,-0.748542929,0.002178256,0.04088334
P_00624,yedZ,-0.134657073,0.611426618,0.881388814
P_00062,,-0.010369124,0.96820452,0.988618514
P_00625,msrP,-0.277544153,0.259869109,0.641938574
P_00626,,-0.015751497,0.946687615,0.981902032
P_00627,ilvC,-0.860015362,0.000161715,0.007105962
P_00628,ilvH,-0.970294505,1.04571E-05,0.000887668
P_00629,ilvI,-0.602655379,0.006515712,0.082216833
P_00630,yqcC,0.307690111,0.296877818,0.678188777
P_00631,,0.229225265,0.321576073,0.705276943
P_00632,mrcB,0.430080426,0.054360377,0.297270875
P_00633,,-0.280179913,0.217370063,0.590456134
P_00634,,0.147893221,0.560762961,0.855620664
P_00063,rapA_1,0.120556879,0.701913321,
P_00635,,-0.195046953,0.45835444,0.802227663
P_00636,hmuV,-0.240439612,0.501942495,
P_00637,hmuU,-0.211706976,0.560721128,
P_00638,hmuT,-0.213127001,0.450139411,0.799100698
P_00639,,0.09216013,0.818651147,
P_00640,sfsA,-0.175177398,0.552907786,
P_00641,aspC_1,-0.039493304,0.868525862,0.963757813
P_00642,dksA_1,0.126874114,0.574448563,0.860854493
P_00643,gluQ,0.007814327,0.977032213,0.992534691
P_00644,,-0.230360627,0.681490505,
P_00064,,0.153659155,0.624114413,
P_00645,sasA_2,0.04554299,0.846089959,0.95787105
P_00646,zraR,0.334902603,0.125941055,0.460492179
P_00647,,-0.593940615,0.007125904,0.086079364
P_00648,pcnB,0.474545269,0.03978075,0.249297148
P_00649,folK_2,0.389515022,0.152018386,0.503805389
P_00650,panB,-0.103118689,0.649938253,0.898963628
P_00651,panC,-0.250285484,0.28496947,0.668148758
P_00652,pgi,-0.2195233,0.318704581,0.700849848
P_00653,acsA_2,-0.504324223,0.03252498,0.217318066
P_00654,rlmI_1,0.293275398,0.34325336,0.724275059
P_00065,topA_1,-0.027579812,0.919949455,0.974233507
P_00655,,0.259535601,0.256237012,0.638327126
P_00656,osmY_2,-1.146766833,1.89816E-07,3.37602E-05
P_00657,pnp,0.344706356,0.115185972,0.44215787
P_00658,rpsO,0.139030255,0.537978149,0.840731542
P_00659,truB,0.620050968,0.011902894,0.119831026
P_00660,rbfA,0.741665909,0.005096941,0.069989241
P_00661,infB,0.494462484,0.036091526,0.2316183
P_00662,nusA,0.506343776,0.026611868,0.193376125
P_00663,rimP,0.501154777,0.026500267,0.192940538
P_00666,tpiA,0.517149543,0.021267532,0.169927665
P_00066,,0.141959318,0.758144537,
P_00667,glmM,0.182045032,0.408602041,0.77507802
P_00668,folP,0.274384468,0.263061759,0.645367046
P_00669,ftsH,-0.094380931,0.669364627,0.904083575
P_00670,rlmE,0.150973472,0.501209967,0.829029116
P_00671,,0.021444836,0.933336359,0.978441527
P_00672,,0.470223606,0.065267713,0.330738326
P_00673,greA_1,0.098962316,0.682064785,0.9096826
P_00674,carB,0.307699501,0.159948588,0.513678396
P_00675,carA,0.452878852,0.048888469,0.278776231
P_00676,dapB,-0.226501171,0.317616086,0.700706487
P_00067,,-0.212628675,0.529663268,
P_00677,dnaJ,-0.259442201,0.241344838,0.618332693
P_00678,dnaK_1,-0.924650417,4.83098E-05,0.003110987
P_00679,grpE,-0.606702561,0.00526244,0.070957453
P_00680,recN,-0.717875295,0.418517386,0.780021176
P_00681,fur,-0.011096538,0.960324539,0.985929674
P_00682,bamE,0.155399457,0.485775678,0.822844516
P_00683,rnfH,0.155132074,0.560409739,0.855620664
P_00684,ratA,-0.039262959,0.885455397,0.967072297
P_00685,smpB,-0.066683199,0.774951768,0.943048187
P_00686,pdhR,0.163719251,0.510847563,0.829029116
P_00068,,-0.537117696,0.348252301,
P_00687,glcA,1.646118289,0.512133429,0.829029116
P_00688,lutA_2,0.020754754,0.930546516,0.977387862
P_00689,,-0.926723474,3.271E-05,0.002262441
P_00691,intA_2,-0.42600153,0.098165391,0.41104006
P_00692,,-0.211395592,0.761968128,
P_00693,,-0.137313299,0.697365562,
P_00694,,-0.491632271,0.524353055,
P_00695,,0.026272568,0.923662855,0.9751226
P_00696,,-0.422248323,0.098372771,0.411447143
P_00697,,0.205998512,0.391211411,0.764212668
P_00069,,-0.259260564,0.571029818,
P_00698,queC_1,-0.243136607,0.338792222,0.720044321
P_00699,,0.084131065,0.733748708,0.931044996
P_00700,,0.000271701,0.999387631,
P_00701,rep_1,-0.166358779,0.480849428,0.819978978
P_00702,rhlE_1,0.031737659,0.88991164,0.967623585
P_00703,,0.324908754,0.162436751,0.517663194
P_00704,,0.14182938,0.523989815,0.83523824
P_00705,rapA_3,0.126797431,0.587166617,0.867376098
P_00706,,0.04066966,0.900295188,
P_00707,ytfF_1,-0.143025904,0.656410616,
P_00007,,0.046501026,0.893971503,
P_00070,,0.322956144,0.516041933,
P_00708,,0.152778958,0.710196845,
P_00709,yecD,-0.36556459,0.282525898,
P_00710,,0.166424066,0.65288297,
P_00711,,0.076815924,0.918764047,
P_00712,,-0.412710782,0.276891083,
P_00713,arnT_1,0.138690978,0.545021067,0.845608645
P_00714,,0.061889003,0.835740393,0.95592068
P_00715,,-0.199379637,0.400743663,0.768518923
P_00716,,0.0325682,0.888879587,0.967623585
P_00717,cheV_1,-0.267231507,0.270217588,0.651978482
P_00071,,-0.120956383,0.764960182,
P_00718,mshD_1,-0.304296856,0.353303126,
P_00719,,0.223067214,0.452074906,0.799100698
P_00720,hisJ_1,0.202420214,0.544461711,
P_00721,,-0.220000727,0.526892648,
P_00722,mdtA_2,-0.019641296,0.958491697,
P_00723,mdtB_1,-0.031348067,0.911974415,0.972832448
P_00724,czcR_1,-0.022886277,0.942260603,
P_00725,sasA_3,0.263452051,0.405910518,
P_00726,oprD_3,0.020113772,0.943056062,0.980872847
P_00727,,-0.191947073,0.539735775,
P_00072,,-0.066454032,0.833020937,
P_00728,lpxC,0.160756712,0.469013483,0.81401736
P_00729,ftsZ,-0.148362109,0.507491607,0.829029116
P_00730,ftsA,0.36705936,0.10243772,0.420444927
P_00731,ftsQ,0.39488744,0.092164771,0.399345032
P_00732,ddl_1,0.379295288,0.10321343,0.422236758
P_00733,murC,0.258069769,0.26177648,0.643961088
P_00734,murG,0.292843166,0.220381323,0.59328101
P_00735,ftsW,0.417532569,0.07184501,0.351373482
P_00736,murD,0.303273651,0.181382838,0.547259289
P_00737,mraY,0.35789493,0.1393551,0.477514952
P_00073,,-0.09032329,0.75785833,0.938289081
P_00738,murF,0.187673712,0.408970922,0.775383956
P_00739,murE,0.170829299,0.451673972,0.799100698
P_00740,ftsI,0.201085379,0.373692426,0.747859959
P_00741,ftsL,-0.059258302,0.855143653,
P_00742,rsmH,0.022524925,0.921283198,0.974233507
P_00743,mraZ,-0.153075283,0.513626271,0.829029116
P_00744,rsmI,0.245452639,0.297741454,0.678915952
P_00745,lpoA,0.50530657,0.023316769,0.178125729
P_00746,,0.210858322,0.44166807,0.793479753
P_00747,gmhA,0.125917949,0.608677343,0.879326369
P_00074,,0.539032492,0.475155787,
P_00748,osmY_3,-0.168131091,0.47095384,0.814695306
P_00749,yiaD,0.316742251,0.148674032,0.498024671
P_00750,gloC,-0.020846458,0.935180307,0.978545531
P_00751,yebS_1,-0.112538979,0.662398912,0.901482938
P_00752,pqiA_1,-0.152657186,0.631513303,
P_00753,pqiB_1,-0.212066658,0.399129346,0.768518923
P_00754,,-0.267594496,0.364804216,
P_00755,malT_1,-0.412719334,0.071634166,0.351120224
P_00756,,-0.342900942,0.210992517,0.582370712
P_00757,,-0.386423881,0.096404829,0.407152794
P_00075,yejK_1,0.087798915,0.820613725,
P_00758,,-0.581572623,0.049849022,0.282388467
P_00759,,-0.379944397,0.61940982,
P_00760,rhtC_1,0.077809542,0.796762454,0.949630302
P_00761,hprA_1,-0.143458808,0.57535227,0.860953817
P_00762,rsmC,-0.073679169,0.772870545,0.943048187
P_00763,mneA,0.197637815,0.503391161,0.829029116
P_00764,loiP,0.006390616,0.97781137,0.992670454
P_00765,,0.093654414,0.741682773,0.934295162
P_00766,,-0.043775729,0.89536642,
P_00767,,-0.255789022,0.378669295,0.751104523
P_00076,,0.069987691,0.893800016,
P_00768,,-0.052034067,0.818167813,0.955510056
P_00769,,-0.202519826,0.356521355,0.733399916
P_00770,,0.822363072,0.343988132,
P_00771,,-0.144142183,0.538813976,0.841333696
P_00772,,-0.111018996,0.753405968,
P_00773,,0.177462482,0.524743793,0.83523824
P_00774,mqo_2,-0.191957622,0.400012507,0.768518923
P_00775,,0.149468515,0.557056833,0.8537576
P_00776,,0.368913708,0.218996288,0.591924707
P_00777,hpt,0.042485328,0.86617249,0.963598777
P_00077,dnaB_1,-0.016441554,0.955794641,
P_00778,upp,-0.033293036,0.898330478,0.970099548
P_00779,uraA,0.227696856,0.369730204,0.746136378
P_00780,hisC_2,-0.193097348,0.416111195,0.779425935
P_00781,hisD,0.071317006,0.756583806,0.937571505
P_00782,hisG,0.28771175,0.217270819,0.590456134
P_00783,murA,0.195341376,0.379303292,0.751962736
P_00784,,0.444659622,0.083016929,0.375878187
P_00785,,-0.036640014,0.881602212,0.966633691
P_00786,mlaC,0.090151451,0.684173628,0.909714667
P_00787,mlaD,0.165823231,0.458803085,0.802574879
P_00078,,-0.039969989,0.96540793,
P_00788,mlaE,0.428432975,0.056709348,0.303887254
P_00789,mlaF,0.2717614,0.246922405,0.62525775
P_00790,kdsD,0.336230074,0.14130285,0.482242379
P_00791,kdsC,0.524123324,0.03303227,0.219529412
P_00792,lptC,0.689340281,0.003848854,0.058436871
P_00793,lptA,0.335730651,0.138122691,0.476477407
P_00794,lptB_1,0.28156688,0.238791928,0.61467116
P_00795,rpoN,0.145405594,0.524863406,0.83523824
P_00796,hpf_1,-0.567639289,0.019455493,0.160766079
P_00797,ptsN,-0.045335091,0.857763714,0.959292568
P_00079,,-0.379984482,0.359952999,
P_00798,rapZ,0.192281417,0.434905923,0.790064991
P_00799,ptsO,0.161160719,0.643753658,
P_00800,zupT,0.150761633,0.62199947,
P_00801,sodB_1,-0.048555407,0.873527586,
P_00802,,-0.177418588,0.672413138,
P_00803,fumC_1,-0.167435375,0.592498463,
P_00804,,-0.131752545,0.771692751,
P_00805,pmbA,-0.640251718,0.003870926,0.058534045
P_00806,,-0.250476121,0.286309655,0.668772083
P_00807,tldD,-0.605193208,0.005885921,0.077136539
P_00008,,-0.332259266,0.556537652,
P_00080,,0.358913627,0.444660009,
P_00808,nit1,-0.450692979,0.041194713,0.255585139
P_00809,,0.027557849,0.904584876,0.971934496
P_00810,rng,0.073636057,0.752487366,0.935673095
P_00811,yhdE,0.14918841,0.56210941,0.855620664
P_00812,mreD,0.307514184,0.286886961,0.669701749
P_00813,mreC,0.602966471,0.009359303,0.103943978
P_00814,mreB,0.574943495,0.009785418,0.106510321
P_00815,gatC,0.15961949,0.51149136,0.829029116
P_00816,gatA_1,0.077822922,0.727345093,0.929081369
P_00817,gatB,-0.00476026,0.983107777,0.992944172
P_00081,,-0.282841447,0.587552928,
P_00818,rlpA_1,-0.038664899,0.93247383,
P_00819,,0.23964844,0.381673331,0.75455983
P_00820,,-0.127987051,0.698917965,
P_00821,,0.163380181,0.564437097,0.855620664
P_00822,garD,0.048055137,0.8524433,0.959292568
P_00823,gudP,0.565275048,0.074941006,
P_00824,aldHT,0.898222061,0.002490917,0.044514704
P_00825,,0.125638268,0.656638916,0.901397631
P_00826,,-0.312942516,0.449143198,
P_00827,,0.269316329,0.559979289,
P_00082,soj_1,-0.289074308,0.365037291,
P_00828,iorA_1,-0.105795541,0.770670229,
P_00829,iorB_1,0.170844542,0.472894089,0.814695306
P_00830,,0.325192708,0.213476098,0.584555152
P_00831,pucA_1,0.132034813,0.58987113,0.868414927
P_00832,,-0.137201152,0.694654651,
P_00833,moaA_1,0.41415707,0.184794239,0.551042925
P_00834,pucB,0.699824189,0.022757691,0.175619788
P_00835,,0.69221625,0.024972448,0.184697214
P_00836,ssuD_1,0.593037787,0.043326992,0.261076964
P_00837,nemA_1,0.178437243,0.829548862,0.95592068
P_00084,ndh,0.106786346,0.653469386,0.901002348
P_00838,aldA,0.016513503,0.942204116,0.980872847
P_00839,,-0.14351685,0.641271129,
P_00840,,-0.122918918,0.680198915,0.909332876
P_00841,,0.254170925,0.631307544,
P_00842,,0.287459548,0.475102763,
P_00843,,-0.566766642,0.140918614,
P_00844,,-0.273815462,0.696554343,
P_00845,,-0.329994309,0.25014004,0.62998857
P_00846,,-0.508304237,0.215473651,
P_00847,,-0.292990115,0.216560598,0.589987965
P_00085,,0.167497619,0.64590448,
P_00848,,-0.391807285,0.131216256,0.467659413
P_00849,oprD_4,-0.230264856,0.300042837,0.68222261
P_00850,,-0.432964433,0.417045666,
P_00851,,0.192316572,0.492316021,0.826798714
P_00852,,0.240426519,0.360400218,0.736201854
P_00853,ohrB_1,0.099688257,0.672918966,0.904083575
P_00854,adhT,0.207888381,0.348023902,0.726995942
P_00855,gabD1,0.731210184,0.352772666,0.72916763
P_00856,namA_1,0.72937901,0.009167929,0.10288413
P_00857,frp,0.947083822,0.001250199,0.028647199
P_00086,,0.122145418,0.636718264,0.890356689
P_00858,,1.022462753,0.001560063,0.032735033
P_00859,hchA_1,1.056101302,0.000456165,0.013851844
P_00860,yqhD,1.337072489,1.02539E-05,0.000887668
P_00861,nemR_2,1.119963293,5.48851E-06,0.000512489
P_00862,,0.526778034,0.053428741,0.29389742
P_00863,,0.173705879,0.514896288,0.830290376
P_00864,,0.209817689,0.746535512,
P_00865,intA_3,0.285941294,0.556647814,
P_00866,,0.070881483,0.810585355,
P_00867,aaeB_1,0.468820512,0.078123803,0.36622532
P_00087,,0.332120544,0.218939444,0.591924707
P_00868,proP_1,0.051951102,0.912167306,
P_00869,naiP_1,0.230946936,0.634020956,
P_00870,,0.161284428,0.501148346,0.829029116
P_00871,pcaJ,0.204403162,0.429066264,0.785671047
P_00872,pcaI,-0.029653703,0.932756837,
P_00873,hcaR_1,0.059885839,0.832713412,0.95592068
P_00874,yjhB,0.226289437,0.394614131,0.764969232
P_00875,carC,-0.660560375,0.018569811,0.156919107
P_00876,tsaQ1,-0.884439694,0.001137908,0.026484891
P_00877,paaF,-0.921137502,0.014619759,
P_00088,,0.488814192,0.105194773,
P_00878,paaH,-0.769786386,0.006251577,0.07996452
P_00879,paaJ,-0.430786346,0.127680317,0.462789634
P_00880,uctC_1,0.068237568,0.813529382,0.954536593
P_00881,,0.203665998,0.665250557,
P_00882,,-0.149288215,0.562473064,0.855620664
P_00883,ytfF_2,0.124836723,0.699429178,
P_00884,gcvA_1,0.010410423,0.966595633,0.988293099
P_00885,,0.034391111,0.928421586,
P_00886,,-0.211646035,0.455819574,0.800028181
P_00887,,-0.065997702,0.827597993,
P_00089,yacG,0.111323559,0.724096994,
P_00888,,-0.209880211,0.483880089,0.821333904
P_00889,,0.452366429,0.122974343,0.45629892
P_00890,traC_2,0.104463489,0.687828806,0.911653865
P_00891,,0.019439727,0.954982787,
P_00892,,0.706651766,0.013907051,0.131478908
P_00893,,0.355099034,0.261590466,
P_00894,,0.251306049,0.741655376,
P_00895,,-0.125691653,0.760692099,
P_00896,,0.714877385,0.246653802,
P_00897,,0.057462475,0.871684269,
P_00090,coaE,0.192694444,0.443730782,0.795647849
P_00898,,-0.012587659,0.961391011,0.986211323
P_00899,,0.170156748,0.808722728,
P_00900,,-0.051520973,0.879421517,
P_00901,,-0.586901583,0.359252971,
P_00902,,-0.037875448,0.967440031,
P_00903,,-0.553060886,0.631034872,
P_00904,,-0.146642644,0.905309103,
P_00905,,-0.305500508,0.666124501,
P_00906,,0.483310837,0.45269019,
P_00907,,-0.254143201,0.341317355,0.722277802
P_00009,,0.013394973,0.958520178,0.984352242
P_00091,outO,-0.118902458,0.682937172,0.9096826
P_00908,,-0.459312102,0.105042621,0.424925304
P_00909,,-0.199126482,0.480753077,0.819978978
P_00910,,0.041093392,0.935193703,
P_00911,,-0.452936342,0.319707609,
P_00912,,-0.387910889,0.314650417,
P_00913,,0.079919328,0.909609524,
P_00914,,0.091654477,0.876823913,
P_00915,,-0.315480064,0.565114913,
P_00916,,-0.594928633,0.41837863,
P_00917,,-0.512794276,0.46312229,
P_00092,epsF_1,0.209270103,0.42877496,0.785671047
P_00918,,-0.166884661,0.625834835,
P_00919,topB_2,0.174622589,0.564033559,
P_00920,,-0.139194595,0.680578732,
P_00921,,0.183723911,0.868335289,
P_00922,,-0.161365582,0.844746755,
P_00923,,-0.332561206,0.312294692,
P_00924,,0.143845411,0.709623306,
P_00925,,-0.080136824,0.774364943,0.943048187
P_00926,,0.589783963,0.56157421,
P_00927,soj_2,0.263098103,0.405640738,
P_00093,pilA,0.144738132,0.589628495,0.868414927
P_00928,,0.457064453,0.451204993,
P_00929,,0.58022567,0.153174111,
P_00930,,0.058306412,0.895300304,
P_00931,gcvA_2,0.435879067,0.144468263,
P_00932,glnH_2,0.374004767,0.356781263,
P_00933,artQ_2,1.121972194,0.014100687,
P_00934,yecS_2,-0.093187163,0.879601477,
P_00935,tcyN_1,0.12015664,0.853616198,
P_00936,cdhR_3,0.579115052,0.093898997,
P_00937,fabB_1,0.13293812,0.625088823,0.88374464
P_00095,,-0.239298753,0.345584425,0.725960533
P_00938,,-0.616853712,0.543390174,
P_00939,,-0.462834834,0.139264262,
P_00940,lamB,-0.252095055,0.56042706,
P_00941,treA,-0.651151999,0.082331183,
P_00942,treP,-0.997561262,0.000624988,0.017819307
P_00943,treR,0.334537913,0.245167208,0.623649654
P_00944,neo,0.344403912,0.30992887,
P_00945,pgrR_2,-0.078823316,0.780697455,0.943048187
P_00946,fabG_3,-0.009608485,0.970590833,0.988729099
P_00947,trkI_1,-0.005034324,0.988463212,
P_00096,nadC,0.047432524,0.838729438,0.956526838
P_00948,guaA,0.265191401,0.245318259,0.623649654
P_00949,guaB_2,0.38371318,0.080346291,0.369304432
P_00950,,0.142787478,0.634585168,
P_00951,,-1.280373168,0.000778374,
P_00952,catM_1,-0.283672242,0.386126942,
P_00953,xseA,-0.09696434,0.686527804,0.910575762
P_00954,,0.212767941,0.44037455,0.793056386
P_00955,,0.134817092,0.604967858,0.876589947
P_00956,,0.014105793,0.956248828,0.984352242
P_00957,leuA,-0.209109239,0.366155865,0.742046748
P_00097,,-0.039062214,0.885852134,0.967072297
P_00958,yafV,-0.356115398,0.161116146,0.515654504
P_00959,ybdL,-0.037738237,0.88394603,0.966633691
P_00960,der_1,0.324873593,0.14499032,0.488499421
P_00961,,-0.057557792,0.939739541,
P_00962,bamB,0.251672738,0.251345115,0.631320783
P_00963,,0.335168301,0.134355702,0.471595094
P_00964,hisS,0.37365996,0.098581039,0.411857023
P_00965,ispG,0.465028843,0.035407248,0.228404269
P_00966,rodZ,0.568649842,0.01218985,0.121006161
P_00967,ycf3_1,0.691828367,0.003024545,0.049371326
P_00098,ampD,-0.074475517,0.78029575,0.943048187
P_00968,rlmN,0.40025539,0.072922165,0.353719853
P_00969,ndk,0.332457573,0.130101624,0.467298002
P_00970,iscX,-0.067466452,0.833577697,
P_00971,fdx_1,0.076307396,0.771030648,0.942959879
P_00972,hscA,0.221136308,0.324581071,0.708125175
P_00973,hscB,-0.044178992,0.846901534,0.958248177
P_00974,iscA,-0.166753006,0.455616987,0.800028181
P_00975,iscU,-0.271078186,0.22629712,0.599446625
P_00976,iscS_1,-0.431737375,0.050328018,0.283436025
P_00977,iscR,-0.396501651,0.078924007,0.36622532
P_00099,,-0.07180419,0.776218571,0.943048187
P_00978,cysE,0.27298665,0.245697641,0.623649654
P_00979,trmJ,0.305207214,0.204234481,0.578469151
P_00980,suhB,0.465633784,0.065185488,0.330738326
P_00981,,0.193986794,0.371170386,0.746136378
P_00982,secF,0.293719121,0.195489915,0.563826127
P_00983,secD,0.428235977,0.056213164,0.303353261
P_00984,yajC,0.159685472,0.510043482,0.829029116
P_00985,tgt,0.4912877,0.029484241,0.206999327
P_00986,queA,0.76667783,0.001069093,0.02543353
P_00988,,-0.403505812,0.24518841,
P_00100,,0.180515775,0.550220584,0.848853318
P_00989,,-0.221622314,0.632729848,
P_00990,,0.442906986,0.639683649,
P_00991,,-0.209376173,0.558192486,
P_00992,,0.100825097,0.886594154,
P_00993,,0.177816647,0.723375788,
P_00994,,0.017915732,0.95973044,
P_00995,,-0.167311506,0.571207318,0.858880568
P_00996,,0.405698694,0.114493181,0.440857763
P_00997,,0.273768251,0.541587763,
P_00998,argO_1,0.188567375,0.692223253,
P_00101,,-0.06805502,0.888886109,
P_00999,,-0.632086766,0.077759782,
P_01000,,0.342948102,0.220414458,0.59328101
P_01001,rhtB_2,0.190538021,0.566177626,
P_01002,,-0.453943081,0.227512152,
P_01003,,0.130848979,0.789741187,
P_01004,,-0.310399426,0.316656896,
P_01005,,-0.234353384,0.484962114,
P_01006,dctD_2,0.114706259,0.702986898,
P_01007,,0.227868814,0.338889438,0.720044321
P_01008,cph1,-0.012009831,0.957988784,0.984352242